diagnostic_id,record_id,topic,tier_name,expected_stage,expected_result,technical_explanation
DMLL-SEMANTIC_VALIDATION-00016,EX-DMLL-00016,fact,basic_syntax,semantic_validation,fail_as_expected,"This beginner Logic Functional Language (DeepML) example teaches fact. It preserves the corpus-derived source → AST → typed/policy-verified semantic record → R12 → MCRT trace and uses deterministic IDs, hashes, provenance, and no-network safety. The example is intentionally invalid and must be rejected at semantic validation."
DMLL-SEMANTIC_VALIDATION-00043,EX-DMLL-00043,immutable_value,basic_syntax,semantic_validation,fail_as_expected,"This beginner Logic Functional Language (DeepML) example teaches immutable value. It preserves the corpus-derived source → AST → typed/policy-verified semantic record → R12 → MCRT trace and uses deterministic IDs, hashes, provenance, and no-network safety. The example is intentionally invalid and must be rejected at semantic validation."
DMLL-SEMANTIC_VALIDATION-00070,EX-DMLL-00070,lambda,basic_syntax,semantic_validation,fail_as_expected,"This beginner Logic Functional Language (DeepML) example teaches lambda. It preserves the corpus-derived source → AST → typed/policy-verified semantic record → R12 → MCRT trace and uses deterministic IDs, hashes, provenance, and no-network safety. The example is intentionally invalid and must be rejected at semantic validation."
DMLL-SEMANTIC_VALIDATION-00089,EX-DMLL-00089,pattern_match,basic_syntax,semantic_validation,fail_as_expected,"This beginner Logic Functional Language (DeepML) example teaches pattern match. It preserves the corpus-derived source → AST → typed/policy-verified semantic record → R12 → MCRT trace and uses deterministic IDs, hashes, provenance, and no-network safety. The example is intentionally invalid and must be rejected at semantic validation."
DMLL-SEMANTIC_VALIDATION-00097,EX-DMLL-00097,pattern_match,basic_syntax,semantic_validation,fail_as_expected,"This beginner Logic Functional Language (DeepML) example teaches pattern match. It preserves the corpus-derived source → AST → typed/policy-verified semantic record → R12 → MCRT trace and uses deterministic IDs, hashes, provenance, and no-network safety. The example is intentionally invalid and must be rejected at semantic validation."
DMLL-SEMANTIC_VALIDATION-00116,EX-DMLL-00116,algebraic_data_type,basic_syntax,semantic_validation,fail_as_expected,"This beginner Logic Functional Language (DeepML) example teaches algebraic data type. It preserves the corpus-derived source → AST → typed/policy-verified semantic record → R12 → MCRT trace and uses deterministic IDs, hashes, provenance, and no-network safety. The example is intentionally invalid and must be rejected at semantic validation."
DMLL-SEMANTIC_VALIDATION-00143,EX-DMLL-00143,predicate,basic_syntax,semantic_validation,fail_as_expected,"This beginner Logic Functional Language (DeepML) example teaches predicate. It preserves the corpus-derived source → AST → typed/policy-verified semantic record → R12 → MCRT trace and uses deterministic IDs, hashes, provenance, and no-network safety. The example is intentionally invalid and must be rejected at semantic validation."
DMLL-SEMANTIC_VALIDATION-00170,EX-DMLL-00170,expression,basic_syntax,semantic_validation,fail_as_expected,"This beginner Logic Functional Language (DeepML) example teaches expression. It preserves the corpus-derived source → AST → typed/policy-verified semantic record → R12 → MCRT trace and uses deterministic IDs, hashes, provenance, and no-network safety. The example is intentionally invalid and must be rejected at semantic validation."
DMLL-SEMANTIC_VALIDATION-00189,EX-DMLL-00189,pure_function,basic_syntax,semantic_validation,fail_as_expected,"This beginner Logic Functional Language (DeepML) example teaches pure function. It preserves the corpus-derived source → AST → typed/policy-verified semantic record → R12 → MCRT trace and uses deterministic IDs, hashes, provenance, and no-network safety. The example is intentionally invalid and must be rejected at semantic validation."
DMLL-SEMANTIC_VALIDATION-00197,EX-DMLL-00197,pure_function,basic_syntax,semantic_validation,fail_as_expected,"This beginner Logic Functional Language (DeepML) example teaches pure function. It preserves the corpus-derived source → AST → typed/policy-verified semantic record → R12 → MCRT trace and uses deterministic IDs, hashes, provenance, and no-network safety. The example is intentionally invalid and must be rejected at semantic validation."
DMLL-SEMANTIC_VALIDATION-00216,EX-DMLL-00216,fact,basic_syntax,semantic_validation,fail_as_expected,"This beginner Logic Functional Language (DeepML) example teaches fact. It preserves the corpus-derived source → AST → typed/policy-verified semantic record → R12 → MCRT trace and uses deterministic IDs, hashes, provenance, and no-network safety. The example is intentionally invalid and must be rejected at semantic validation."
DMLL-SEMANTIC_VALIDATION-00243,EX-DMLL-00243,immutable_value,basic_syntax,semantic_validation,fail_as_expected,"This beginner Logic Functional Language (DeepML) example teaches immutable value. It preserves the corpus-derived source → AST → typed/policy-verified semantic record → R12 → MCRT trace and uses deterministic IDs, hashes, provenance, and no-network safety. The example is intentionally invalid and must be rejected at semantic validation."
DMLL-SEMANTIC_VALIDATION-00270,EX-DMLL-00270,lambda,basic_syntax,semantic_validation,fail_as_expected,"This beginner Logic Functional Language (DeepML) example teaches lambda. It preserves the corpus-derived source → AST → typed/policy-verified semantic record → R12 → MCRT trace and uses deterministic IDs, hashes, provenance, and no-network safety. The example is intentionally invalid and must be rejected at semantic validation."
DMLL-SEMANTIC_VALIDATION-00289,EX-DMLL-00289,pattern_match,basic_syntax,semantic_validation,fail_as_expected,"This beginner Logic Functional Language (DeepML) example teaches pattern match. It preserves the corpus-derived source → AST → typed/policy-verified semantic record → R12 → MCRT trace and uses deterministic IDs, hashes, provenance, and no-network safety. The example is intentionally invalid and must be rejected at semantic validation."
DMLL-SEMANTIC_VALIDATION-00297,EX-DMLL-00297,pattern_match,basic_syntax,semantic_validation,fail_as_expected,"This beginner Logic Functional Language (DeepML) example teaches pattern match. It preserves the corpus-derived source → AST → typed/policy-verified semantic record → R12 → MCRT trace and uses deterministic IDs, hashes, provenance, and no-network safety. The example is intentionally invalid and must be rejected at semantic validation."
DMLL-SEMANTIC_VALIDATION-00316,EX-DMLL-00316,algebraic_data_type,basic_syntax,semantic_validation,fail_as_expected,"This beginner Logic Functional Language (DeepML) example teaches algebraic data type. It preserves the corpus-derived source → AST → typed/policy-verified semantic record → R12 → MCRT trace and uses deterministic IDs, hashes, provenance, and no-network safety. The example is intentionally invalid and must be rejected at semantic validation."
DMLL-SEMANTIC_VALIDATION-00343,EX-DMLL-00343,predicate,basic_syntax,semantic_validation,fail_as_expected,"This beginner Logic Functional Language (DeepML) example teaches predicate. It preserves the corpus-derived source → AST → typed/policy-verified semantic record → R12 → MCRT trace and uses deterministic IDs, hashes, provenance, and no-network safety. The example is intentionally invalid and must be rejected at semantic validation."
DMLL-SEMANTIC_VALIDATION-00370,EX-DMLL-00370,expression,basic_syntax,semantic_validation,fail_as_expected,"This beginner Logic Functional Language (DeepML) example teaches expression. It preserves the corpus-derived source → AST → typed/policy-verified semantic record → R12 → MCRT trace and uses deterministic IDs, hashes, provenance, and no-network safety. The example is intentionally invalid and must be rejected at semantic validation."
DMLL-SEMANTIC_VALIDATION-00389,EX-DMLL-00389,pure_function,basic_syntax,semantic_validation,fail_as_expected,"This beginner Logic Functional Language (DeepML) example teaches pure function. It preserves the corpus-derived source → AST → typed/policy-verified semantic record → R12 → MCRT trace and uses deterministic IDs, hashes, provenance, and no-network safety. The example is intentionally invalid and must be rejected at semantic validation."
DMLL-SEMANTIC_VALIDATION-00397,EX-DMLL-00397,pure_function,basic_syntax,semantic_validation,fail_as_expected,"This beginner Logic Functional Language (DeepML) example teaches pure function. It preserves the corpus-derived source → AST → typed/policy-verified semantic record → R12 → MCRT trace and uses deterministic IDs, hashes, provenance, and no-network safety. The example is intentionally invalid and must be rejected at semantic validation."
DMLL-SEMANTIC_VALIDATION-00416,EX-DMLL-00416,fact,basic_syntax,semantic_validation,fail_as_expected,"This beginner Logic Functional Language (DeepML) example teaches fact. It preserves the corpus-derived source → AST → typed/policy-verified semantic record → R12 → MCRT trace and uses deterministic IDs, hashes, provenance, and no-network safety. The example is intentionally invalid and must be rejected at semantic validation."
DMLL-SEMANTIC_VALIDATION-00443,EX-DMLL-00443,immutable_value,basic_syntax,semantic_validation,fail_as_expected,"This beginner Logic Functional Language (DeepML) example teaches immutable value. It preserves the corpus-derived source → AST → typed/policy-verified semantic record → R12 → MCRT trace and uses deterministic IDs, hashes, provenance, and no-network safety. The example is intentionally invalid and must be rejected at semantic validation."
DMLL-SEMANTIC_VALIDATION-00470,EX-DMLL-00470,lambda,basic_syntax,semantic_validation,fail_as_expected,"This beginner Logic Functional Language (DeepML) example teaches lambda. It preserves the corpus-derived source → AST → typed/policy-verified semantic record → R12 → MCRT trace and uses deterministic IDs, hashes, provenance, and no-network safety. The example is intentionally invalid and must be rejected at semantic validation."
DMLL-SEMANTIC_VALIDATION-00489,EX-DMLL-00489,pattern_match,basic_syntax,semantic_validation,fail_as_expected,"This beginner Logic Functional Language (DeepML) example teaches pattern match. It preserves the corpus-derived source → AST → typed/policy-verified semantic record → R12 → MCRT trace and uses deterministic IDs, hashes, provenance, and no-network safety. The example is intentionally invalid and must be rejected at semantic validation."
DMLL-SEMANTIC_VALIDATION-00497,EX-DMLL-00497,pattern_match,basic_syntax,semantic_validation,fail_as_expected,"This beginner Logic Functional Language (DeepML) example teaches pattern match. It preserves the corpus-derived source → AST → typed/policy-verified semantic record → R12 → MCRT trace and uses deterministic IDs, hashes, provenance, and no-network safety. The example is intentionally invalid and must be rejected at semantic validation."
DMLL-SEMANTIC_VALIDATION-00516,EX-DMLL-00516,algebraic_data_type,basic_syntax,semantic_validation,fail_as_expected,"This beginner Logic Functional Language (DeepML) example teaches algebraic data type. It preserves the corpus-derived source → AST → typed/policy-verified semantic record → R12 → MCRT trace and uses deterministic IDs, hashes, provenance, and no-network safety. The example is intentionally invalid and must be rejected at semantic validation."
DMLL-SEMANTIC_VALIDATION-00543,EX-DMLL-00543,predicate,basic_syntax,semantic_validation,fail_as_expected,"This beginner Logic Functional Language (DeepML) example teaches predicate. It preserves the corpus-derived source → AST → typed/policy-verified semantic record → R12 → MCRT trace and uses deterministic IDs, hashes, provenance, and no-network safety. The example is intentionally invalid and must be rejected at semantic validation."
DMLL-SEMANTIC_VALIDATION-00570,EX-DMLL-00570,expression,basic_syntax,semantic_validation,fail_as_expected,"This beginner Logic Functional Language (DeepML) example teaches expression. It preserves the corpus-derived source → AST → typed/policy-verified semantic record → R12 → MCRT trace and uses deterministic IDs, hashes, provenance, and no-network safety. The example is intentionally invalid and must be rejected at semantic validation."
DMLL-SEMANTIC_VALIDATION-00589,EX-DMLL-00589,pure_function,basic_syntax,semantic_validation,fail_as_expected,"This beginner Logic Functional Language (DeepML) example teaches pure function. It preserves the corpus-derived source → AST → typed/policy-verified semantic record → R12 → MCRT trace and uses deterministic IDs, hashes, provenance, and no-network safety. The example is intentionally invalid and must be rejected at semantic validation."
DMLL-SEMANTIC_VALIDATION-00597,EX-DMLL-00597,pure_function,basic_syntax,semantic_validation,fail_as_expected,"This beginner Logic Functional Language (DeepML) example teaches pure function. It preserves the corpus-derived source → AST → typed/policy-verified semantic record → R12 → MCRT trace and uses deterministic IDs, hashes, provenance, and no-network safety. The example is intentionally invalid and must be rejected at semantic validation."
DMLL-SEMANTIC_VALIDATION-00616,EX-DMLL-00616,fact,basic_syntax,semantic_validation,fail_as_expected,"This beginner Logic Functional Language (DeepML) example teaches fact. It preserves the corpus-derived source → AST → typed/policy-verified semantic record → R12 → MCRT trace and uses deterministic IDs, hashes, provenance, and no-network safety. The example is intentionally invalid and must be rejected at semantic validation."
DMLL-SEMANTIC_VALIDATION-00643,EX-DMLL-00643,immutable_value,basic_syntax,semantic_validation,fail_as_expected,"This beginner Logic Functional Language (DeepML) example teaches immutable value. It preserves the corpus-derived source → AST → typed/policy-verified semantic record → R12 → MCRT trace and uses deterministic IDs, hashes, provenance, and no-network safety. The example is intentionally invalid and must be rejected at semantic validation."
DMLL-SEMANTIC_VALIDATION-00670,EX-DMLL-00670,lambda,basic_syntax,semantic_validation,fail_as_expected,"This beginner Logic Functional Language (DeepML) example teaches lambda. It preserves the corpus-derived source → AST → typed/policy-verified semantic record → R12 → MCRT trace and uses deterministic IDs, hashes, provenance, and no-network safety. The example is intentionally invalid and must be rejected at semantic validation."
DMLL-SEMANTIC_VALIDATION-00689,EX-DMLL-00689,pattern_match,basic_syntax,semantic_validation,fail_as_expected,"This beginner Logic Functional Language (DeepML) example teaches pattern match. It preserves the corpus-derived source → AST → typed/policy-verified semantic record → R12 → MCRT trace and uses deterministic IDs, hashes, provenance, and no-network safety. The example is intentionally invalid and must be rejected at semantic validation."
DMLL-SEMANTIC_VALIDATION-00697,EX-DMLL-00697,pattern_match,basic_syntax,semantic_validation,fail_as_expected,"This beginner Logic Functional Language (DeepML) example teaches pattern match. It preserves the corpus-derived source → AST → typed/policy-verified semantic record → R12 → MCRT trace and uses deterministic IDs, hashes, provenance, and no-network safety. The example is intentionally invalid and must be rejected at semantic validation."
DMLL-SEMANTIC_VALIDATION-00716,EX-DMLL-00716,algebraic_data_type,basic_syntax,semantic_validation,fail_as_expected,"This beginner Logic Functional Language (DeepML) example teaches algebraic data type. It preserves the corpus-derived source → AST → typed/policy-verified semantic record → R12 → MCRT trace and uses deterministic IDs, hashes, provenance, and no-network safety. The example is intentionally invalid and must be rejected at semantic validation."
DMLL-SEMANTIC_VALIDATION-00743,EX-DMLL-00743,predicate,basic_syntax,semantic_validation,fail_as_expected,"This beginner Logic Functional Language (DeepML) example teaches predicate. It preserves the corpus-derived source → AST → typed/policy-verified semantic record → R12 → MCRT trace and uses deterministic IDs, hashes, provenance, and no-network safety. The example is intentionally invalid and must be rejected at semantic validation."
DMLL-SEMANTIC_VALIDATION-00770,EX-DMLL-00770,expression,basic_syntax,semantic_validation,fail_as_expected,"This beginner Logic Functional Language (DeepML) example teaches expression. It preserves the corpus-derived source → AST → typed/policy-verified semantic record → R12 → MCRT trace and uses deterministic IDs, hashes, provenance, and no-network safety. The example is intentionally invalid and must be rejected at semantic validation."
DMLL-SEMANTIC_VALIDATION-00789,EX-DMLL-00789,pure_function,basic_syntax,semantic_validation,fail_as_expected,"This beginner Logic Functional Language (DeepML) example teaches pure function. It preserves the corpus-derived source → AST → typed/policy-verified semantic record → R12 → MCRT trace and uses deterministic IDs, hashes, provenance, and no-network safety. The example is intentionally invalid and must be rejected at semantic validation."
DMLL-SEMANTIC_VALIDATION-00797,EX-DMLL-00797,pure_function,basic_syntax,semantic_validation,fail_as_expected,"This beginner Logic Functional Language (DeepML) example teaches pure function. It preserves the corpus-derived source → AST → typed/policy-verified semantic record → R12 → MCRT trace and uses deterministic IDs, hashes, provenance, and no-network safety. The example is intentionally invalid and must be rejected at semantic validation."
DMLL-SEMANTIC_VALIDATION-00816,EX-DMLL-00816,fact,basic_syntax,semantic_validation,fail_as_expected,"This beginner Logic Functional Language (DeepML) example teaches fact. It preserves the corpus-derived source → AST → typed/policy-verified semantic record → R12 → MCRT trace and uses deterministic IDs, hashes, provenance, and no-network safety. The example is intentionally invalid and must be rejected at semantic validation."
DMLL-SEMANTIC_VALIDATION-00843,EX-DMLL-00843,immutable_value,basic_syntax,semantic_validation,fail_as_expected,"This beginner Logic Functional Language (DeepML) example teaches immutable value. It preserves the corpus-derived source → AST → typed/policy-verified semantic record → R12 → MCRT trace and uses deterministic IDs, hashes, provenance, and no-network safety. The example is intentionally invalid and must be rejected at semantic validation."
DMLL-SEMANTIC_VALIDATION-00870,EX-DMLL-00870,lambda,basic_syntax,semantic_validation,fail_as_expected,"This beginner Logic Functional Language (DeepML) example teaches lambda. It preserves the corpus-derived source → AST → typed/policy-verified semantic record → R12 → MCRT trace and uses deterministic IDs, hashes, provenance, and no-network safety. The example is intentionally invalid and must be rejected at semantic validation."
DMLL-SEMANTIC_VALIDATION-00889,EX-DMLL-00889,pattern_match,basic_syntax,semantic_validation,fail_as_expected,"This beginner Logic Functional Language (DeepML) example teaches pattern match. It preserves the corpus-derived source → AST → typed/policy-verified semantic record → R12 → MCRT trace and uses deterministic IDs, hashes, provenance, and no-network safety. The example is intentionally invalid and must be rejected at semantic validation."
DMLL-SEMANTIC_VALIDATION-00897,EX-DMLL-00897,pattern_match,basic_syntax,semantic_validation,fail_as_expected,"This beginner Logic Functional Language (DeepML) example teaches pattern match. It preserves the corpus-derived source → AST → typed/policy-verified semantic record → R12 → MCRT trace and uses deterministic IDs, hashes, provenance, and no-network safety. The example is intentionally invalid and must be rejected at semantic validation."
DMLL-SEMANTIC_VALIDATION-00916,EX-DMLL-00916,algebraic_data_type,basic_syntax,semantic_validation,fail_as_expected,"This beginner Logic Functional Language (DeepML) example teaches algebraic data type. It preserves the corpus-derived source → AST → typed/policy-verified semantic record → R12 → MCRT trace and uses deterministic IDs, hashes, provenance, and no-network safety. The example is intentionally invalid and must be rejected at semantic validation."
DMLL-SEMANTIC_VALIDATION-00943,EX-DMLL-00943,predicate,basic_syntax,semantic_validation,fail_as_expected,"This beginner Logic Functional Language (DeepML) example teaches predicate. It preserves the corpus-derived source → AST → typed/policy-verified semantic record → R12 → MCRT trace and uses deterministic IDs, hashes, provenance, and no-network safety. The example is intentionally invalid and must be rejected at semantic validation."
DMLL-SEMANTIC_VALIDATION-00970,EX-DMLL-00970,expression,basic_syntax,semantic_validation,fail_as_expected,"This beginner Logic Functional Language (DeepML) example teaches expression. It preserves the corpus-derived source → AST → typed/policy-verified semantic record → R12 → MCRT trace and uses deterministic IDs, hashes, provenance, and no-network safety. The example is intentionally invalid and must be rejected at semantic validation."
DMLL-SEMANTIC_VALIDATION-00989,EX-DMLL-00989,pure_function,basic_syntax,semantic_validation,fail_as_expected,"This beginner Logic Functional Language (DeepML) example teaches pure function. It preserves the corpus-derived source → AST → typed/policy-verified semantic record → R12 → MCRT trace and uses deterministic IDs, hashes, provenance, and no-network safety. The example is intentionally invalid and must be rejected at semantic validation."
DMLL-SEMANTIC_VALIDATION-00997,EX-DMLL-00997,pure_function,basic_syntax,semantic_validation,fail_as_expected,"This beginner Logic Functional Language (DeepML) example teaches pure function. It preserves the corpus-derived source → AST → typed/policy-verified semantic record → R12 → MCRT trace and uses deterministic IDs, hashes, provenance, and no-network safety. The example is intentionally invalid and must be rejected at semantic validation."
DMLL-SEMANTIC_VALIDATION-01005,EX-DMLL-01005,higher_order_function,intermediate_constructs,semantic_validation,fail_as_expected,"This intermediate Logic Functional Language (DeepML) example teaches higher order function. It preserves the corpus-derived source → AST → typed/policy-verified semantic record → R12 → MCRT trace and uses deterministic IDs, hashes, provenance, and no-network safety. The example is intentionally invalid and must be rejected at semantic validation."
DMLL-SEMANTIC_VALIDATION-01013,EX-DMLL-01013,fold,intermediate_constructs,semantic_validation,fail_as_expected,"This intermediate Logic Functional Language (DeepML) example teaches fold. It preserves the corpus-derived source → AST → typed/policy-verified semantic record → R12 → MCRT trace and uses deterministic IDs, hashes, provenance, and no-network safety. The example is intentionally invalid and must be rejected at semantic validation."
DMLL-SEMANTIC_VALIDATION-01032,EX-DMLL-01032,higher_order_function,intermediate_constructs,semantic_validation,fail_as_expected,"This intermediate Logic Functional Language (DeepML) example teaches higher order function. It preserves the corpus-derived source → AST → typed/policy-verified semantic record → R12 → MCRT trace and uses deterministic IDs, hashes, provenance, and no-network safety. The example is intentionally invalid and must be rejected at semantic validation."
DMLL-SEMANTIC_VALIDATION-01040,EX-DMLL-01040,fold,intermediate_constructs,semantic_validation,fail_as_expected,"This intermediate Logic Functional Language (DeepML) example teaches fold. It preserves the corpus-derived source → AST → typed/policy-verified semantic record → R12 → MCRT trace and uses deterministic IDs, hashes, provenance, and no-network safety. The example is intentionally invalid and must be rejected at semantic validation."
DMLL-SEMANTIC_VALIDATION-01051,EX-DMLL-01051,recursion,intermediate_constructs,semantic_validation,fail_as_expected,"This intermediate Logic Functional Language (DeepML) example teaches recursion. It preserves the corpus-derived source → AST → typed/policy-verified semantic record → R12 → MCRT trace and uses deterministic IDs, hashes, provenance, and no-network safety. The example is intentionally invalid and must be rejected at semantic validation."
DMLL-SEMANTIC_VALIDATION-01059,EX-DMLL-01059,higher_order_function,intermediate_constructs,semantic_validation,fail_as_expected,"This intermediate Logic Functional Language (DeepML) example teaches higher order function. It preserves the corpus-derived source → AST → typed/policy-verified semantic record → R12 → MCRT trace and uses deterministic IDs, hashes, provenance, and no-network safety. The example is intentionally invalid and must be rejected at semantic validation."
DMLL-SEMANTIC_VALIDATION-01067,EX-DMLL-01067,fold,intermediate_constructs,semantic_validation,fail_as_expected,"This intermediate Logic Functional Language (DeepML) example teaches fold. It preserves the corpus-derived source → AST → typed/policy-verified semantic record → R12 → MCRT trace and uses deterministic IDs, hashes, provenance, and no-network safety. The example is intentionally invalid and must be rejected at semantic validation."
DMLL-SEMANTIC_VALIDATION-01078,EX-DMLL-01078,recursion,intermediate_constructs,semantic_validation,fail_as_expected,"This intermediate Logic Functional Language (DeepML) example teaches recursion. It preserves the corpus-derived source → AST → typed/policy-verified semantic record → R12 → MCRT trace and uses deterministic IDs, hashes, provenance, and no-network safety. The example is intentionally invalid and must be rejected at semantic validation."
DMLL-SEMANTIC_VALIDATION-01086,EX-DMLL-01086,higher_order_function,intermediate_constructs,semantic_validation,fail_as_expected,"This intermediate Logic Functional Language (DeepML) example teaches higher order function. It preserves the corpus-derived source → AST → typed/policy-verified semantic record → R12 → MCRT trace and uses deterministic IDs, hashes, provenance, and no-network safety. The example is intentionally invalid and must be rejected at semantic validation."
DMLL-SEMANTIC_VALIDATION-01094,EX-DMLL-01094,fold,intermediate_constructs,semantic_validation,fail_as_expected,"This intermediate Logic Functional Language (DeepML) example teaches fold. It preserves the corpus-derived source → AST → typed/policy-verified semantic record → R12 → MCRT trace and uses deterministic IDs, hashes, provenance, and no-network safety. The example is intentionally invalid and must be rejected at semantic validation."
DMLL-SEMANTIC_VALIDATION-01105,EX-DMLL-01105,recursion,intermediate_constructs,semantic_validation,fail_as_expected,"This intermediate Logic Functional Language (DeepML) example teaches recursion. It preserves the corpus-derived source → AST → typed/policy-verified semantic record → R12 → MCRT trace and uses deterministic IDs, hashes, provenance, and no-network safety. The example is intentionally invalid and must be rejected at semantic validation."
DMLL-SEMANTIC_VALIDATION-01113,EX-DMLL-01113,higher_order_function,intermediate_constructs,semantic_validation,fail_as_expected,"This intermediate Logic Functional Language (DeepML) example teaches higher order function. It preserves the corpus-derived source → AST → typed/policy-verified semantic record → R12 → MCRT trace and uses deterministic IDs, hashes, provenance, and no-network safety. The example is intentionally invalid and must be rejected at semantic validation."
DMLL-SEMANTIC_VALIDATION-01132,EX-DMLL-01132,recursion,intermediate_constructs,semantic_validation,fail_as_expected,"This intermediate Logic Functional Language (DeepML) example teaches recursion. It preserves the corpus-derived source → AST → typed/policy-verified semantic record → R12 → MCRT trace and uses deterministic IDs, hashes, provenance, and no-network safety. The example is intentionally invalid and must be rejected at semantic validation."
DMLL-SEMANTIC_VALIDATION-01140,EX-DMLL-01140,higher_order_function,intermediate_constructs,semantic_validation,fail_as_expected,"This intermediate Logic Functional Language (DeepML) example teaches higher order function. It preserves the corpus-derived source → AST → typed/policy-verified semantic record → R12 → MCRT trace and uses deterministic IDs, hashes, provenance, and no-network safety. The example is intentionally invalid and must be rejected at semantic validation."
DMLL-SEMANTIC_VALIDATION-01151,EX-DMLL-01151,rule,intermediate_constructs,semantic_validation,fail_as_expected,"This intermediate Logic Functional Language (DeepML) example teaches rule. It preserves the corpus-derived source → AST → typed/policy-verified semantic record → R12 → MCRT trace and uses deterministic IDs, hashes, provenance, and no-network safety. The example is intentionally invalid and must be rejected at semantic validation."
DMLL-SEMANTIC_VALIDATION-01159,EX-DMLL-01159,recursion,intermediate_constructs,semantic_validation,fail_as_expected,"This intermediate Logic Functional Language (DeepML) example teaches recursion. It preserves the corpus-derived source → AST → typed/policy-verified semantic record → R12 → MCRT trace and uses deterministic IDs, hashes, provenance, and no-network safety. The example is intentionally invalid and must be rejected at semantic validation."
DMLL-SEMANTIC_VALIDATION-01167,EX-DMLL-01167,higher_order_function,intermediate_constructs,semantic_validation,fail_as_expected,"This intermediate Logic Functional Language (DeepML) example teaches higher order function. It preserves the corpus-derived source → AST → typed/policy-verified semantic record → R12 → MCRT trace and uses deterministic IDs, hashes, provenance, and no-network safety. The example is intentionally invalid and must be rejected at semantic validation."
DMLL-SEMANTIC_VALIDATION-01178,EX-DMLL-01178,rule,intermediate_constructs,semantic_validation,fail_as_expected,"This intermediate Logic Functional Language (DeepML) example teaches rule. It preserves the corpus-derived source → AST → typed/policy-verified semantic record → R12 → MCRT trace and uses deterministic IDs, hashes, provenance, and no-network safety. The example is intentionally invalid and must be rejected at semantic validation."
DMLL-SEMANTIC_VALIDATION-01186,EX-DMLL-01186,recursion,intermediate_constructs,semantic_validation,fail_as_expected,"This intermediate Logic Functional Language (DeepML) example teaches recursion. It preserves the corpus-derived source → AST → typed/policy-verified semantic record → R12 → MCRT trace and uses deterministic IDs, hashes, provenance, and no-network safety. The example is intentionally invalid and must be rejected at semantic validation."
DMLL-SEMANTIC_VALIDATION-01194,EX-DMLL-01194,higher_order_function,intermediate_constructs,semantic_validation,fail_as_expected,"This intermediate Logic Functional Language (DeepML) example teaches higher order function. It preserves the corpus-derived source → AST → typed/policy-verified semantic record → R12 → MCRT trace and uses deterministic IDs, hashes, provenance, and no-network safety. The example is intentionally invalid and must be rejected at semantic validation."
DMLL-SEMANTIC_VALIDATION-01205,EX-DMLL-01205,rule,intermediate_constructs,semantic_validation,fail_as_expected,"This intermediate Logic Functional Language (DeepML) example teaches rule. It preserves the corpus-derived source → AST → typed/policy-verified semantic record → R12 → MCRT trace and uses deterministic IDs, hashes, provenance, and no-network safety. The example is intentionally invalid and must be rejected at semantic validation."
DMLL-SEMANTIC_VALIDATION-01213,EX-DMLL-01213,recursion,intermediate_constructs,semantic_validation,fail_as_expected,"This intermediate Logic Functional Language (DeepML) example teaches recursion. It preserves the corpus-derived source → AST → typed/policy-verified semantic record → R12 → MCRT trace and uses deterministic IDs, hashes, provenance, and no-network safety. The example is intentionally invalid and must be rejected at semantic validation."
DMLL-SEMANTIC_VALIDATION-01232,EX-DMLL-01232,rule,intermediate_constructs,semantic_validation,fail_as_expected,"This intermediate Logic Functional Language (DeepML) example teaches rule. It preserves the corpus-derived source → AST → typed/policy-verified semantic record → R12 → MCRT trace and uses deterministic IDs, hashes, provenance, and no-network safety. The example is intentionally invalid and must be rejected at semantic validation."
DMLL-SEMANTIC_VALIDATION-01240,EX-DMLL-01240,recursion,intermediate_constructs,semantic_validation,fail_as_expected,"This intermediate Logic Functional Language (DeepML) example teaches recursion. It preserves the corpus-derived source → AST → typed/policy-verified semantic record → R12 → MCRT trace and uses deterministic IDs, hashes, provenance, and no-network safety. The example is intentionally invalid and must be rejected at semantic validation."
DMLL-SEMANTIC_VALIDATION-01251,EX-DMLL-01251,effect_declaration,intermediate_constructs,semantic_validation,fail_as_expected,"This intermediate Logic Functional Language (DeepML) example teaches effect declaration. It preserves the corpus-derived source → AST → typed/policy-verified semantic record → R12 → MCRT trace and uses deterministic IDs, hashes, provenance, and no-network safety. The example is intentionally invalid and must be rejected at semantic validation."
DMLL-SEMANTIC_VALIDATION-01259,EX-DMLL-01259,rule,intermediate_constructs,semantic_validation,fail_as_expected,"This intermediate Logic Functional Language (DeepML) example teaches rule. It preserves the corpus-derived source → AST → typed/policy-verified semantic record → R12 → MCRT trace and uses deterministic IDs, hashes, provenance, and no-network safety. The example is intentionally invalid and must be rejected at semantic validation."
DMLL-SEMANTIC_VALIDATION-01267,EX-DMLL-01267,recursion,intermediate_constructs,semantic_validation,fail_as_expected,"This intermediate Logic Functional Language (DeepML) example teaches recursion. It preserves the corpus-derived source → AST → typed/policy-verified semantic record → R12 → MCRT trace and uses deterministic IDs, hashes, provenance, and no-network safety. The example is intentionally invalid and must be rejected at semantic validation."
DMLL-SEMANTIC_VALIDATION-01278,EX-DMLL-01278,effect_declaration,intermediate_constructs,semantic_validation,fail_as_expected,"This intermediate Logic Functional Language (DeepML) example teaches effect declaration. It preserves the corpus-derived source → AST → typed/policy-verified semantic record → R12 → MCRT trace and uses deterministic IDs, hashes, provenance, and no-network safety. The example is intentionally invalid and must be rejected at semantic validation."
DMLL-SEMANTIC_VALIDATION-01286,EX-DMLL-01286,rule,intermediate_constructs,semantic_validation,fail_as_expected,"This intermediate Logic Functional Language (DeepML) example teaches rule. It preserves the corpus-derived source → AST → typed/policy-verified semantic record → R12 → MCRT trace and uses deterministic IDs, hashes, provenance, and no-network safety. The example is intentionally invalid and must be rejected at semantic validation."
DMLL-SEMANTIC_VALIDATION-01294,EX-DMLL-01294,recursion,intermediate_constructs,semantic_validation,fail_as_expected,"This intermediate Logic Functional Language (DeepML) example teaches recursion. It preserves the corpus-derived source → AST → typed/policy-verified semantic record → R12 → MCRT trace and uses deterministic IDs, hashes, provenance, and no-network safety. The example is intentionally invalid and must be rejected at semantic validation."
DMLL-SEMANTIC_VALIDATION-01305,EX-DMLL-01305,effect_declaration,intermediate_constructs,semantic_validation,fail_as_expected,"This intermediate Logic Functional Language (DeepML) example teaches effect declaration. It preserves the corpus-derived source → AST → typed/policy-verified semantic record → R12 → MCRT trace and uses deterministic IDs, hashes, provenance, and no-network safety. The example is intentionally invalid and must be rejected at semantic validation."
DMLL-SEMANTIC_VALIDATION-01313,EX-DMLL-01313,rule,intermediate_constructs,semantic_validation,fail_as_expected,"This intermediate Logic Functional Language (DeepML) example teaches rule. It preserves the corpus-derived source → AST → typed/policy-verified semantic record → R12 → MCRT trace and uses deterministic IDs, hashes, provenance, and no-network safety. The example is intentionally invalid and must be rejected at semantic validation."
DMLL-SEMANTIC_VALIDATION-01332,EX-DMLL-01332,effect_declaration,intermediate_constructs,semantic_validation,fail_as_expected,"This intermediate Logic Functional Language (DeepML) example teaches effect declaration. It preserves the corpus-derived source → AST → typed/policy-verified semantic record → R12 → MCRT trace and uses deterministic IDs, hashes, provenance, and no-network safety. The example is intentionally invalid and must be rejected at semantic validation."
DMLL-SEMANTIC_VALIDATION-01340,EX-DMLL-01340,rule,intermediate_constructs,semantic_validation,fail_as_expected,"This intermediate Logic Functional Language (DeepML) example teaches rule. It preserves the corpus-derived source → AST → typed/policy-verified semantic record → R12 → MCRT trace and uses deterministic IDs, hashes, provenance, and no-network safety. The example is intentionally invalid and must be rejected at semantic validation."
DMLL-SEMANTIC_VALIDATION-01351,EX-DMLL-01351,trait,intermediate_constructs,semantic_validation,fail_as_expected,"This intermediate Logic Functional Language (DeepML) example teaches trait. It preserves the corpus-derived source → AST → typed/policy-verified semantic record → R12 → MCRT trace and uses deterministic IDs, hashes, provenance, and no-network safety. The example is intentionally invalid and must be rejected at semantic validation."
DMLL-SEMANTIC_VALIDATION-01359,EX-DMLL-01359,effect_declaration,intermediate_constructs,semantic_validation,fail_as_expected,"This intermediate Logic Functional Language (DeepML) example teaches effect declaration. It preserves the corpus-derived source → AST → typed/policy-verified semantic record → R12 → MCRT trace and uses deterministic IDs, hashes, provenance, and no-network safety. The example is intentionally invalid and must be rejected at semantic validation."
DMLL-SEMANTIC_VALIDATION-01367,EX-DMLL-01367,rule,intermediate_constructs,semantic_validation,fail_as_expected,"This intermediate Logic Functional Language (DeepML) example teaches rule. It preserves the corpus-derived source → AST → typed/policy-verified semantic record → R12 → MCRT trace and uses deterministic IDs, hashes, provenance, and no-network safety. The example is intentionally invalid and must be rejected at semantic validation."
DMLL-SEMANTIC_VALIDATION-01378,EX-DMLL-01378,trait,intermediate_constructs,semantic_validation,fail_as_expected,"This intermediate Logic Functional Language (DeepML) example teaches trait. It preserves the corpus-derived source → AST → typed/policy-verified semantic record → R12 → MCRT trace and uses deterministic IDs, hashes, provenance, and no-network safety. The example is intentionally invalid and must be rejected at semantic validation."
DMLL-SEMANTIC_VALIDATION-01386,EX-DMLL-01386,effect_declaration,intermediate_constructs,semantic_validation,fail_as_expected,"This intermediate Logic Functional Language (DeepML) example teaches effect declaration. It preserves the corpus-derived source → AST → typed/policy-verified semantic record → R12 → MCRT trace and uses deterministic IDs, hashes, provenance, and no-network safety. The example is intentionally invalid and must be rejected at semantic validation."
DMLL-SEMANTIC_VALIDATION-01394,EX-DMLL-01394,rule,intermediate_constructs,semantic_validation,fail_as_expected,"This intermediate Logic Functional Language (DeepML) example teaches rule. It preserves the corpus-derived source → AST → typed/policy-verified semantic record → R12 → MCRT trace and uses deterministic IDs, hashes, provenance, and no-network safety. The example is intentionally invalid and must be rejected at semantic validation."
DMLL-SEMANTIC_VALIDATION-01405,EX-DMLL-01405,trait,intermediate_constructs,semantic_validation,fail_as_expected,"This intermediate Logic Functional Language (DeepML) example teaches trait. It preserves the corpus-derived source → AST → typed/policy-verified semantic record → R12 → MCRT trace and uses deterministic IDs, hashes, provenance, and no-network safety. The example is intentionally invalid and must be rejected at semantic validation."
DMLL-SEMANTIC_VALIDATION-01413,EX-DMLL-01413,effect_declaration,intermediate_constructs,semantic_validation,fail_as_expected,"This intermediate Logic Functional Language (DeepML) example teaches effect declaration. It preserves the corpus-derived source → AST → typed/policy-verified semantic record → R12 → MCRT trace and uses deterministic IDs, hashes, provenance, and no-network safety. The example is intentionally invalid and must be rejected at semantic validation."
DMLL-SEMANTIC_VALIDATION-01432,EX-DMLL-01432,trait,intermediate_constructs,semantic_validation,fail_as_expected,"This intermediate Logic Functional Language (DeepML) example teaches trait. It preserves the corpus-derived source → AST → typed/policy-verified semantic record → R12 → MCRT trace and uses deterministic IDs, hashes, provenance, and no-network safety. The example is intentionally invalid and must be rejected at semantic validation."
DMLL-SEMANTIC_VALIDATION-01440,EX-DMLL-01440,effect_declaration,intermediate_constructs,semantic_validation,fail_as_expected,"This intermediate Logic Functional Language (DeepML) example teaches effect declaration. It preserves the corpus-derived source → AST → typed/policy-verified semantic record → R12 → MCRT trace and uses deterministic IDs, hashes, provenance, and no-network safety. The example is intentionally invalid and must be rejected at semantic validation."
DMLL-SEMANTIC_VALIDATION-01451,EX-DMLL-01451,module,intermediate_constructs,semantic_validation,fail_as_expected,"This intermediate Logic Functional Language (DeepML) example teaches module. It preserves the corpus-derived source → AST → typed/policy-verified semantic record → R12 → MCRT trace and uses deterministic IDs, hashes, provenance, and no-network safety. The example is intentionally invalid and must be rejected at semantic validation."
DMLL-SEMANTIC_VALIDATION-01459,EX-DMLL-01459,trait,intermediate_constructs,semantic_validation,fail_as_expected,"This intermediate Logic Functional Language (DeepML) example teaches trait. It preserves the corpus-derived source → AST → typed/policy-verified semantic record → R12 → MCRT trace and uses deterministic IDs, hashes, provenance, and no-network safety. The example is intentionally invalid and must be rejected at semantic validation."
DMLL-SEMANTIC_VALIDATION-01467,EX-DMLL-01467,effect_declaration,intermediate_constructs,semantic_validation,fail_as_expected,"This intermediate Logic Functional Language (DeepML) example teaches effect declaration. It preserves the corpus-derived source → AST → typed/policy-verified semantic record → R12 → MCRT trace and uses deterministic IDs, hashes, provenance, and no-network safety. The example is intentionally invalid and must be rejected at semantic validation."
DMLL-SEMANTIC_VALIDATION-01478,EX-DMLL-01478,module,intermediate_constructs,semantic_validation,fail_as_expected,"This intermediate Logic Functional Language (DeepML) example teaches module. It preserves the corpus-derived source → AST → typed/policy-verified semantic record → R12 → MCRT trace and uses deterministic IDs, hashes, provenance, and no-network safety. The example is intentionally invalid and must be rejected at semantic validation."
DMLL-SEMANTIC_VALIDATION-01486,EX-DMLL-01486,trait,intermediate_constructs,semantic_validation,fail_as_expected,"This intermediate Logic Functional Language (DeepML) example teaches trait. It preserves the corpus-derived source → AST → typed/policy-verified semantic record → R12 → MCRT trace and uses deterministic IDs, hashes, provenance, and no-network safety. The example is intentionally invalid and must be rejected at semantic validation."
DMLL-SEMANTIC_VALIDATION-01494,EX-DMLL-01494,effect_declaration,intermediate_constructs,semantic_validation,fail_as_expected,"This intermediate Logic Functional Language (DeepML) example teaches effect declaration. It preserves the corpus-derived source → AST → typed/policy-verified semantic record → R12 → MCRT trace and uses deterministic IDs, hashes, provenance, and no-network safety. The example is intentionally invalid and must be rejected at semantic validation."
DMLL-SEMANTIC_VALIDATION-01505,EX-DMLL-01505,module,intermediate_constructs,semantic_validation,fail_as_expected,"This intermediate Logic Functional Language (DeepML) example teaches module. It preserves the corpus-derived source → AST → typed/policy-verified semantic record → R12 → MCRT trace and uses deterministic IDs, hashes, provenance, and no-network safety. The example is intentionally invalid and must be rejected at semantic validation."
DMLL-SEMANTIC_VALIDATION-01513,EX-DMLL-01513,trait,intermediate_constructs,semantic_validation,fail_as_expected,"This intermediate Logic Functional Language (DeepML) example teaches trait. It preserves the corpus-derived source → AST → typed/policy-verified semantic record → R12 → MCRT trace and uses deterministic IDs, hashes, provenance, and no-network safety. The example is intentionally invalid and must be rejected at semantic validation."
DMLL-SEMANTIC_VALIDATION-01532,EX-DMLL-01532,module,intermediate_constructs,semantic_validation,fail_as_expected,"This intermediate Logic Functional Language (DeepML) example teaches module. It preserves the corpus-derived source → AST → typed/policy-verified semantic record → R12 → MCRT trace and uses deterministic IDs, hashes, provenance, and no-network safety. The example is intentionally invalid and must be rejected at semantic validation."
DMLL-SEMANTIC_VALIDATION-01540,EX-DMLL-01540,trait,intermediate_constructs,semantic_validation,fail_as_expected,"This intermediate Logic Functional Language (DeepML) example teaches trait. It preserves the corpus-derived source → AST → typed/policy-verified semantic record → R12 → MCRT trace and uses deterministic IDs, hashes, provenance, and no-network safety. The example is intentionally invalid and must be rejected at semantic validation."
DMLL-SEMANTIC_VALIDATION-01551,EX-DMLL-01551,guard,intermediate_constructs,semantic_validation,fail_as_expected,"This intermediate Logic Functional Language (DeepML) example teaches guard. It preserves the corpus-derived source → AST → typed/policy-verified semantic record → R12 → MCRT trace and uses deterministic IDs, hashes, provenance, and no-network safety. The example is intentionally invalid and must be rejected at semantic validation."
DMLL-SEMANTIC_VALIDATION-01559,EX-DMLL-01559,module,intermediate_constructs,semantic_validation,fail_as_expected,"This intermediate Logic Functional Language (DeepML) example teaches module. It preserves the corpus-derived source → AST → typed/policy-verified semantic record → R12 → MCRT trace and uses deterministic IDs, hashes, provenance, and no-network safety. The example is intentionally invalid and must be rejected at semantic validation."
DMLL-SEMANTIC_VALIDATION-01567,EX-DMLL-01567,trait,intermediate_constructs,semantic_validation,fail_as_expected,"This intermediate Logic Functional Language (DeepML) example teaches trait. It preserves the corpus-derived source → AST → typed/policy-verified semantic record → R12 → MCRT trace and uses deterministic IDs, hashes, provenance, and no-network safety. The example is intentionally invalid and must be rejected at semantic validation."
DMLL-SEMANTIC_VALIDATION-01578,EX-DMLL-01578,guard,intermediate_constructs,semantic_validation,fail_as_expected,"This intermediate Logic Functional Language (DeepML) example teaches guard. It preserves the corpus-derived source → AST → typed/policy-verified semantic record → R12 → MCRT trace and uses deterministic IDs, hashes, provenance, and no-network safety. The example is intentionally invalid and must be rejected at semantic validation."
DMLL-SEMANTIC_VALIDATION-01586,EX-DMLL-01586,module,intermediate_constructs,semantic_validation,fail_as_expected,"This intermediate Logic Functional Language (DeepML) example teaches module. It preserves the corpus-derived source → AST → typed/policy-verified semantic record → R12 → MCRT trace and uses deterministic IDs, hashes, provenance, and no-network safety. The example is intentionally invalid and must be rejected at semantic validation."
DMLL-SEMANTIC_VALIDATION-01594,EX-DMLL-01594,trait,intermediate_constructs,semantic_validation,fail_as_expected,"This intermediate Logic Functional Language (DeepML) example teaches trait. It preserves the corpus-derived source → AST → typed/policy-verified semantic record → R12 → MCRT trace and uses deterministic IDs, hashes, provenance, and no-network safety. The example is intentionally invalid and must be rejected at semantic validation."
DMLL-SEMANTIC_VALIDATION-01605,EX-DMLL-01605,guard,intermediate_constructs,semantic_validation,fail_as_expected,"This intermediate Logic Functional Language (DeepML) example teaches guard. It preserves the corpus-derived source → AST → typed/policy-verified semantic record → R12 → MCRT trace and uses deterministic IDs, hashes, provenance, and no-network safety. The example is intentionally invalid and must be rejected at semantic validation."
DMLL-SEMANTIC_VALIDATION-01613,EX-DMLL-01613,module,intermediate_constructs,semantic_validation,fail_as_expected,"This intermediate Logic Functional Language (DeepML) example teaches module. It preserves the corpus-derived source → AST → typed/policy-verified semantic record → R12 → MCRT trace and uses deterministic IDs, hashes, provenance, and no-network safety. The example is intentionally invalid and must be rejected at semantic validation."
DMLL-SEMANTIC_VALIDATION-01632,EX-DMLL-01632,guard,intermediate_constructs,semantic_validation,fail_as_expected,"This intermediate Logic Functional Language (DeepML) example teaches guard. It preserves the corpus-derived source → AST → typed/policy-verified semantic record → R12 → MCRT trace and uses deterministic IDs, hashes, provenance, and no-network safety. The example is intentionally invalid and must be rejected at semantic validation."
DMLL-SEMANTIC_VALIDATION-01640,EX-DMLL-01640,module,intermediate_constructs,semantic_validation,fail_as_expected,"This intermediate Logic Functional Language (DeepML) example teaches module. It preserves the corpus-derived source → AST → typed/policy-verified semantic record → R12 → MCRT trace and uses deterministic IDs, hashes, provenance, and no-network safety. The example is intentionally invalid and must be rejected at semantic validation."
DMLL-SEMANTIC_VALIDATION-01651,EX-DMLL-01651,unification,intermediate_constructs,semantic_validation,fail_as_expected,"This intermediate Logic Functional Language (DeepML) example teaches unification. It preserves the corpus-derived source → AST → typed/policy-verified semantic record → R12 → MCRT trace and uses deterministic IDs, hashes, provenance, and no-network safety. The example is intentionally invalid and must be rejected at semantic validation."
DMLL-SEMANTIC_VALIDATION-01659,EX-DMLL-01659,guard,intermediate_constructs,semantic_validation,fail_as_expected,"This intermediate Logic Functional Language (DeepML) example teaches guard. It preserves the corpus-derived source → AST → typed/policy-verified semantic record → R12 → MCRT trace and uses deterministic IDs, hashes, provenance, and no-network safety. The example is intentionally invalid and must be rejected at semantic validation."
DMLL-SEMANTIC_VALIDATION-01667,EX-DMLL-01667,module,intermediate_constructs,semantic_validation,fail_as_expected,"This intermediate Logic Functional Language (DeepML) example teaches module. It preserves the corpus-derived source → AST → typed/policy-verified semantic record → R12 → MCRT trace and uses deterministic IDs, hashes, provenance, and no-network safety. The example is intentionally invalid and must be rejected at semantic validation."
DMLL-SEMANTIC_VALIDATION-01678,EX-DMLL-01678,unification,intermediate_constructs,semantic_validation,fail_as_expected,"This intermediate Logic Functional Language (DeepML) example teaches unification. It preserves the corpus-derived source → AST → typed/policy-verified semantic record → R12 → MCRT trace and uses deterministic IDs, hashes, provenance, and no-network safety. The example is intentionally invalid and must be rejected at semantic validation."
DMLL-SEMANTIC_VALIDATION-01686,EX-DMLL-01686,guard,intermediate_constructs,semantic_validation,fail_as_expected,"This intermediate Logic Functional Language (DeepML) example teaches guard. It preserves the corpus-derived source → AST → typed/policy-verified semantic record → R12 → MCRT trace and uses deterministic IDs, hashes, provenance, and no-network safety. The example is intentionally invalid and must be rejected at semantic validation."
DMLL-SEMANTIC_VALIDATION-01694,EX-DMLL-01694,module,intermediate_constructs,semantic_validation,fail_as_expected,"This intermediate Logic Functional Language (DeepML) example teaches module. It preserves the corpus-derived source → AST → typed/policy-verified semantic record → R12 → MCRT trace and uses deterministic IDs, hashes, provenance, and no-network safety. The example is intentionally invalid and must be rejected at semantic validation."
DMLL-SEMANTIC_VALIDATION-01705,EX-DMLL-01705,unification,intermediate_constructs,semantic_validation,fail_as_expected,"This intermediate Logic Functional Language (DeepML) example teaches unification. It preserves the corpus-derived source → AST → typed/policy-verified semantic record → R12 → MCRT trace and uses deterministic IDs, hashes, provenance, and no-network safety. The example is intentionally invalid and must be rejected at semantic validation."
DMLL-SEMANTIC_VALIDATION-01713,EX-DMLL-01713,guard,intermediate_constructs,semantic_validation,fail_as_expected,"This intermediate Logic Functional Language (DeepML) example teaches guard. It preserves the corpus-derived source → AST → typed/policy-verified semantic record → R12 → MCRT trace and uses deterministic IDs, hashes, provenance, and no-network safety. The example is intentionally invalid and must be rejected at semantic validation."
DMLL-SEMANTIC_VALIDATION-01732,EX-DMLL-01732,unification,intermediate_constructs,semantic_validation,fail_as_expected,"This intermediate Logic Functional Language (DeepML) example teaches unification. It preserves the corpus-derived source → AST → typed/policy-verified semantic record → R12 → MCRT trace and uses deterministic IDs, hashes, provenance, and no-network safety. The example is intentionally invalid and must be rejected at semantic validation."
DMLL-SEMANTIC_VALIDATION-01740,EX-DMLL-01740,guard,intermediate_constructs,semantic_validation,fail_as_expected,"This intermediate Logic Functional Language (DeepML) example teaches guard. It preserves the corpus-derived source → AST → typed/policy-verified semantic record → R12 → MCRT trace and uses deterministic IDs, hashes, provenance, and no-network safety. The example is intentionally invalid and must be rejected at semantic validation."
DMLL-SEMANTIC_VALIDATION-01751,EX-DMLL-01751,fold,intermediate_constructs,semantic_validation,fail_as_expected,"This intermediate Logic Functional Language (DeepML) example teaches fold. It preserves the corpus-derived source → AST → typed/policy-verified semantic record → R12 → MCRT trace and uses deterministic IDs, hashes, provenance, and no-network safety. The example is intentionally invalid and must be rejected at semantic validation."
DMLL-SEMANTIC_VALIDATION-01759,EX-DMLL-01759,unification,intermediate_constructs,semantic_validation,fail_as_expected,"This intermediate Logic Functional Language (DeepML) example teaches unification. It preserves the corpus-derived source → AST → typed/policy-verified semantic record → R12 → MCRT trace and uses deterministic IDs, hashes, provenance, and no-network safety. The example is intentionally invalid and must be rejected at semantic validation."
DMLL-SEMANTIC_VALIDATION-01767,EX-DMLL-01767,guard,intermediate_constructs,semantic_validation,fail_as_expected,"This intermediate Logic Functional Language (DeepML) example teaches guard. It preserves the corpus-derived source → AST → typed/policy-verified semantic record → R12 → MCRT trace and uses deterministic IDs, hashes, provenance, and no-network safety. The example is intentionally invalid and must be rejected at semantic validation."
DMLL-SEMANTIC_VALIDATION-01778,EX-DMLL-01778,fold,intermediate_constructs,semantic_validation,fail_as_expected,"This intermediate Logic Functional Language (DeepML) example teaches fold. It preserves the corpus-derived source → AST → typed/policy-verified semantic record → R12 → MCRT trace and uses deterministic IDs, hashes, provenance, and no-network safety. The example is intentionally invalid and must be rejected at semantic validation."
DMLL-SEMANTIC_VALIDATION-01786,EX-DMLL-01786,unification,intermediate_constructs,semantic_validation,fail_as_expected,"This intermediate Logic Functional Language (DeepML) example teaches unification. It preserves the corpus-derived source → AST → typed/policy-verified semantic record → R12 → MCRT trace and uses deterministic IDs, hashes, provenance, and no-network safety. The example is intentionally invalid and must be rejected at semantic validation."
DMLL-SEMANTIC_VALIDATION-01794,EX-DMLL-01794,guard,intermediate_constructs,semantic_validation,fail_as_expected,"This intermediate Logic Functional Language (DeepML) example teaches guard. It preserves the corpus-derived source → AST → typed/policy-verified semantic record → R12 → MCRT trace and uses deterministic IDs, hashes, provenance, and no-network safety. The example is intentionally invalid and must be rejected at semantic validation."
DMLL-SEMANTIC_VALIDATION-01805,EX-DMLL-01805,fold,intermediate_constructs,semantic_validation,fail_as_expected,"This intermediate Logic Functional Language (DeepML) example teaches fold. It preserves the corpus-derived source → AST → typed/policy-verified semantic record → R12 → MCRT trace and uses deterministic IDs, hashes, provenance, and no-network safety. The example is intentionally invalid and must be rejected at semantic validation."
DMLL-SEMANTIC_VALIDATION-01813,EX-DMLL-01813,unification,intermediate_constructs,semantic_validation,fail_as_expected,"This intermediate Logic Functional Language (DeepML) example teaches unification. It preserves the corpus-derived source → AST → typed/policy-verified semantic record → R12 → MCRT trace and uses deterministic IDs, hashes, provenance, and no-network safety. The example is intentionally invalid and must be rejected at semantic validation."
DMLL-SEMANTIC_VALIDATION-01832,EX-DMLL-01832,fold,intermediate_constructs,semantic_validation,fail_as_expected,"This intermediate Logic Functional Language (DeepML) example teaches fold. It preserves the corpus-derived source → AST → typed/policy-verified semantic record → R12 → MCRT trace and uses deterministic IDs, hashes, provenance, and no-network safety. The example is intentionally invalid and must be rejected at semantic validation."
DMLL-SEMANTIC_VALIDATION-01840,EX-DMLL-01840,unification,intermediate_constructs,semantic_validation,fail_as_expected,"This intermediate Logic Functional Language (DeepML) example teaches unification. It preserves the corpus-derived source → AST → typed/policy-verified semantic record → R12 → MCRT trace and uses deterministic IDs, hashes, provenance, and no-network safety. The example is intentionally invalid and must be rejected at semantic validation."
DMLL-SEMANTIC_VALIDATION-01851,EX-DMLL-01851,higher_order_function,intermediate_constructs,semantic_validation,fail_as_expected,"This intermediate Logic Functional Language (DeepML) example teaches higher order function. It preserves the corpus-derived source → AST → typed/policy-verified semantic record → R12 → MCRT trace and uses deterministic IDs, hashes, provenance, and no-network safety. The example is intentionally invalid and must be rejected at semantic validation."
DMLL-SEMANTIC_VALIDATION-01859,EX-DMLL-01859,fold,intermediate_constructs,semantic_validation,fail_as_expected,"This intermediate Logic Functional Language (DeepML) example teaches fold. It preserves the corpus-derived source → AST → typed/policy-verified semantic record → R12 → MCRT trace and uses deterministic IDs, hashes, provenance, and no-network safety. The example is intentionally invalid and must be rejected at semantic validation."
DMLL-SEMANTIC_VALIDATION-01867,EX-DMLL-01867,unification,intermediate_constructs,semantic_validation,fail_as_expected,"This intermediate Logic Functional Language (DeepML) example teaches unification. It preserves the corpus-derived source → AST → typed/policy-verified semantic record → R12 → MCRT trace and uses deterministic IDs, hashes, provenance, and no-network safety. The example is intentionally invalid and must be rejected at semantic validation."
DMLL-SEMANTIC_VALIDATION-01878,EX-DMLL-01878,higher_order_function,intermediate_constructs,semantic_validation,fail_as_expected,"This intermediate Logic Functional Language (DeepML) example teaches higher order function. It preserves the corpus-derived source → AST → typed/policy-verified semantic record → R12 → MCRT trace and uses deterministic IDs, hashes, provenance, and no-network safety. The example is intentionally invalid and must be rejected at semantic validation."
DMLL-SEMANTIC_VALIDATION-01886,EX-DMLL-01886,fold,intermediate_constructs,semantic_validation,fail_as_expected,"This intermediate Logic Functional Language (DeepML) example teaches fold. It preserves the corpus-derived source → AST → typed/policy-verified semantic record → R12 → MCRT trace and uses deterministic IDs, hashes, provenance, and no-network safety. The example is intentionally invalid and must be rejected at semantic validation."
DMLL-SEMANTIC_VALIDATION-01894,EX-DMLL-01894,unification,intermediate_constructs,semantic_validation,fail_as_expected,"This intermediate Logic Functional Language (DeepML) example teaches unification. It preserves the corpus-derived source → AST → typed/policy-verified semantic record → R12 → MCRT trace and uses deterministic IDs, hashes, provenance, and no-network safety. The example is intentionally invalid and must be rejected at semantic validation."
DMLL-SEMANTIC_VALIDATION-01905,EX-DMLL-01905,higher_order_function,intermediate_constructs,semantic_validation,fail_as_expected,"This intermediate Logic Functional Language (DeepML) example teaches higher order function. It preserves the corpus-derived source → AST → typed/policy-verified semantic record → R12 → MCRT trace and uses deterministic IDs, hashes, provenance, and no-network safety. The example is intentionally invalid and must be rejected at semantic validation."
DMLL-SEMANTIC_VALIDATION-01913,EX-DMLL-01913,fold,intermediate_constructs,semantic_validation,fail_as_expected,"This intermediate Logic Functional Language (DeepML) example teaches fold. It preserves the corpus-derived source → AST → typed/policy-verified semantic record → R12 → MCRT trace and uses deterministic IDs, hashes, provenance, and no-network safety. The example is intentionally invalid and must be rejected at semantic validation."
DMLL-SEMANTIC_VALIDATION-01932,EX-DMLL-01932,higher_order_function,intermediate_constructs,semantic_validation,fail_as_expected,"This intermediate Logic Functional Language (DeepML) example teaches higher order function. It preserves the corpus-derived source → AST → typed/policy-verified semantic record → R12 → MCRT trace and uses deterministic IDs, hashes, provenance, and no-network safety. The example is intentionally invalid and must be rejected at semantic validation."
DMLL-SEMANTIC_VALIDATION-01940,EX-DMLL-01940,fold,intermediate_constructs,semantic_validation,fail_as_expected,"This intermediate Logic Functional Language (DeepML) example teaches fold. It preserves the corpus-derived source → AST → typed/policy-verified semantic record → R12 → MCRT trace and uses deterministic IDs, hashes, provenance, and no-network safety. The example is intentionally invalid and must be rejected at semantic validation."
DMLL-SEMANTIC_VALIDATION-01951,EX-DMLL-01951,recursion,intermediate_constructs,semantic_validation,fail_as_expected,"This intermediate Logic Functional Language (DeepML) example teaches recursion. It preserves the corpus-derived source → AST → typed/policy-verified semantic record → R12 → MCRT trace and uses deterministic IDs, hashes, provenance, and no-network safety. The example is intentionally invalid and must be rejected at semantic validation."
DMLL-SEMANTIC_VALIDATION-01959,EX-DMLL-01959,higher_order_function,intermediate_constructs,semantic_validation,fail_as_expected,"This intermediate Logic Functional Language (DeepML) example teaches higher order function. It preserves the corpus-derived source → AST → typed/policy-verified semantic record → R12 → MCRT trace and uses deterministic IDs, hashes, provenance, and no-network safety. The example is intentionally invalid and must be rejected at semantic validation."
DMLL-SEMANTIC_VALIDATION-01967,EX-DMLL-01967,fold,intermediate_constructs,semantic_validation,fail_as_expected,"This intermediate Logic Functional Language (DeepML) example teaches fold. It preserves the corpus-derived source → AST → typed/policy-verified semantic record → R12 → MCRT trace and uses deterministic IDs, hashes, provenance, and no-network safety. The example is intentionally invalid and must be rejected at semantic validation."
DMLL-SEMANTIC_VALIDATION-01978,EX-DMLL-01978,recursion,intermediate_constructs,semantic_validation,fail_as_expected,"This intermediate Logic Functional Language (DeepML) example teaches recursion. It preserves the corpus-derived source → AST → typed/policy-verified semantic record → R12 → MCRT trace and uses deterministic IDs, hashes, provenance, and no-network safety. The example is intentionally invalid and must be rejected at semantic validation."
DMLL-SEMANTIC_VALIDATION-01986,EX-DMLL-01986,higher_order_function,intermediate_constructs,semantic_validation,fail_as_expected,"This intermediate Logic Functional Language (DeepML) example teaches higher order function. It preserves the corpus-derived source → AST → typed/policy-verified semantic record → R12 → MCRT trace and uses deterministic IDs, hashes, provenance, and no-network safety. The example is intentionally invalid and must be rejected at semantic validation."
DMLL-SEMANTIC_VALIDATION-01994,EX-DMLL-01994,fold,intermediate_constructs,semantic_validation,fail_as_expected,"This intermediate Logic Functional Language (DeepML) example teaches fold. It preserves the corpus-derived source → AST → typed/policy-verified semantic record → R12 → MCRT trace and uses deterministic IDs, hashes, provenance, and no-network safety. The example is intentionally invalid and must be rejected at semantic validation."
DMLL-SEMANTIC_VALIDATION-02005,EX-DMLL-02005,recursion,intermediate_constructs,semantic_validation,fail_as_expected,"This intermediate Logic Functional Language (DeepML) example teaches recursion. It preserves the corpus-derived source → AST → typed/policy-verified semantic record → R12 → MCRT trace and uses deterministic IDs, hashes, provenance, and no-network safety. The example is intentionally invalid and must be rejected at semantic validation."
DMLL-SEMANTIC_VALIDATION-02013,EX-DMLL-02013,higher_order_function,intermediate_constructs,semantic_validation,fail_as_expected,"This intermediate Logic Functional Language (DeepML) example teaches higher order function. It preserves the corpus-derived source → AST → typed/policy-verified semantic record → R12 → MCRT trace and uses deterministic IDs, hashes, provenance, and no-network safety. The example is intentionally invalid and must be rejected at semantic validation."
DMLL-SEMANTIC_VALIDATION-02032,EX-DMLL-02032,recursion,intermediate_constructs,semantic_validation,fail_as_expected,"This intermediate Logic Functional Language (DeepML) example teaches recursion. It preserves the corpus-derived source → AST → typed/policy-verified semantic record → R12 → MCRT trace and uses deterministic IDs, hashes, provenance, and no-network safety. The example is intentionally invalid and must be rejected at semantic validation."
DMLL-SEMANTIC_VALIDATION-02040,EX-DMLL-02040,higher_order_function,intermediate_constructs,semantic_validation,fail_as_expected,"This intermediate Logic Functional Language (DeepML) example teaches higher order function. It preserves the corpus-derived source → AST → typed/policy-verified semantic record → R12 → MCRT trace and uses deterministic IDs, hashes, provenance, and no-network safety. The example is intentionally invalid and must be rejected at semantic validation."
DMLL-SEMANTIC_VALIDATION-02051,EX-DMLL-02051,rule,intermediate_constructs,semantic_validation,fail_as_expected,"This intermediate Logic Functional Language (DeepML) example teaches rule. It preserves the corpus-derived source → AST → typed/policy-verified semantic record → R12 → MCRT trace and uses deterministic IDs, hashes, provenance, and no-network safety. The example is intentionally invalid and must be rejected at semantic validation."
DMLL-SEMANTIC_VALIDATION-02059,EX-DMLL-02059,recursion,intermediate_constructs,semantic_validation,fail_as_expected,"This intermediate Logic Functional Language (DeepML) example teaches recursion. It preserves the corpus-derived source → AST → typed/policy-verified semantic record → R12 → MCRT trace and uses deterministic IDs, hashes, provenance, and no-network safety. The example is intentionally invalid and must be rejected at semantic validation."
DMLL-SEMANTIC_VALIDATION-02067,EX-DMLL-02067,higher_order_function,intermediate_constructs,semantic_validation,fail_as_expected,"This intermediate Logic Functional Language (DeepML) example teaches higher order function. It preserves the corpus-derived source → AST → typed/policy-verified semantic record → R12 → MCRT trace and uses deterministic IDs, hashes, provenance, and no-network safety. The example is intentionally invalid and must be rejected at semantic validation."
DMLL-SEMANTIC_VALIDATION-02078,EX-DMLL-02078,rule,intermediate_constructs,semantic_validation,fail_as_expected,"This intermediate Logic Functional Language (DeepML) example teaches rule. It preserves the corpus-derived source → AST → typed/policy-verified semantic record → R12 → MCRT trace and uses deterministic IDs, hashes, provenance, and no-network safety. The example is intentionally invalid and must be rejected at semantic validation."
DMLL-SEMANTIC_VALIDATION-02086,EX-DMLL-02086,recursion,intermediate_constructs,semantic_validation,fail_as_expected,"This intermediate Logic Functional Language (DeepML) example teaches recursion. It preserves the corpus-derived source → AST → typed/policy-verified semantic record → R12 → MCRT trace and uses deterministic IDs, hashes, provenance, and no-network safety. The example is intentionally invalid and must be rejected at semantic validation."
DMLL-SEMANTIC_VALIDATION-02094,EX-DMLL-02094,higher_order_function,intermediate_constructs,semantic_validation,fail_as_expected,"This intermediate Logic Functional Language (DeepML) example teaches higher order function. It preserves the corpus-derived source → AST → typed/policy-verified semantic record → R12 → MCRT trace and uses deterministic IDs, hashes, provenance, and no-network safety. The example is intentionally invalid and must be rejected at semantic validation."
DMLL-SEMANTIC_VALIDATION-02105,EX-DMLL-02105,rule,intermediate_constructs,semantic_validation,fail_as_expected,"This intermediate Logic Functional Language (DeepML) example teaches rule. It preserves the corpus-derived source → AST → typed/policy-verified semantic record → R12 → MCRT trace and uses deterministic IDs, hashes, provenance, and no-network safety. The example is intentionally invalid and must be rejected at semantic validation."
DMLL-SEMANTIC_VALIDATION-02113,EX-DMLL-02113,recursion,intermediate_constructs,semantic_validation,fail_as_expected,"This intermediate Logic Functional Language (DeepML) example teaches recursion. It preserves the corpus-derived source → AST → typed/policy-verified semantic record → R12 → MCRT trace and uses deterministic IDs, hashes, provenance, and no-network safety. The example is intentionally invalid and must be rejected at semantic validation."
DMLL-SEMANTIC_VALIDATION-02132,EX-DMLL-02132,rule,intermediate_constructs,semantic_validation,fail_as_expected,"This intermediate Logic Functional Language (DeepML) example teaches rule. It preserves the corpus-derived source → AST → typed/policy-verified semantic record → R12 → MCRT trace and uses deterministic IDs, hashes, provenance, and no-network safety. The example is intentionally invalid and must be rejected at semantic validation."
DMLL-SEMANTIC_VALIDATION-02140,EX-DMLL-02140,recursion,intermediate_constructs,semantic_validation,fail_as_expected,"This intermediate Logic Functional Language (DeepML) example teaches recursion. It preserves the corpus-derived source → AST → typed/policy-verified semantic record → R12 → MCRT trace and uses deterministic IDs, hashes, provenance, and no-network safety. The example is intentionally invalid and must be rejected at semantic validation."
DMLL-SEMANTIC_VALIDATION-02151,EX-DMLL-02151,effect_declaration,intermediate_constructs,semantic_validation,fail_as_expected,"This intermediate Logic Functional Language (DeepML) example teaches effect declaration. It preserves the corpus-derived source → AST → typed/policy-verified semantic record → R12 → MCRT trace and uses deterministic IDs, hashes, provenance, and no-network safety. The example is intentionally invalid and must be rejected at semantic validation."
DMLL-SEMANTIC_VALIDATION-02159,EX-DMLL-02159,rule,intermediate_constructs,semantic_validation,fail_as_expected,"This intermediate Logic Functional Language (DeepML) example teaches rule. It preserves the corpus-derived source → AST → typed/policy-verified semantic record → R12 → MCRT trace and uses deterministic IDs, hashes, provenance, and no-network safety. The example is intentionally invalid and must be rejected at semantic validation."
DMLL-SEMANTIC_VALIDATION-02167,EX-DMLL-02167,recursion,intermediate_constructs,semantic_validation,fail_as_expected,"This intermediate Logic Functional Language (DeepML) example teaches recursion. It preserves the corpus-derived source → AST → typed/policy-verified semantic record → R12 → MCRT trace and uses deterministic IDs, hashes, provenance, and no-network safety. The example is intentionally invalid and must be rejected at semantic validation."
DMLL-SEMANTIC_VALIDATION-02178,EX-DMLL-02178,effect_declaration,intermediate_constructs,semantic_validation,fail_as_expected,"This intermediate Logic Functional Language (DeepML) example teaches effect declaration. It preserves the corpus-derived source → AST → typed/policy-verified semantic record → R12 → MCRT trace and uses deterministic IDs, hashes, provenance, and no-network safety. The example is intentionally invalid and must be rejected at semantic validation."
DMLL-SEMANTIC_VALIDATION-02186,EX-DMLL-02186,rule,intermediate_constructs,semantic_validation,fail_as_expected,"This intermediate Logic Functional Language (DeepML) example teaches rule. It preserves the corpus-derived source → AST → typed/policy-verified semantic record → R12 → MCRT trace and uses deterministic IDs, hashes, provenance, and no-network safety. The example is intentionally invalid and must be rejected at semantic validation."
DMLL-SEMANTIC_VALIDATION-02194,EX-DMLL-02194,recursion,intermediate_constructs,semantic_validation,fail_as_expected,"This intermediate Logic Functional Language (DeepML) example teaches recursion. It preserves the corpus-derived source → AST → typed/policy-verified semantic record → R12 → MCRT trace and uses deterministic IDs, hashes, provenance, and no-network safety. The example is intentionally invalid and must be rejected at semantic validation."
DMLL-SEMANTIC_VALIDATION-02205,EX-DMLL-02205,effect_declaration,intermediate_constructs,semantic_validation,fail_as_expected,"This intermediate Logic Functional Language (DeepML) example teaches effect declaration. It preserves the corpus-derived source → AST → typed/policy-verified semantic record → R12 → MCRT trace and uses deterministic IDs, hashes, provenance, and no-network safety. The example is intentionally invalid and must be rejected at semantic validation."
DMLL-SEMANTIC_VALIDATION-02213,EX-DMLL-02213,rule,intermediate_constructs,semantic_validation,fail_as_expected,"This intermediate Logic Functional Language (DeepML) example teaches rule. It preserves the corpus-derived source → AST → typed/policy-verified semantic record → R12 → MCRT trace and uses deterministic IDs, hashes, provenance, and no-network safety. The example is intentionally invalid and must be rejected at semantic validation."
DMLL-SEMANTIC_VALIDATION-02232,EX-DMLL-02232,effect_declaration,intermediate_constructs,semantic_validation,fail_as_expected,"This intermediate Logic Functional Language (DeepML) example teaches effect declaration. It preserves the corpus-derived source → AST → typed/policy-verified semantic record → R12 → MCRT trace and uses deterministic IDs, hashes, provenance, and no-network safety. The example is intentionally invalid and must be rejected at semantic validation."
DMLL-SEMANTIC_VALIDATION-02240,EX-DMLL-02240,rule,intermediate_constructs,semantic_validation,fail_as_expected,"This intermediate Logic Functional Language (DeepML) example teaches rule. It preserves the corpus-derived source → AST → typed/policy-verified semantic record → R12 → MCRT trace and uses deterministic IDs, hashes, provenance, and no-network safety. The example is intentionally invalid and must be rejected at semantic validation."
DMLL-SEMANTIC_VALIDATION-02251,EX-DMLL-02251,trait,intermediate_constructs,semantic_validation,fail_as_expected,"This intermediate Logic Functional Language (DeepML) example teaches trait. It preserves the corpus-derived source → AST → typed/policy-verified semantic record → R12 → MCRT trace and uses deterministic IDs, hashes, provenance, and no-network safety. The example is intentionally invalid and must be rejected at semantic validation."
DMLL-SEMANTIC_VALIDATION-02259,EX-DMLL-02259,effect_declaration,intermediate_constructs,semantic_validation,fail_as_expected,"This intermediate Logic Functional Language (DeepML) example teaches effect declaration. It preserves the corpus-derived source → AST → typed/policy-verified semantic record → R12 → MCRT trace and uses deterministic IDs, hashes, provenance, and no-network safety. The example is intentionally invalid and must be rejected at semantic validation."
DMLL-SEMANTIC_VALIDATION-02267,EX-DMLL-02267,rule,intermediate_constructs,semantic_validation,fail_as_expected,"This intermediate Logic Functional Language (DeepML) example teaches rule. It preserves the corpus-derived source → AST → typed/policy-verified semantic record → R12 → MCRT trace and uses deterministic IDs, hashes, provenance, and no-network safety. The example is intentionally invalid and must be rejected at semantic validation."
DMLL-SEMANTIC_VALIDATION-02278,EX-DMLL-02278,trait,intermediate_constructs,semantic_validation,fail_as_expected,"This intermediate Logic Functional Language (DeepML) example teaches trait. It preserves the corpus-derived source → AST → typed/policy-verified semantic record → R12 → MCRT trace and uses deterministic IDs, hashes, provenance, and no-network safety. The example is intentionally invalid and must be rejected at semantic validation."
DMLL-SEMANTIC_VALIDATION-02286,EX-DMLL-02286,effect_declaration,intermediate_constructs,semantic_validation,fail_as_expected,"This intermediate Logic Functional Language (DeepML) example teaches effect declaration. It preserves the corpus-derived source → AST → typed/policy-verified semantic record → R12 → MCRT trace and uses deterministic IDs, hashes, provenance, and no-network safety. The example is intentionally invalid and must be rejected at semantic validation."
DMLL-SEMANTIC_VALIDATION-02294,EX-DMLL-02294,rule,intermediate_constructs,semantic_validation,fail_as_expected,"This intermediate Logic Functional Language (DeepML) example teaches rule. It preserves the corpus-derived source → AST → typed/policy-verified semantic record → R12 → MCRT trace and uses deterministic IDs, hashes, provenance, and no-network safety. The example is intentionally invalid and must be rejected at semantic validation."
DMLL-SEMANTIC_VALIDATION-02305,EX-DMLL-02305,trait,intermediate_constructs,semantic_validation,fail_as_expected,"This intermediate Logic Functional Language (DeepML) example teaches trait. It preserves the corpus-derived source → AST → typed/policy-verified semantic record → R12 → MCRT trace and uses deterministic IDs, hashes, provenance, and no-network safety. The example is intentionally invalid and must be rejected at semantic validation."
DMLL-SEMANTIC_VALIDATION-02313,EX-DMLL-02313,effect_declaration,intermediate_constructs,semantic_validation,fail_as_expected,"This intermediate Logic Functional Language (DeepML) example teaches effect declaration. It preserves the corpus-derived source → AST → typed/policy-verified semantic record → R12 → MCRT trace and uses deterministic IDs, hashes, provenance, and no-network safety. The example is intentionally invalid and must be rejected at semantic validation."
DMLL-SEMANTIC_VALIDATION-02332,EX-DMLL-02332,trait,intermediate_constructs,semantic_validation,fail_as_expected,"This intermediate Logic Functional Language (DeepML) example teaches trait. It preserves the corpus-derived source → AST → typed/policy-verified semantic record → R12 → MCRT trace and uses deterministic IDs, hashes, provenance, and no-network safety. The example is intentionally invalid and must be rejected at semantic validation."
DMLL-SEMANTIC_VALIDATION-02340,EX-DMLL-02340,effect_declaration,intermediate_constructs,semantic_validation,fail_as_expected,"This intermediate Logic Functional Language (DeepML) example teaches effect declaration. It preserves the corpus-derived source → AST → typed/policy-verified semantic record → R12 → MCRT trace and uses deterministic IDs, hashes, provenance, and no-network safety. The example is intentionally invalid and must be rejected at semantic validation."
DMLL-SEMANTIC_VALIDATION-02351,EX-DMLL-02351,module,intermediate_constructs,semantic_validation,fail_as_expected,"This intermediate Logic Functional Language (DeepML) example teaches module. It preserves the corpus-derived source → AST → typed/policy-verified semantic record → R12 → MCRT trace and uses deterministic IDs, hashes, provenance, and no-network safety. The example is intentionally invalid and must be rejected at semantic validation."
DMLL-SEMANTIC_VALIDATION-02359,EX-DMLL-02359,trait,intermediate_constructs,semantic_validation,fail_as_expected,"This intermediate Logic Functional Language (DeepML) example teaches trait. It preserves the corpus-derived source → AST → typed/policy-verified semantic record → R12 → MCRT trace and uses deterministic IDs, hashes, provenance, and no-network safety. The example is intentionally invalid and must be rejected at semantic validation."
DMLL-SEMANTIC_VALIDATION-02367,EX-DMLL-02367,effect_declaration,intermediate_constructs,semantic_validation,fail_as_expected,"This intermediate Logic Functional Language (DeepML) example teaches effect declaration. It preserves the corpus-derived source → AST → typed/policy-verified semantic record → R12 → MCRT trace and uses deterministic IDs, hashes, provenance, and no-network safety. The example is intentionally invalid and must be rejected at semantic validation."
DMLL-SEMANTIC_VALIDATION-02378,EX-DMLL-02378,module,intermediate_constructs,semantic_validation,fail_as_expected,"This intermediate Logic Functional Language (DeepML) example teaches module. It preserves the corpus-derived source → AST → typed/policy-verified semantic record → R12 → MCRT trace and uses deterministic IDs, hashes, provenance, and no-network safety. The example is intentionally invalid and must be rejected at semantic validation."
DMLL-SEMANTIC_VALIDATION-02386,EX-DMLL-02386,trait,intermediate_constructs,semantic_validation,fail_as_expected,"This intermediate Logic Functional Language (DeepML) example teaches trait. It preserves the corpus-derived source → AST → typed/policy-verified semantic record → R12 → MCRT trace and uses deterministic IDs, hashes, provenance, and no-network safety. The example is intentionally invalid and must be rejected at semantic validation."
DMLL-SEMANTIC_VALIDATION-02394,EX-DMLL-02394,effect_declaration,intermediate_constructs,semantic_validation,fail_as_expected,"This intermediate Logic Functional Language (DeepML) example teaches effect declaration. It preserves the corpus-derived source → AST → typed/policy-verified semantic record → R12 → MCRT trace and uses deterministic IDs, hashes, provenance, and no-network safety. The example is intentionally invalid and must be rejected at semantic validation."
DMLL-SEMANTIC_VALIDATION-02405,EX-DMLL-02405,module,intermediate_constructs,semantic_validation,fail_as_expected,"This intermediate Logic Functional Language (DeepML) example teaches module. It preserves the corpus-derived source → AST → typed/policy-verified semantic record → R12 → MCRT trace and uses deterministic IDs, hashes, provenance, and no-network safety. The example is intentionally invalid and must be rejected at semantic validation."
DMLL-SEMANTIC_VALIDATION-02413,EX-DMLL-02413,trait,intermediate_constructs,semantic_validation,fail_as_expected,"This intermediate Logic Functional Language (DeepML) example teaches trait. It preserves the corpus-derived source → AST → typed/policy-verified semantic record → R12 → MCRT trace and uses deterministic IDs, hashes, provenance, and no-network safety. The example is intentionally invalid and must be rejected at semantic validation."
DMLL-SEMANTIC_VALIDATION-02432,EX-DMLL-02432,module,intermediate_constructs,semantic_validation,fail_as_expected,"This intermediate Logic Functional Language (DeepML) example teaches module. It preserves the corpus-derived source → AST → typed/policy-verified semantic record → R12 → MCRT trace and uses deterministic IDs, hashes, provenance, and no-network safety. The example is intentionally invalid and must be rejected at semantic validation."
DMLL-SEMANTIC_VALIDATION-02440,EX-DMLL-02440,trait,intermediate_constructs,semantic_validation,fail_as_expected,"This intermediate Logic Functional Language (DeepML) example teaches trait. It preserves the corpus-derived source → AST → typed/policy-verified semantic record → R12 → MCRT trace and uses deterministic IDs, hashes, provenance, and no-network safety. The example is intentionally invalid and must be rejected at semantic validation."
DMLL-SEMANTIC_VALIDATION-02451,EX-DMLL-02451,guard,intermediate_constructs,semantic_validation,fail_as_expected,"This intermediate Logic Functional Language (DeepML) example teaches guard. It preserves the corpus-derived source → AST → typed/policy-verified semantic record → R12 → MCRT trace and uses deterministic IDs, hashes, provenance, and no-network safety. The example is intentionally invalid and must be rejected at semantic validation."
DMLL-SEMANTIC_VALIDATION-02459,EX-DMLL-02459,module,intermediate_constructs,semantic_validation,fail_as_expected,"This intermediate Logic Functional Language (DeepML) example teaches module. It preserves the corpus-derived source → AST → typed/policy-verified semantic record → R12 → MCRT trace and uses deterministic IDs, hashes, provenance, and no-network safety. The example is intentionally invalid and must be rejected at semantic validation."
DMLL-SEMANTIC_VALIDATION-02467,EX-DMLL-02467,trait,intermediate_constructs,semantic_validation,fail_as_expected,"This intermediate Logic Functional Language (DeepML) example teaches trait. It preserves the corpus-derived source → AST → typed/policy-verified semantic record → R12 → MCRT trace and uses deterministic IDs, hashes, provenance, and no-network safety. The example is intentionally invalid and must be rejected at semantic validation."
DMLL-SEMANTIC_VALIDATION-02478,EX-DMLL-02478,guard,intermediate_constructs,semantic_validation,fail_as_expected,"This intermediate Logic Functional Language (DeepML) example teaches guard. It preserves the corpus-derived source → AST → typed/policy-verified semantic record → R12 → MCRT trace and uses deterministic IDs, hashes, provenance, and no-network safety. The example is intentionally invalid and must be rejected at semantic validation."
DMLL-SEMANTIC_VALIDATION-02486,EX-DMLL-02486,module,intermediate_constructs,semantic_validation,fail_as_expected,"This intermediate Logic Functional Language (DeepML) example teaches module. It preserves the corpus-derived source → AST → typed/policy-verified semantic record → R12 → MCRT trace and uses deterministic IDs, hashes, provenance, and no-network safety. The example is intentionally invalid and must be rejected at semantic validation."
DMLL-SEMANTIC_VALIDATION-02494,EX-DMLL-02494,trait,intermediate_constructs,semantic_validation,fail_as_expected,"This intermediate Logic Functional Language (DeepML) example teaches trait. It preserves the corpus-derived source → AST → typed/policy-verified semantic record → R12 → MCRT trace and uses deterministic IDs, hashes, provenance, and no-network safety. The example is intentionally invalid and must be rejected at semantic validation."
DMLL-SEMANTIC_VALIDATION-02502,EX-DMLL-02502,logic_graph_integration,advanced_composition,semantic_validation,fail_as_expected,"This advanced Logic Functional Language (DeepML) example teaches logic graph integration. It preserves the corpus-derived source → AST → typed/policy-verified semantic record → R12 → MCRT trace and uses deterministic IDs, hashes, provenance, and no-network safety. The example is intentionally invalid and must be rejected at semantic validation."
DMLL-SEMANTIC_VALIDATION-02510,EX-DMLL-02510,proof_term,advanced_composition,semantic_validation,fail_as_expected,"This advanced Logic Functional Language (DeepML) example teaches proof term. It preserves the corpus-derived source → AST → typed/policy-verified semantic record → R12 → MCRT trace and uses deterministic IDs, hashes, provenance, and no-network safety. The example is intentionally invalid and must be rejected at semantic validation."
DMLL-SEMANTIC_VALIDATION-02513,EX-DMLL-02513,inference_strategy,advanced_composition,semantic_validation,fail_as_expected,"This advanced Logic Functional Language (DeepML) example teaches inference strategy. It preserves the corpus-derived source → AST → typed/policy-verified semantic record → R12 → MCRT trace and uses deterministic IDs, hashes, provenance, and no-network safety. The example is intentionally invalid and must be rejected at semantic validation."
DMLL-SEMANTIC_VALIDATION-02521,EX-DMLL-02521,symbolic_reasoning,advanced_composition,semantic_validation,fail_as_expected,"This advanced Logic Functional Language (DeepML) example teaches symbolic reasoning. It preserves the corpus-derived source → AST → typed/policy-verified semantic record → R12 → MCRT trace and uses deterministic IDs, hashes, provenance, and no-network safety. The example is intentionally invalid and must be rejected at semantic validation."
DMLL-SEMANTIC_VALIDATION-02529,EX-DMLL-02529,constraint_solving,advanced_composition,semantic_validation,fail_as_expected,"This advanced Logic Functional Language (DeepML) example teaches constraint solving. It preserves the corpus-derived source → AST → typed/policy-verified semantic record → R12 → MCRT trace and uses deterministic IDs, hashes, provenance, and no-network safety. The example is intentionally invalid and must be rejected at semantic validation."
DMLL-SEMANTIC_VALIDATION-02537,EX-DMLL-02537,logic_graph_integration,advanced_composition,semantic_validation,fail_as_expected,"This advanced Logic Functional Language (DeepML) example teaches logic graph integration. It preserves the corpus-derived source → AST → typed/policy-verified semantic record → R12 → MCRT trace and uses deterministic IDs, hashes, provenance, and no-network safety. The example is intentionally invalid and must be rejected at semantic validation."
DMLL-SEMANTIC_VALIDATION-02540,EX-DMLL-02540,theorem,advanced_composition,semantic_validation,fail_as_expected,"This advanced Logic Functional Language (DeepML) example teaches theorem. It preserves the corpus-derived source → AST → typed/policy-verified semantic record → R12 → MCRT trace and uses deterministic IDs, hashes, provenance, and no-network safety. The example is intentionally invalid and must be rejected at semantic validation."
DMLL-SEMANTIC_VALIDATION-02548,EX-DMLL-02548,inference_strategy,advanced_composition,semantic_validation,fail_as_expected,"This advanced Logic Functional Language (DeepML) example teaches inference strategy. It preserves the corpus-derived source → AST → typed/policy-verified semantic record → R12 → MCRT trace and uses deterministic IDs, hashes, provenance, and no-network safety. The example is intentionally invalid and must be rejected at semantic validation."
DMLL-SEMANTIC_VALIDATION-02556,EX-DMLL-02556,symbolic_reasoning,advanced_composition,semantic_validation,fail_as_expected,"This advanced Logic Functional Language (DeepML) example teaches symbolic reasoning. It preserves the corpus-derived source → AST → typed/policy-verified semantic record → R12 → MCRT trace and uses deterministic IDs, hashes, provenance, and no-network safety. The example is intentionally invalid and must be rejected at semantic validation."
DMLL-SEMANTIC_VALIDATION-02564,EX-DMLL-02564,constraint_solving,advanced_composition,semantic_validation,fail_as_expected,"This advanced Logic Functional Language (DeepML) example teaches constraint solving. It preserves the corpus-derived source → AST → typed/policy-verified semantic record → R12 → MCRT trace and uses deterministic IDs, hashes, provenance, and no-network safety. The example is intentionally invalid and must be rejected at semantic validation."
DMLL-SEMANTIC_VALIDATION-02567,EX-DMLL-02567,memoization,advanced_composition,semantic_validation,fail_as_expected,"This advanced Logic Functional Language (DeepML) example teaches memoization. It preserves the corpus-derived source → AST → typed/policy-verified semantic record → R12 → MCRT trace and uses deterministic IDs, hashes, provenance, and no-network safety. The example is intentionally invalid and must be rejected at semantic validation."
DMLL-SEMANTIC_VALIDATION-02575,EX-DMLL-02575,theorem,advanced_composition,semantic_validation,fail_as_expected,"This advanced Logic Functional Language (DeepML) example teaches theorem. It preserves the corpus-derived source → AST → typed/policy-verified semantic record → R12 → MCRT trace and uses deterministic IDs, hashes, provenance, and no-network safety. The example is intentionally invalid and must be rejected at semantic validation."
DMLL-SEMANTIC_VALIDATION-02583,EX-DMLL-02583,inference_strategy,advanced_composition,semantic_validation,fail_as_expected,"This advanced Logic Functional Language (DeepML) example teaches inference strategy. It preserves the corpus-derived source → AST → typed/policy-verified semantic record → R12 → MCRT trace and uses deterministic IDs, hashes, provenance, and no-network safety. The example is intentionally invalid and must be rejected at semantic validation."
DMLL-SEMANTIC_VALIDATION-02591,EX-DMLL-02591,symbolic_reasoning,advanced_composition,semantic_validation,fail_as_expected,"This advanced Logic Functional Language (DeepML) example teaches symbolic reasoning. It preserves the corpus-derived source → AST → typed/policy-verified semantic record → R12 → MCRT trace and uses deterministic IDs, hashes, provenance, and no-network safety. The example is intentionally invalid and must be rejected at semantic validation."
DMLL-SEMANTIC_VALIDATION-02594,EX-DMLL-02594,proof_term,advanced_composition,semantic_validation,fail_as_expected,"This advanced Logic Functional Language (DeepML) example teaches proof term. It preserves the corpus-derived source → AST → typed/policy-verified semantic record → R12 → MCRT trace and uses deterministic IDs, hashes, provenance, and no-network safety. The example is intentionally invalid and must be rejected at semantic validation."
DMLL-SEMANTIC_VALIDATION-02602,EX-DMLL-02602,memoization,advanced_composition,semantic_validation,fail_as_expected,"This advanced Logic Functional Language (DeepML) example teaches memoization. It preserves the corpus-derived source → AST → typed/policy-verified semantic record → R12 → MCRT trace and uses deterministic IDs, hashes, provenance, and no-network safety. The example is intentionally invalid and must be rejected at semantic validation."
DMLL-SEMANTIC_VALIDATION-02610,EX-DMLL-02610,theorem,advanced_composition,semantic_validation,fail_as_expected,"This advanced Logic Functional Language (DeepML) example teaches theorem. It preserves the corpus-derived source → AST → typed/policy-verified semantic record → R12 → MCRT trace and uses deterministic IDs, hashes, provenance, and no-network safety. The example is intentionally invalid and must be rejected at semantic validation."
DMLL-SEMANTIC_VALIDATION-02613,EX-DMLL-02613,constraint_solving,advanced_composition,semantic_validation,fail_as_expected,"This advanced Logic Functional Language (DeepML) example teaches constraint solving. It preserves the corpus-derived source → AST → typed/policy-verified semantic record → R12 → MCRT trace and uses deterministic IDs, hashes, provenance, and no-network safety. The example is intentionally invalid and must be rejected at semantic validation."
DMLL-SEMANTIC_VALIDATION-02621,EX-DMLL-02621,logic_graph_integration,advanced_composition,semantic_validation,fail_as_expected,"This advanced Logic Functional Language (DeepML) example teaches logic graph integration. It preserves the corpus-derived source → AST → typed/policy-verified semantic record → R12 → MCRT trace and uses deterministic IDs, hashes, provenance, and no-network safety. The example is intentionally invalid and must be rejected at semantic validation."
DMLL-SEMANTIC_VALIDATION-02629,EX-DMLL-02629,proof_term,advanced_composition,semantic_validation,fail_as_expected,"This advanced Logic Functional Language (DeepML) example teaches proof term. It preserves the corpus-derived source → AST → typed/policy-verified semantic record → R12 → MCRT trace and uses deterministic IDs, hashes, provenance, and no-network safety. The example is intentionally invalid and must be rejected at semantic validation."
DMLL-SEMANTIC_VALIDATION-02637,EX-DMLL-02637,memoization,advanced_composition,semantic_validation,fail_as_expected,"This advanced Logic Functional Language (DeepML) example teaches memoization. It preserves the corpus-derived source → AST → typed/policy-verified semantic record → R12 → MCRT trace and uses deterministic IDs, hashes, provenance, and no-network safety. The example is intentionally invalid and must be rejected at semantic validation."
DMLL-SEMANTIC_VALIDATION-02640,EX-DMLL-02640,symbolic_reasoning,advanced_composition,semantic_validation,fail_as_expected,"This advanced Logic Functional Language (DeepML) example teaches symbolic reasoning. It preserves the corpus-derived source → AST → typed/policy-verified semantic record → R12 → MCRT trace and uses deterministic IDs, hashes, provenance, and no-network safety. The example is intentionally invalid and must be rejected at semantic validation."
DMLL-SEMANTIC_VALIDATION-02648,EX-DMLL-02648,constraint_solving,advanced_composition,semantic_validation,fail_as_expected,"This advanced Logic Functional Language (DeepML) example teaches constraint solving. It preserves the corpus-derived source → AST → typed/policy-verified semantic record → R12 → MCRT trace and uses deterministic IDs, hashes, provenance, and no-network safety. The example is intentionally invalid and must be rejected at semantic validation."
DMLL-SEMANTIC_VALIDATION-02656,EX-DMLL-02656,logic_graph_integration,advanced_composition,semantic_validation,fail_as_expected,"This advanced Logic Functional Language (DeepML) example teaches logic graph integration. It preserves the corpus-derived source → AST → typed/policy-verified semantic record → R12 → MCRT trace and uses deterministic IDs, hashes, provenance, and no-network safety. The example is intentionally invalid and must be rejected at semantic validation."
DMLL-SEMANTIC_VALIDATION-02664,EX-DMLL-02664,proof_term,advanced_composition,semantic_validation,fail_as_expected,"This advanced Logic Functional Language (DeepML) example teaches proof term. It preserves the corpus-derived source → AST → typed/policy-verified semantic record → R12 → MCRT trace and uses deterministic IDs, hashes, provenance, and no-network safety. The example is intentionally invalid and must be rejected at semantic validation."
DMLL-SEMANTIC_VALIDATION-02667,EX-DMLL-02667,inference_strategy,advanced_composition,semantic_validation,fail_as_expected,"This advanced Logic Functional Language (DeepML) example teaches inference strategy. It preserves the corpus-derived source → AST → typed/policy-verified semantic record → R12 → MCRT trace and uses deterministic IDs, hashes, provenance, and no-network safety. The example is intentionally invalid and must be rejected at semantic validation."
DMLL-SEMANTIC_VALIDATION-02675,EX-DMLL-02675,symbolic_reasoning,advanced_composition,semantic_validation,fail_as_expected,"This advanced Logic Functional Language (DeepML) example teaches symbolic reasoning. It preserves the corpus-derived source → AST → typed/policy-verified semantic record → R12 → MCRT trace and uses deterministic IDs, hashes, provenance, and no-network safety. The example is intentionally invalid and must be rejected at semantic validation."
DMLL-SEMANTIC_VALIDATION-02683,EX-DMLL-02683,constraint_solving,advanced_composition,semantic_validation,fail_as_expected,"This advanced Logic Functional Language (DeepML) example teaches constraint solving. It preserves the corpus-derived source → AST → typed/policy-verified semantic record → R12 → MCRT trace and uses deterministic IDs, hashes, provenance, and no-network safety. The example is intentionally invalid and must be rejected at semantic validation."
DMLL-SEMANTIC_VALIDATION-02691,EX-DMLL-02691,logic_graph_integration,advanced_composition,semantic_validation,fail_as_expected,"This advanced Logic Functional Language (DeepML) example teaches logic graph integration. It preserves the corpus-derived source → AST → typed/policy-verified semantic record → R12 → MCRT trace and uses deterministic IDs, hashes, provenance, and no-network safety. The example is intentionally invalid and must be rejected at semantic validation."
DMLL-SEMANTIC_VALIDATION-02694,EX-DMLL-02694,theorem,advanced_composition,semantic_validation,fail_as_expected,"This advanced Logic Functional Language (DeepML) example teaches theorem. It preserves the corpus-derived source → AST → typed/policy-verified semantic record → R12 → MCRT trace and uses deterministic IDs, hashes, provenance, and no-network safety. The example is intentionally invalid and must be rejected at semantic validation."
DMLL-SEMANTIC_VALIDATION-02702,EX-DMLL-02702,inference_strategy,advanced_composition,semantic_validation,fail_as_expected,"This advanced Logic Functional Language (DeepML) example teaches inference strategy. It preserves the corpus-derived source → AST → typed/policy-verified semantic record → R12 → MCRT trace and uses deterministic IDs, hashes, provenance, and no-network safety. The example is intentionally invalid and must be rejected at semantic validation."
DMLL-SEMANTIC_VALIDATION-02710,EX-DMLL-02710,symbolic_reasoning,advanced_composition,semantic_validation,fail_as_expected,"This advanced Logic Functional Language (DeepML) example teaches symbolic reasoning. It preserves the corpus-derived source → AST → typed/policy-verified semantic record → R12 → MCRT trace and uses deterministic IDs, hashes, provenance, and no-network safety. The example is intentionally invalid and must be rejected at semantic validation."
DMLL-SEMANTIC_VALIDATION-02713,EX-DMLL-02713,proof_term,advanced_composition,semantic_validation,fail_as_expected,"This advanced Logic Functional Language (DeepML) example teaches proof term. It preserves the corpus-derived source → AST → typed/policy-verified semantic record → R12 → MCRT trace and uses deterministic IDs, hashes, provenance, and no-network safety. The example is intentionally invalid and must be rejected at semantic validation."
DMLL-SEMANTIC_VALIDATION-02721,EX-DMLL-02721,memoization,advanced_composition,semantic_validation,fail_as_expected,"This advanced Logic Functional Language (DeepML) example teaches memoization. It preserves the corpus-derived source → AST → typed/policy-verified semantic record → R12 → MCRT trace and uses deterministic IDs, hashes, provenance, and no-network safety. The example is intentionally invalid and must be rejected at semantic validation."
DMLL-SEMANTIC_VALIDATION-02729,EX-DMLL-02729,theorem,advanced_composition,semantic_validation,fail_as_expected,"This advanced Logic Functional Language (DeepML) example teaches theorem. It preserves the corpus-derived source → AST → typed/policy-verified semantic record → R12 → MCRT trace and uses deterministic IDs, hashes, provenance, and no-network safety. The example is intentionally invalid and must be rejected at semantic validation."
DMLL-SEMANTIC_VALIDATION-02737,EX-DMLL-02737,inference_strategy,advanced_composition,semantic_validation,fail_as_expected,"This advanced Logic Functional Language (DeepML) example teaches inference strategy. It preserves the corpus-derived source → AST → typed/policy-verified semantic record → R12 → MCRT trace and uses deterministic IDs, hashes, provenance, and no-network safety. The example is intentionally invalid and must be rejected at semantic validation."
DMLL-SEMANTIC_VALIDATION-02740,EX-DMLL-02740,logic_graph_integration,advanced_composition,semantic_validation,fail_as_expected,"This advanced Logic Functional Language (DeepML) example teaches logic graph integration. It preserves the corpus-derived source → AST → typed/policy-verified semantic record → R12 → MCRT trace and uses deterministic IDs, hashes, provenance, and no-network safety. The example is intentionally invalid and must be rejected at semantic validation."
DMLL-SEMANTIC_VALIDATION-02748,EX-DMLL-02748,proof_term,advanced_composition,semantic_validation,fail_as_expected,"This advanced Logic Functional Language (DeepML) example teaches proof term. It preserves the corpus-derived source → AST → typed/policy-verified semantic record → R12 → MCRT trace and uses deterministic IDs, hashes, provenance, and no-network safety. The example is intentionally invalid and must be rejected at semantic validation."
DMLL-SEMANTIC_VALIDATION-02756,EX-DMLL-02756,memoization,advanced_composition,semantic_validation,fail_as_expected,"This advanced Logic Functional Language (DeepML) example teaches memoization. It preserves the corpus-derived source → AST → typed/policy-verified semantic record → R12 → MCRT trace and uses deterministic IDs, hashes, provenance, and no-network safety. The example is intentionally invalid and must be rejected at semantic validation."
DMLL-SEMANTIC_VALIDATION-02764,EX-DMLL-02764,theorem,advanced_composition,semantic_validation,fail_as_expected,"This advanced Logic Functional Language (DeepML) example teaches theorem. It preserves the corpus-derived source → AST → typed/policy-verified semantic record → R12 → MCRT trace and uses deterministic IDs, hashes, provenance, and no-network safety. The example is intentionally invalid and must be rejected at semantic validation."
DMLL-SEMANTIC_VALIDATION-02767,EX-DMLL-02767,constraint_solving,advanced_composition,semantic_validation,fail_as_expected,"This advanced Logic Functional Language (DeepML) example teaches constraint solving. It preserves the corpus-derived source → AST → typed/policy-verified semantic record → R12 → MCRT trace and uses deterministic IDs, hashes, provenance, and no-network safety. The example is intentionally invalid and must be rejected at semantic validation."
DMLL-SEMANTIC_VALIDATION-02775,EX-DMLL-02775,logic_graph_integration,advanced_composition,semantic_validation,fail_as_expected,"This advanced Logic Functional Language (DeepML) example teaches logic graph integration. It preserves the corpus-derived source → AST → typed/policy-verified semantic record → R12 → MCRT trace and uses deterministic IDs, hashes, provenance, and no-network safety. The example is intentionally invalid and must be rejected at semantic validation."
DMLL-SEMANTIC_VALIDATION-02783,EX-DMLL-02783,proof_term,advanced_composition,semantic_validation,fail_as_expected,"This advanced Logic Functional Language (DeepML) example teaches proof term. It preserves the corpus-derived source → AST → typed/policy-verified semantic record → R12 → MCRT trace and uses deterministic IDs, hashes, provenance, and no-network safety. The example is intentionally invalid and must be rejected at semantic validation."
DMLL-SEMANTIC_VALIDATION-02791,EX-DMLL-02791,memoization,advanced_composition,semantic_validation,fail_as_expected,"This advanced Logic Functional Language (DeepML) example teaches memoization. It preserves the corpus-derived source → AST → typed/policy-verified semantic record → R12 → MCRT trace and uses deterministic IDs, hashes, provenance, and no-network safety. The example is intentionally invalid and must be rejected at semantic validation."
DMLL-SEMANTIC_VALIDATION-02794,EX-DMLL-02794,symbolic_reasoning,advanced_composition,semantic_validation,fail_as_expected,"This advanced Logic Functional Language (DeepML) example teaches symbolic reasoning. It preserves the corpus-derived source → AST → typed/policy-verified semantic record → R12 → MCRT trace and uses deterministic IDs, hashes, provenance, and no-network safety. The example is intentionally invalid and must be rejected at semantic validation."
DMLL-SEMANTIC_VALIDATION-02802,EX-DMLL-02802,constraint_solving,advanced_composition,semantic_validation,fail_as_expected,"This advanced Logic Functional Language (DeepML) example teaches constraint solving. It preserves the corpus-derived source → AST → typed/policy-verified semantic record → R12 → MCRT trace and uses deterministic IDs, hashes, provenance, and no-network safety. The example is intentionally invalid and must be rejected at semantic validation."
DMLL-SEMANTIC_VALIDATION-02810,EX-DMLL-02810,logic_graph_integration,advanced_composition,semantic_validation,fail_as_expected,"This advanced Logic Functional Language (DeepML) example teaches logic graph integration. It preserves the corpus-derived source → AST → typed/policy-verified semantic record → R12 → MCRT trace and uses deterministic IDs, hashes, provenance, and no-network safety. The example is intentionally invalid and must be rejected at semantic validation."
DMLL-SEMANTIC_VALIDATION-02813,EX-DMLL-02813,theorem,advanced_composition,semantic_validation,fail_as_expected,"This advanced Logic Functional Language (DeepML) example teaches theorem. It preserves the corpus-derived source → AST → typed/policy-verified semantic record → R12 → MCRT trace and uses deterministic IDs, hashes, provenance, and no-network safety. The example is intentionally invalid and must be rejected at semantic validation."
DMLL-SEMANTIC_VALIDATION-02821,EX-DMLL-02821,inference_strategy,advanced_composition,semantic_validation,fail_as_expected,"This advanced Logic Functional Language (DeepML) example teaches inference strategy. It preserves the corpus-derived source → AST → typed/policy-verified semantic record → R12 → MCRT trace and uses deterministic IDs, hashes, provenance, and no-network safety. The example is intentionally invalid and must be rejected at semantic validation."
DMLL-SEMANTIC_VALIDATION-02829,EX-DMLL-02829,symbolic_reasoning,advanced_composition,semantic_validation,fail_as_expected,"This advanced Logic Functional Language (DeepML) example teaches symbolic reasoning. It preserves the corpus-derived source → AST → typed/policy-verified semantic record → R12 → MCRT trace and uses deterministic IDs, hashes, provenance, and no-network safety. The example is intentionally invalid and must be rejected at semantic validation."
DMLL-SEMANTIC_VALIDATION-02837,EX-DMLL-02837,constraint_solving,advanced_composition,semantic_validation,fail_as_expected,"This advanced Logic Functional Language (DeepML) example teaches constraint solving. It preserves the corpus-derived source → AST → typed/policy-verified semantic record → R12 → MCRT trace and uses deterministic IDs, hashes, provenance, and no-network safety. The example is intentionally invalid and must be rejected at semantic validation."
DMLL-SEMANTIC_VALIDATION-02840,EX-DMLL-02840,memoization,advanced_composition,semantic_validation,fail_as_expected,"This advanced Logic Functional Language (DeepML) example teaches memoization. It preserves the corpus-derived source → AST → typed/policy-verified semantic record → R12 → MCRT trace and uses deterministic IDs, hashes, provenance, and no-network safety. The example is intentionally invalid and must be rejected at semantic validation."
DMLL-SEMANTIC_VALIDATION-02848,EX-DMLL-02848,theorem,advanced_composition,semantic_validation,fail_as_expected,"This advanced Logic Functional Language (DeepML) example teaches theorem. It preserves the corpus-derived source → AST → typed/policy-verified semantic record → R12 → MCRT trace and uses deterministic IDs, hashes, provenance, and no-network safety. The example is intentionally invalid and must be rejected at semantic validation."
DMLL-SEMANTIC_VALIDATION-02856,EX-DMLL-02856,inference_strategy,advanced_composition,semantic_validation,fail_as_expected,"This advanced Logic Functional Language (DeepML) example teaches inference strategy. It preserves the corpus-derived source → AST → typed/policy-verified semantic record → R12 → MCRT trace and uses deterministic IDs, hashes, provenance, and no-network safety. The example is intentionally invalid and must be rejected at semantic validation."
DMLL-SEMANTIC_VALIDATION-02864,EX-DMLL-02864,symbolic_reasoning,advanced_composition,semantic_validation,fail_as_expected,"This advanced Logic Functional Language (DeepML) example teaches symbolic reasoning. It preserves the corpus-derived source → AST → typed/policy-verified semantic record → R12 → MCRT trace and uses deterministic IDs, hashes, provenance, and no-network safety. The example is intentionally invalid and must be rejected at semantic validation."
DMLL-SEMANTIC_VALIDATION-02867,EX-DMLL-02867,proof_term,advanced_composition,semantic_validation,fail_as_expected,"This advanced Logic Functional Language (DeepML) example teaches proof term. It preserves the corpus-derived source → AST → typed/policy-verified semantic record → R12 → MCRT trace and uses deterministic IDs, hashes, provenance, and no-network safety. The example is intentionally invalid and must be rejected at semantic validation."
DMLL-SEMANTIC_VALIDATION-02875,EX-DMLL-02875,memoization,advanced_composition,semantic_validation,fail_as_expected,"This advanced Logic Functional Language (DeepML) example teaches memoization. It preserves the corpus-derived source → AST → typed/policy-verified semantic record → R12 → MCRT trace and uses deterministic IDs, hashes, provenance, and no-network safety. The example is intentionally invalid and must be rejected at semantic validation."
DMLL-SEMANTIC_VALIDATION-02883,EX-DMLL-02883,theorem,advanced_composition,semantic_validation,fail_as_expected,"This advanced Logic Functional Language (DeepML) example teaches theorem. It preserves the corpus-derived source → AST → typed/policy-verified semantic record → R12 → MCRT trace and uses deterministic IDs, hashes, provenance, and no-network safety. The example is intentionally invalid and must be rejected at semantic validation."
DMLL-SEMANTIC_VALIDATION-02891,EX-DMLL-02891,inference_strategy,advanced_composition,semantic_validation,fail_as_expected,"This advanced Logic Functional Language (DeepML) example teaches inference strategy. It preserves the corpus-derived source → AST → typed/policy-verified semantic record → R12 → MCRT trace and uses deterministic IDs, hashes, provenance, and no-network safety. The example is intentionally invalid and must be rejected at semantic validation."
DMLL-SEMANTIC_VALIDATION-02894,EX-DMLL-02894,logic_graph_integration,advanced_composition,semantic_validation,fail_as_expected,"This advanced Logic Functional Language (DeepML) example teaches logic graph integration. It preserves the corpus-derived source → AST → typed/policy-verified semantic record → R12 → MCRT trace and uses deterministic IDs, hashes, provenance, and no-network safety. The example is intentionally invalid and must be rejected at semantic validation."
DMLL-SEMANTIC_VALIDATION-02902,EX-DMLL-02902,proof_term,advanced_composition,semantic_validation,fail_as_expected,"This advanced Logic Functional Language (DeepML) example teaches proof term. It preserves the corpus-derived source → AST → typed/policy-verified semantic record → R12 → MCRT trace and uses deterministic IDs, hashes, provenance, and no-network safety. The example is intentionally invalid and must be rejected at semantic validation."
DMLL-SEMANTIC_VALIDATION-02910,EX-DMLL-02910,memoization,advanced_composition,semantic_validation,fail_as_expected,"This advanced Logic Functional Language (DeepML) example teaches memoization. It preserves the corpus-derived source → AST → typed/policy-verified semantic record → R12 → MCRT trace and uses deterministic IDs, hashes, provenance, and no-network safety. The example is intentionally invalid and must be rejected at semantic validation."
DMLL-SEMANTIC_VALIDATION-02913,EX-DMLL-02913,symbolic_reasoning,advanced_composition,semantic_validation,fail_as_expected,"This advanced Logic Functional Language (DeepML) example teaches symbolic reasoning. It preserves the corpus-derived source → AST → typed/policy-verified semantic record → R12 → MCRT trace and uses deterministic IDs, hashes, provenance, and no-network safety. The example is intentionally invalid and must be rejected at semantic validation."
DMLL-SEMANTIC_VALIDATION-02921,EX-DMLL-02921,constraint_solving,advanced_composition,semantic_validation,fail_as_expected,"This advanced Logic Functional Language (DeepML) example teaches constraint solving. It preserves the corpus-derived source → AST → typed/policy-verified semantic record → R12 → MCRT trace and uses deterministic IDs, hashes, provenance, and no-network safety. The example is intentionally invalid and must be rejected at semantic validation."
DMLL-SEMANTIC_VALIDATION-02929,EX-DMLL-02929,logic_graph_integration,advanced_composition,semantic_validation,fail_as_expected,"This advanced Logic Functional Language (DeepML) example teaches logic graph integration. It preserves the corpus-derived source → AST → typed/policy-verified semantic record → R12 → MCRT trace and uses deterministic IDs, hashes, provenance, and no-network safety. The example is intentionally invalid and must be rejected at semantic validation."
DMLL-SEMANTIC_VALIDATION-02937,EX-DMLL-02937,proof_term,advanced_composition,semantic_validation,fail_as_expected,"This advanced Logic Functional Language (DeepML) example teaches proof term. It preserves the corpus-derived source → AST → typed/policy-verified semantic record → R12 → MCRT trace and uses deterministic IDs, hashes, provenance, and no-network safety. The example is intentionally invalid and must be rejected at semantic validation."
DMLL-SEMANTIC_VALIDATION-02940,EX-DMLL-02940,inference_strategy,advanced_composition,semantic_validation,fail_as_expected,"This advanced Logic Functional Language (DeepML) example teaches inference strategy. It preserves the corpus-derived source → AST → typed/policy-verified semantic record → R12 → MCRT trace and uses deterministic IDs, hashes, provenance, and no-network safety. The example is intentionally invalid and must be rejected at semantic validation."
DMLL-SEMANTIC_VALIDATION-02948,EX-DMLL-02948,symbolic_reasoning,advanced_composition,semantic_validation,fail_as_expected,"This advanced Logic Functional Language (DeepML) example teaches symbolic reasoning. It preserves the corpus-derived source → AST → typed/policy-verified semantic record → R12 → MCRT trace and uses deterministic IDs, hashes, provenance, and no-network safety. The example is intentionally invalid and must be rejected at semantic validation."
DMLL-SEMANTIC_VALIDATION-02956,EX-DMLL-02956,constraint_solving,advanced_composition,semantic_validation,fail_as_expected,"This advanced Logic Functional Language (DeepML) example teaches constraint solving. It preserves the corpus-derived source → AST → typed/policy-verified semantic record → R12 → MCRT trace and uses deterministic IDs, hashes, provenance, and no-network safety. The example is intentionally invalid and must be rejected at semantic validation."
DMLL-SEMANTIC_VALIDATION-02964,EX-DMLL-02964,logic_graph_integration,advanced_composition,semantic_validation,fail_as_expected,"This advanced Logic Functional Language (DeepML) example teaches logic graph integration. It preserves the corpus-derived source → AST → typed/policy-verified semantic record → R12 → MCRT trace and uses deterministic IDs, hashes, provenance, and no-network safety. The example is intentionally invalid and must be rejected at semantic validation."
DMLL-SEMANTIC_VALIDATION-02967,EX-DMLL-02967,theorem,advanced_composition,semantic_validation,fail_as_expected,"This advanced Logic Functional Language (DeepML) example teaches theorem. It preserves the corpus-derived source → AST → typed/policy-verified semantic record → R12 → MCRT trace and uses deterministic IDs, hashes, provenance, and no-network safety. The example is intentionally invalid and must be rejected at semantic validation."
DMLL-SEMANTIC_VALIDATION-02975,EX-DMLL-02975,inference_strategy,advanced_composition,semantic_validation,fail_as_expected,"This advanced Logic Functional Language (DeepML) example teaches inference strategy. It preserves the corpus-derived source → AST → typed/policy-verified semantic record → R12 → MCRT trace and uses deterministic IDs, hashes, provenance, and no-network safety. The example is intentionally invalid and must be rejected at semantic validation."
DMLL-SEMANTIC_VALIDATION-02983,EX-DMLL-02983,symbolic_reasoning,advanced_composition,semantic_validation,fail_as_expected,"This advanced Logic Functional Language (DeepML) example teaches symbolic reasoning. It preserves the corpus-derived source → AST → typed/policy-verified semantic record → R12 → MCRT trace and uses deterministic IDs, hashes, provenance, and no-network safety. The example is intentionally invalid and must be rejected at semantic validation."
DMLL-SEMANTIC_VALIDATION-02991,EX-DMLL-02991,constraint_solving,advanced_composition,semantic_validation,fail_as_expected,"This advanced Logic Functional Language (DeepML) example teaches constraint solving. It preserves the corpus-derived source → AST → typed/policy-verified semantic record → R12 → MCRT trace and uses deterministic IDs, hashes, provenance, and no-network safety. The example is intentionally invalid and must be rejected at semantic validation."
DMLL-SEMANTIC_VALIDATION-02994,EX-DMLL-02994,memoization,advanced_composition,semantic_validation,fail_as_expected,"This advanced Logic Functional Language (DeepML) example teaches memoization. It preserves the corpus-derived source → AST → typed/policy-verified semantic record → R12 → MCRT trace and uses deterministic IDs, hashes, provenance, and no-network safety. The example is intentionally invalid and must be rejected at semantic validation."
DMLL-SEMANTIC_VALIDATION-03002,EX-DMLL-03002,theorem,advanced_composition,semantic_validation,fail_as_expected,"This advanced Logic Functional Language (DeepML) example teaches theorem. It preserves the corpus-derived source → AST → typed/policy-verified semantic record → R12 → MCRT trace and uses deterministic IDs, hashes, provenance, and no-network safety. The example is intentionally invalid and must be rejected at semantic validation."
DMLL-SEMANTIC_VALIDATION-03010,EX-DMLL-03010,inference_strategy,advanced_composition,semantic_validation,fail_as_expected,"This advanced Logic Functional Language (DeepML) example teaches inference strategy. It preserves the corpus-derived source → AST → typed/policy-verified semantic record → R12 → MCRT trace and uses deterministic IDs, hashes, provenance, and no-network safety. The example is intentionally invalid and must be rejected at semantic validation."
DMLL-SEMANTIC_VALIDATION-03013,EX-DMLL-03013,logic_graph_integration,advanced_composition,semantic_validation,fail_as_expected,"This advanced Logic Functional Language (DeepML) example teaches logic graph integration. It preserves the corpus-derived source → AST → typed/policy-verified semantic record → R12 → MCRT trace and uses deterministic IDs, hashes, provenance, and no-network safety. The example is intentionally invalid and must be rejected at semantic validation."
DMLL-SEMANTIC_VALIDATION-03021,EX-DMLL-03021,proof_term,advanced_composition,semantic_validation,fail_as_expected,"This advanced Logic Functional Language (DeepML) example teaches proof term. It preserves the corpus-derived source → AST → typed/policy-verified semantic record → R12 → MCRT trace and uses deterministic IDs, hashes, provenance, and no-network safety. The example is intentionally invalid and must be rejected at semantic validation."
DMLL-SEMANTIC_VALIDATION-03029,EX-DMLL-03029,memoization,advanced_composition,semantic_validation,fail_as_expected,"This advanced Logic Functional Language (DeepML) example teaches memoization. It preserves the corpus-derived source → AST → typed/policy-verified semantic record → R12 → MCRT trace and uses deterministic IDs, hashes, provenance, and no-network safety. The example is intentionally invalid and must be rejected at semantic validation."
DMLL-SEMANTIC_VALIDATION-03037,EX-DMLL-03037,theorem,advanced_composition,semantic_validation,fail_as_expected,"This advanced Logic Functional Language (DeepML) example teaches theorem. It preserves the corpus-derived source → AST → typed/policy-verified semantic record → R12 → MCRT trace and uses deterministic IDs, hashes, provenance, and no-network safety. The example is intentionally invalid and must be rejected at semantic validation."
DMLL-SEMANTIC_VALIDATION-03040,EX-DMLL-03040,constraint_solving,advanced_composition,semantic_validation,fail_as_expected,"This advanced Logic Functional Language (DeepML) example teaches constraint solving. It preserves the corpus-derived source → AST → typed/policy-verified semantic record → R12 → MCRT trace and uses deterministic IDs, hashes, provenance, and no-network safety. The example is intentionally invalid and must be rejected at semantic validation."
DMLL-SEMANTIC_VALIDATION-03048,EX-DMLL-03048,logic_graph_integration,advanced_composition,semantic_validation,fail_as_expected,"This advanced Logic Functional Language (DeepML) example teaches logic graph integration. It preserves the corpus-derived source → AST → typed/policy-verified semantic record → R12 → MCRT trace and uses deterministic IDs, hashes, provenance, and no-network safety. The example is intentionally invalid and must be rejected at semantic validation."
DMLL-SEMANTIC_VALIDATION-03056,EX-DMLL-03056,proof_term,advanced_composition,semantic_validation,fail_as_expected,"This advanced Logic Functional Language (DeepML) example teaches proof term. It preserves the corpus-derived source → AST → typed/policy-verified semantic record → R12 → MCRT trace and uses deterministic IDs, hashes, provenance, and no-network safety. The example is intentionally invalid and must be rejected at semantic validation."
DMLL-SEMANTIC_VALIDATION-03064,EX-DMLL-03064,memoization,advanced_composition,semantic_validation,fail_as_expected,"This advanced Logic Functional Language (DeepML) example teaches memoization. It preserves the corpus-derived source → AST → typed/policy-verified semantic record → R12 → MCRT trace and uses deterministic IDs, hashes, provenance, and no-network safety. The example is intentionally invalid and must be rejected at semantic validation."
DMLL-SEMANTIC_VALIDATION-03067,EX-DMLL-03067,symbolic_reasoning,advanced_composition,semantic_validation,fail_as_expected,"This advanced Logic Functional Language (DeepML) example teaches symbolic reasoning. It preserves the corpus-derived source → AST → typed/policy-verified semantic record → R12 → MCRT trace and uses deterministic IDs, hashes, provenance, and no-network safety. The example is intentionally invalid and must be rejected at semantic validation."
DMLL-SEMANTIC_VALIDATION-03075,EX-DMLL-03075,constraint_solving,advanced_composition,semantic_validation,fail_as_expected,"This advanced Logic Functional Language (DeepML) example teaches constraint solving. It preserves the corpus-derived source → AST → typed/policy-verified semantic record → R12 → MCRT trace and uses deterministic IDs, hashes, provenance, and no-network safety. The example is intentionally invalid and must be rejected at semantic validation."
DMLL-SEMANTIC_VALIDATION-03083,EX-DMLL-03083,logic_graph_integration,advanced_composition,semantic_validation,fail_as_expected,"This advanced Logic Functional Language (DeepML) example teaches logic graph integration. It preserves the corpus-derived source → AST → typed/policy-verified semantic record → R12 → MCRT trace and uses deterministic IDs, hashes, provenance, and no-network safety. The example is intentionally invalid and must be rejected at semantic validation."
DMLL-SEMANTIC_VALIDATION-03091,EX-DMLL-03091,proof_term,advanced_composition,semantic_validation,fail_as_expected,"This advanced Logic Functional Language (DeepML) example teaches proof term. It preserves the corpus-derived source → AST → typed/policy-verified semantic record → R12 → MCRT trace and uses deterministic IDs, hashes, provenance, and no-network safety. The example is intentionally invalid and must be rejected at semantic validation."
DMLL-SEMANTIC_VALIDATION-03094,EX-DMLL-03094,inference_strategy,advanced_composition,semantic_validation,fail_as_expected,"This advanced Logic Functional Language (DeepML) example teaches inference strategy. It preserves the corpus-derived source → AST → typed/policy-verified semantic record → R12 → MCRT trace and uses deterministic IDs, hashes, provenance, and no-network safety. The example is intentionally invalid and must be rejected at semantic validation."
DMLL-SEMANTIC_VALIDATION-03102,EX-DMLL-03102,symbolic_reasoning,advanced_composition,semantic_validation,fail_as_expected,"This advanced Logic Functional Language (DeepML) example teaches symbolic reasoning. It preserves the corpus-derived source → AST → typed/policy-verified semantic record → R12 → MCRT trace and uses deterministic IDs, hashes, provenance, and no-network safety. The example is intentionally invalid and must be rejected at semantic validation."
DMLL-SEMANTIC_VALIDATION-03110,EX-DMLL-03110,constraint_solving,advanced_composition,semantic_validation,fail_as_expected,"This advanced Logic Functional Language (DeepML) example teaches constraint solving. It preserves the corpus-derived source → AST → typed/policy-verified semantic record → R12 → MCRT trace and uses deterministic IDs, hashes, provenance, and no-network safety. The example is intentionally invalid and must be rejected at semantic validation."
DMLL-SEMANTIC_VALIDATION-03113,EX-DMLL-03113,memoization,advanced_composition,semantic_validation,fail_as_expected,"This advanced Logic Functional Language (DeepML) example teaches memoization. It preserves the corpus-derived source → AST → typed/policy-verified semantic record → R12 → MCRT trace and uses deterministic IDs, hashes, provenance, and no-network safety. The example is intentionally invalid and must be rejected at semantic validation."
DMLL-SEMANTIC_VALIDATION-03121,EX-DMLL-03121,theorem,advanced_composition,semantic_validation,fail_as_expected,"This advanced Logic Functional Language (DeepML) example teaches theorem. It preserves the corpus-derived source → AST → typed/policy-verified semantic record → R12 → MCRT trace and uses deterministic IDs, hashes, provenance, and no-network safety. The example is intentionally invalid and must be rejected at semantic validation."
DMLL-SEMANTIC_VALIDATION-03129,EX-DMLL-03129,inference_strategy,advanced_composition,semantic_validation,fail_as_expected,"This advanced Logic Functional Language (DeepML) example teaches inference strategy. It preserves the corpus-derived source → AST → typed/policy-verified semantic record → R12 → MCRT trace and uses deterministic IDs, hashes, provenance, and no-network safety. The example is intentionally invalid and must be rejected at semantic validation."
DMLL-SEMANTIC_VALIDATION-03137,EX-DMLL-03137,symbolic_reasoning,advanced_composition,semantic_validation,fail_as_expected,"This advanced Logic Functional Language (DeepML) example teaches symbolic reasoning. It preserves the corpus-derived source → AST → typed/policy-verified semantic record → R12 → MCRT trace and uses deterministic IDs, hashes, provenance, and no-network safety. The example is intentionally invalid and must be rejected at semantic validation."
DMLL-SEMANTIC_VALIDATION-03140,EX-DMLL-03140,proof_term,advanced_composition,semantic_validation,fail_as_expected,"This advanced Logic Functional Language (DeepML) example teaches proof term. It preserves the corpus-derived source → AST → typed/policy-verified semantic record → R12 → MCRT trace and uses deterministic IDs, hashes, provenance, and no-network safety. The example is intentionally invalid and must be rejected at semantic validation."
DMLL-SEMANTIC_VALIDATION-03148,EX-DMLL-03148,memoization,advanced_composition,semantic_validation,fail_as_expected,"This advanced Logic Functional Language (DeepML) example teaches memoization. It preserves the corpus-derived source → AST → typed/policy-verified semantic record → R12 → MCRT trace and uses deterministic IDs, hashes, provenance, and no-network safety. The example is intentionally invalid and must be rejected at semantic validation."
DMLL-SEMANTIC_VALIDATION-03156,EX-DMLL-03156,theorem,advanced_composition,semantic_validation,fail_as_expected,"This advanced Logic Functional Language (DeepML) example teaches theorem. It preserves the corpus-derived source → AST → typed/policy-verified semantic record → R12 → MCRT trace and uses deterministic IDs, hashes, provenance, and no-network safety. The example is intentionally invalid and must be rejected at semantic validation."
DMLL-SEMANTIC_VALIDATION-03164,EX-DMLL-03164,inference_strategy,advanced_composition,semantic_validation,fail_as_expected,"This advanced Logic Functional Language (DeepML) example teaches inference strategy. It preserves the corpus-derived source → AST → typed/policy-verified semantic record → R12 → MCRT trace and uses deterministic IDs, hashes, provenance, and no-network safety. The example is intentionally invalid and must be rejected at semantic validation."
DMLL-SEMANTIC_VALIDATION-03167,EX-DMLL-03167,logic_graph_integration,advanced_composition,semantic_validation,fail_as_expected,"This advanced Logic Functional Language (DeepML) example teaches logic graph integration. It preserves the corpus-derived source → AST → typed/policy-verified semantic record → R12 → MCRT trace and uses deterministic IDs, hashes, provenance, and no-network safety. The example is intentionally invalid and must be rejected at semantic validation."
DMLL-SEMANTIC_VALIDATION-03175,EX-DMLL-03175,proof_term,advanced_composition,semantic_validation,fail_as_expected,"This advanced Logic Functional Language (DeepML) example teaches proof term. It preserves the corpus-derived source → AST → typed/policy-verified semantic record → R12 → MCRT trace and uses deterministic IDs, hashes, provenance, and no-network safety. The example is intentionally invalid and must be rejected at semantic validation."
DMLL-SEMANTIC_VALIDATION-03183,EX-DMLL-03183,memoization,advanced_composition,semantic_validation,fail_as_expected,"This advanced Logic Functional Language (DeepML) example teaches memoization. It preserves the corpus-derived source → AST → typed/policy-verified semantic record → R12 → MCRT trace and uses deterministic IDs, hashes, provenance, and no-network safety. The example is intentionally invalid and must be rejected at semantic validation."
DMLL-SEMANTIC_VALIDATION-03191,EX-DMLL-03191,theorem,advanced_composition,semantic_validation,fail_as_expected,"This advanced Logic Functional Language (DeepML) example teaches theorem. It preserves the corpus-derived source → AST → typed/policy-verified semantic record → R12 → MCRT trace and uses deterministic IDs, hashes, provenance, and no-network safety. The example is intentionally invalid and must be rejected at semantic validation."
DMLL-SEMANTIC_VALIDATION-03194,EX-DMLL-03194,constraint_solving,advanced_composition,semantic_validation,fail_as_expected,"This advanced Logic Functional Language (DeepML) example teaches constraint solving. It preserves the corpus-derived source → AST → typed/policy-verified semantic record → R12 → MCRT trace and uses deterministic IDs, hashes, provenance, and no-network safety. The example is intentionally invalid and must be rejected at semantic validation."
DMLL-SEMANTIC_VALIDATION-03202,EX-DMLL-03202,logic_graph_integration,advanced_composition,semantic_validation,fail_as_expected,"This advanced Logic Functional Language (DeepML) example teaches logic graph integration. It preserves the corpus-derived source → AST → typed/policy-verified semantic record → R12 → MCRT trace and uses deterministic IDs, hashes, provenance, and no-network safety. The example is intentionally invalid and must be rejected at semantic validation."
DMLL-SEMANTIC_VALIDATION-03210,EX-DMLL-03210,proof_term,advanced_composition,semantic_validation,fail_as_expected,"This advanced Logic Functional Language (DeepML) example teaches proof term. It preserves the corpus-derived source → AST → typed/policy-verified semantic record → R12 → MCRT trace and uses deterministic IDs, hashes, provenance, and no-network safety. The example is intentionally invalid and must be rejected at semantic validation."
DMLL-SEMANTIC_VALIDATION-03213,EX-DMLL-03213,inference_strategy,advanced_composition,semantic_validation,fail_as_expected,"This advanced Logic Functional Language (DeepML) example teaches inference strategy. It preserves the corpus-derived source → AST → typed/policy-verified semantic record → R12 → MCRT trace and uses deterministic IDs, hashes, provenance, and no-network safety. The example is intentionally invalid and must be rejected at semantic validation."
DMLL-SEMANTIC_VALIDATION-03221,EX-DMLL-03221,symbolic_reasoning,advanced_composition,semantic_validation,fail_as_expected,"This advanced Logic Functional Language (DeepML) example teaches symbolic reasoning. It preserves the corpus-derived source → AST → typed/policy-verified semantic record → R12 → MCRT trace and uses deterministic IDs, hashes, provenance, and no-network safety. The example is intentionally invalid and must be rejected at semantic validation."
DMLL-SEMANTIC_VALIDATION-03229,EX-DMLL-03229,constraint_solving,advanced_composition,semantic_validation,fail_as_expected,"This advanced Logic Functional Language (DeepML) example teaches constraint solving. It preserves the corpus-derived source → AST → typed/policy-verified semantic record → R12 → MCRT trace and uses deterministic IDs, hashes, provenance, and no-network safety. The example is intentionally invalid and must be rejected at semantic validation."
DMLL-SEMANTIC_VALIDATION-03237,EX-DMLL-03237,logic_graph_integration,advanced_composition,semantic_validation,fail_as_expected,"This advanced Logic Functional Language (DeepML) example teaches logic graph integration. It preserves the corpus-derived source → AST → typed/policy-verified semantic record → R12 → MCRT trace and uses deterministic IDs, hashes, provenance, and no-network safety. The example is intentionally invalid and must be rejected at semantic validation."
DMLL-SEMANTIC_VALIDATION-03240,EX-DMLL-03240,theorem,advanced_composition,semantic_validation,fail_as_expected,"This advanced Logic Functional Language (DeepML) example teaches theorem. It preserves the corpus-derived source → AST → typed/policy-verified semantic record → R12 → MCRT trace and uses deterministic IDs, hashes, provenance, and no-network safety. The example is intentionally invalid and must be rejected at semantic validation."
DMLL-SEMANTIC_VALIDATION-03248,EX-DMLL-03248,inference_strategy,advanced_composition,semantic_validation,fail_as_expected,"This advanced Logic Functional Language (DeepML) example teaches inference strategy. It preserves the corpus-derived source → AST → typed/policy-verified semantic record → R12 → MCRT trace and uses deterministic IDs, hashes, provenance, and no-network safety. The example is intentionally invalid and must be rejected at semantic validation."
DMLL-SEMANTIC_VALIDATION-03256,EX-DMLL-03256,symbolic_reasoning,advanced_composition,semantic_validation,fail_as_expected,"This advanced Logic Functional Language (DeepML) example teaches symbolic reasoning. It preserves the corpus-derived source → AST → typed/policy-verified semantic record → R12 → MCRT trace and uses deterministic IDs, hashes, provenance, and no-network safety. The example is intentionally invalid and must be rejected at semantic validation."
DMLL-SEMANTIC_VALIDATION-03264,EX-DMLL-03264,constraint_solving,advanced_composition,semantic_validation,fail_as_expected,"This advanced Logic Functional Language (DeepML) example teaches constraint solving. It preserves the corpus-derived source → AST → typed/policy-verified semantic record → R12 → MCRT trace and uses deterministic IDs, hashes, provenance, and no-network safety. The example is intentionally invalid and must be rejected at semantic validation."
DMLL-SEMANTIC_VALIDATION-03267,EX-DMLL-03267,memoization,advanced_composition,semantic_validation,fail_as_expected,"This advanced Logic Functional Language (DeepML) example teaches memoization. It preserves the corpus-derived source → AST → typed/policy-verified semantic record → R12 → MCRT trace and uses deterministic IDs, hashes, provenance, and no-network safety. The example is intentionally invalid and must be rejected at semantic validation."
DMLL-SEMANTIC_VALIDATION-03275,EX-DMLL-03275,theorem,advanced_composition,semantic_validation,fail_as_expected,"This advanced Logic Functional Language (DeepML) example teaches theorem. It preserves the corpus-derived source → AST → typed/policy-verified semantic record → R12 → MCRT trace and uses deterministic IDs, hashes, provenance, and no-network safety. The example is intentionally invalid and must be rejected at semantic validation."
DMLL-SEMANTIC_VALIDATION-03283,EX-DMLL-03283,inference_strategy,advanced_composition,semantic_validation,fail_as_expected,"This advanced Logic Functional Language (DeepML) example teaches inference strategy. It preserves the corpus-derived source → AST → typed/policy-verified semantic record → R12 → MCRT trace and uses deterministic IDs, hashes, provenance, and no-network safety. The example is intentionally invalid and must be rejected at semantic validation."
DMLL-SEMANTIC_VALIDATION-03291,EX-DMLL-03291,symbolic_reasoning,advanced_composition,semantic_validation,fail_as_expected,"This advanced Logic Functional Language (DeepML) example teaches symbolic reasoning. It preserves the corpus-derived source → AST → typed/policy-verified semantic record → R12 → MCRT trace and uses deterministic IDs, hashes, provenance, and no-network safety. The example is intentionally invalid and must be rejected at semantic validation."
DMLL-SEMANTIC_VALIDATION-03294,EX-DMLL-03294,proof_term,advanced_composition,semantic_validation,fail_as_expected,"This advanced Logic Functional Language (DeepML) example teaches proof term. It preserves the corpus-derived source → AST → typed/policy-verified semantic record → R12 → MCRT trace and uses deterministic IDs, hashes, provenance, and no-network safety. The example is intentionally invalid and must be rejected at semantic validation."
DMLL-SEMANTIC_VALIDATION-03302,EX-DMLL-03302,memoization,advanced_composition,semantic_validation,fail_as_expected,"This advanced Logic Functional Language (DeepML) example teaches memoization. It preserves the corpus-derived source → AST → typed/policy-verified semantic record → R12 → MCRT trace and uses deterministic IDs, hashes, provenance, and no-network safety. The example is intentionally invalid and must be rejected at semantic validation."
DMLL-SEMANTIC_VALIDATION-03310,EX-DMLL-03310,theorem,advanced_composition,semantic_validation,fail_as_expected,"This advanced Logic Functional Language (DeepML) example teaches theorem. It preserves the corpus-derived source → AST → typed/policy-verified semantic record → R12 → MCRT trace and uses deterministic IDs, hashes, provenance, and no-network safety. The example is intentionally invalid and must be rejected at semantic validation."
DMLL-SEMANTIC_VALIDATION-03313,EX-DMLL-03313,constraint_solving,advanced_composition,semantic_validation,fail_as_expected,"This advanced Logic Functional Language (DeepML) example teaches constraint solving. It preserves the corpus-derived source → AST → typed/policy-verified semantic record → R12 → MCRT trace and uses deterministic IDs, hashes, provenance, and no-network safety. The example is intentionally invalid and must be rejected at semantic validation."
DMLL-SEMANTIC_VALIDATION-03321,EX-DMLL-03321,logic_graph_integration,advanced_composition,semantic_validation,fail_as_expected,"This advanced Logic Functional Language (DeepML) example teaches logic graph integration. It preserves the corpus-derived source → AST → typed/policy-verified semantic record → R12 → MCRT trace and uses deterministic IDs, hashes, provenance, and no-network safety. The example is intentionally invalid and must be rejected at semantic validation."
DMLL-SEMANTIC_VALIDATION-03329,EX-DMLL-03329,proof_term,advanced_composition,semantic_validation,fail_as_expected,"This advanced Logic Functional Language (DeepML) example teaches proof term. It preserves the corpus-derived source → AST → typed/policy-verified semantic record → R12 → MCRT trace and uses deterministic IDs, hashes, provenance, and no-network safety. The example is intentionally invalid and must be rejected at semantic validation."
DMLL-SEMANTIC_VALIDATION-03337,EX-DMLL-03337,memoization,advanced_composition,semantic_validation,fail_as_expected,"This advanced Logic Functional Language (DeepML) example teaches memoization. It preserves the corpus-derived source → AST → typed/policy-verified semantic record → R12 → MCRT trace and uses deterministic IDs, hashes, provenance, and no-network safety. The example is intentionally invalid and must be rejected at semantic validation."
DMLL-SEMANTIC_VALIDATION-03340,EX-DMLL-03340,symbolic_reasoning,advanced_composition,semantic_validation,fail_as_expected,"This advanced Logic Functional Language (DeepML) example teaches symbolic reasoning. It preserves the corpus-derived source → AST → typed/policy-verified semantic record → R12 → MCRT trace and uses deterministic IDs, hashes, provenance, and no-network safety. The example is intentionally invalid and must be rejected at semantic validation."
DMLL-SEMANTIC_VALIDATION-03348,EX-DMLL-03348,constraint_solving,advanced_composition,semantic_validation,fail_as_expected,"This advanced Logic Functional Language (DeepML) example teaches constraint solving. It preserves the corpus-derived source → AST → typed/policy-verified semantic record → R12 → MCRT trace and uses deterministic IDs, hashes, provenance, and no-network safety. The example is intentionally invalid and must be rejected at semantic validation."
DMLL-SEMANTIC_VALIDATION-03356,EX-DMLL-03356,logic_graph_integration,advanced_composition,semantic_validation,fail_as_expected,"This advanced Logic Functional Language (DeepML) example teaches logic graph integration. It preserves the corpus-derived source → AST → typed/policy-verified semantic record → R12 → MCRT trace and uses deterministic IDs, hashes, provenance, and no-network safety. The example is intentionally invalid and must be rejected at semantic validation."
DMLL-SEMANTIC_VALIDATION-03364,EX-DMLL-03364,proof_term,advanced_composition,semantic_validation,fail_as_expected,"This advanced Logic Functional Language (DeepML) example teaches proof term. It preserves the corpus-derived source → AST → typed/policy-verified semantic record → R12 → MCRT trace and uses deterministic IDs, hashes, provenance, and no-network safety. The example is intentionally invalid and must be rejected at semantic validation."
DMLL-SEMANTIC_VALIDATION-03367,EX-DMLL-03367,inference_strategy,advanced_composition,semantic_validation,fail_as_expected,"This advanced Logic Functional Language (DeepML) example teaches inference strategy. It preserves the corpus-derived source → AST → typed/policy-verified semantic record → R12 → MCRT trace and uses deterministic IDs, hashes, provenance, and no-network safety. The example is intentionally invalid and must be rejected at semantic validation."
DMLL-SEMANTIC_VALIDATION-03375,EX-DMLL-03375,symbolic_reasoning,advanced_composition,semantic_validation,fail_as_expected,"This advanced Logic Functional Language (DeepML) example teaches symbolic reasoning. It preserves the corpus-derived source → AST → typed/policy-verified semantic record → R12 → MCRT trace and uses deterministic IDs, hashes, provenance, and no-network safety. The example is intentionally invalid and must be rejected at semantic validation."
DMLL-SEMANTIC_VALIDATION-03383,EX-DMLL-03383,constraint_solving,advanced_composition,semantic_validation,fail_as_expected,"This advanced Logic Functional Language (DeepML) example teaches constraint solving. It preserves the corpus-derived source → AST → typed/policy-verified semantic record → R12 → MCRT trace and uses deterministic IDs, hashes, provenance, and no-network safety. The example is intentionally invalid and must be rejected at semantic validation."
DMLL-SEMANTIC_VALIDATION-03391,EX-DMLL-03391,logic_graph_integration,advanced_composition,semantic_validation,fail_as_expected,"This advanced Logic Functional Language (DeepML) example teaches logic graph integration. It preserves the corpus-derived source → AST → typed/policy-verified semantic record → R12 → MCRT trace and uses deterministic IDs, hashes, provenance, and no-network safety. The example is intentionally invalid and must be rejected at semantic validation."
DMLL-SEMANTIC_VALIDATION-03394,EX-DMLL-03394,theorem,advanced_composition,semantic_validation,fail_as_expected,"This advanced Logic Functional Language (DeepML) example teaches theorem. It preserves the corpus-derived source → AST → typed/policy-verified semantic record → R12 → MCRT trace and uses deterministic IDs, hashes, provenance, and no-network safety. The example is intentionally invalid and must be rejected at semantic validation."
DMLL-SEMANTIC_VALIDATION-03402,EX-DMLL-03402,inference_strategy,advanced_composition,semantic_validation,fail_as_expected,"This advanced Logic Functional Language (DeepML) example teaches inference strategy. It preserves the corpus-derived source → AST → typed/policy-verified semantic record → R12 → MCRT trace and uses deterministic IDs, hashes, provenance, and no-network safety. The example is intentionally invalid and must be rejected at semantic validation."
DMLL-SEMANTIC_VALIDATION-03410,EX-DMLL-03410,symbolic_reasoning,advanced_composition,semantic_validation,fail_as_expected,"This advanced Logic Functional Language (DeepML) example teaches symbolic reasoning. It preserves the corpus-derived source → AST → typed/policy-verified semantic record → R12 → MCRT trace and uses deterministic IDs, hashes, provenance, and no-network safety. The example is intentionally invalid and must be rejected at semantic validation."
DMLL-SEMANTIC_VALIDATION-03413,EX-DMLL-03413,proof_term,advanced_composition,semantic_validation,fail_as_expected,"This advanced Logic Functional Language (DeepML) example teaches proof term. It preserves the corpus-derived source → AST → typed/policy-verified semantic record → R12 → MCRT trace and uses deterministic IDs, hashes, provenance, and no-network safety. The example is intentionally invalid and must be rejected at semantic validation."
DMLL-SEMANTIC_VALIDATION-03421,EX-DMLL-03421,memoization,advanced_composition,semantic_validation,fail_as_expected,"This advanced Logic Functional Language (DeepML) example teaches memoization. It preserves the corpus-derived source → AST → typed/policy-verified semantic record → R12 → MCRT trace and uses deterministic IDs, hashes, provenance, and no-network safety. The example is intentionally invalid and must be rejected at semantic validation."
DMLL-SEMANTIC_VALIDATION-03429,EX-DMLL-03429,theorem,advanced_composition,semantic_validation,fail_as_expected,"This advanced Logic Functional Language (DeepML) example teaches theorem. It preserves the corpus-derived source → AST → typed/policy-verified semantic record → R12 → MCRT trace and uses deterministic IDs, hashes, provenance, and no-network safety. The example is intentionally invalid and must be rejected at semantic validation."
DMLL-SEMANTIC_VALIDATION-03437,EX-DMLL-03437,inference_strategy,advanced_composition,semantic_validation,fail_as_expected,"This advanced Logic Functional Language (DeepML) example teaches inference strategy. It preserves the corpus-derived source → AST → typed/policy-verified semantic record → R12 → MCRT trace and uses deterministic IDs, hashes, provenance, and no-network safety. The example is intentionally invalid and must be rejected at semantic validation."
DMLL-SEMANTIC_VALIDATION-03440,EX-DMLL-03440,logic_graph_integration,advanced_composition,semantic_validation,fail_as_expected,"This advanced Logic Functional Language (DeepML) example teaches logic graph integration. It preserves the corpus-derived source → AST → typed/policy-verified semantic record → R12 → MCRT trace and uses deterministic IDs, hashes, provenance, and no-network safety. The example is intentionally invalid and must be rejected at semantic validation."
DMLL-SEMANTIC_VALIDATION-03448,EX-DMLL-03448,proof_term,advanced_composition,semantic_validation,fail_as_expected,"This advanced Logic Functional Language (DeepML) example teaches proof term. It preserves the corpus-derived source → AST → typed/policy-verified semantic record → R12 → MCRT trace and uses deterministic IDs, hashes, provenance, and no-network safety. The example is intentionally invalid and must be rejected at semantic validation."
DMLL-SEMANTIC_VALIDATION-03456,EX-DMLL-03456,memoization,advanced_composition,semantic_validation,fail_as_expected,"This advanced Logic Functional Language (DeepML) example teaches memoization. It preserves the corpus-derived source → AST → typed/policy-verified semantic record → R12 → MCRT trace and uses deterministic IDs, hashes, provenance, and no-network safety. The example is intentionally invalid and must be rejected at semantic validation."
DMLL-SEMANTIC_VALIDATION-03464,EX-DMLL-03464,theorem,advanced_composition,semantic_validation,fail_as_expected,"This advanced Logic Functional Language (DeepML) example teaches theorem. It preserves the corpus-derived source → AST → typed/policy-verified semantic record → R12 → MCRT trace and uses deterministic IDs, hashes, provenance, and no-network safety. The example is intentionally invalid and must be rejected at semantic validation."
DMLL-SEMANTIC_VALIDATION-03467,EX-DMLL-03467,constraint_solving,advanced_composition,semantic_validation,fail_as_expected,"This advanced Logic Functional Language (DeepML) example teaches constraint solving. It preserves the corpus-derived source → AST → typed/policy-verified semantic record → R12 → MCRT trace and uses deterministic IDs, hashes, provenance, and no-network safety. The example is intentionally invalid and must be rejected at semantic validation."
DMLL-SEMANTIC_VALIDATION-03475,EX-DMLL-03475,logic_graph_integration,advanced_composition,semantic_validation,fail_as_expected,"This advanced Logic Functional Language (DeepML) example teaches logic graph integration. It preserves the corpus-derived source → AST → typed/policy-verified semantic record → R12 → MCRT trace and uses deterministic IDs, hashes, provenance, and no-network safety. The example is intentionally invalid and must be rejected at semantic validation."
DMLL-SEMANTIC_VALIDATION-03483,EX-DMLL-03483,proof_term,advanced_composition,semantic_validation,fail_as_expected,"This advanced Logic Functional Language (DeepML) example teaches proof term. It preserves the corpus-derived source → AST → typed/policy-verified semantic record → R12 → MCRT trace and uses deterministic IDs, hashes, provenance, and no-network safety. The example is intentionally invalid and must be rejected at semantic validation."
DMLL-SEMANTIC_VALIDATION-03491,EX-DMLL-03491,memoization,advanced_composition,semantic_validation,fail_as_expected,"This advanced Logic Functional Language (DeepML) example teaches memoization. It preserves the corpus-derived source → AST → typed/policy-verified semantic record → R12 → MCRT trace and uses deterministic IDs, hashes, provenance, and no-network safety. The example is intentionally invalid and must be rejected at semantic validation."
DMLL-SEMANTIC_VALIDATION-03494,EX-DMLL-03494,symbolic_reasoning,advanced_composition,semantic_validation,fail_as_expected,"This advanced Logic Functional Language (DeepML) example teaches symbolic reasoning. It preserves the corpus-derived source → AST → typed/policy-verified semantic record → R12 → MCRT trace and uses deterministic IDs, hashes, provenance, and no-network safety. The example is intentionally invalid and must be rejected at semantic validation."
DMLL-SEMANTIC_VALIDATION-03502,EX-DMLL-03502,constraint_solving,advanced_composition,semantic_validation,fail_as_expected,"This advanced Logic Functional Language (DeepML) example teaches constraint solving. It preserves the corpus-derived source → AST → typed/policy-verified semantic record → R12 → MCRT trace and uses deterministic IDs, hashes, provenance, and no-network safety. The example is intentionally invalid and must be rejected at semantic validation."
DMLL-SEMANTIC_VALIDATION-03510,EX-DMLL-03510,logic_graph_integration,advanced_composition,semantic_validation,fail_as_expected,"This advanced Logic Functional Language (DeepML) example teaches logic graph integration. It preserves the corpus-derived source → AST → typed/policy-verified semantic record → R12 → MCRT trace and uses deterministic IDs, hashes, provenance, and no-network safety. The example is intentionally invalid and must be rejected at semantic validation."
DMLL-SEMANTIC_VALIDATION-03513,EX-DMLL-03513,theorem,advanced_composition,semantic_validation,fail_as_expected,"This advanced Logic Functional Language (DeepML) example teaches theorem. It preserves the corpus-derived source → AST → typed/policy-verified semantic record → R12 → MCRT trace and uses deterministic IDs, hashes, provenance, and no-network safety. The example is intentionally invalid and must be rejected at semantic validation."
DMLL-SEMANTIC_VALIDATION-03521,EX-DMLL-03521,inference_strategy,advanced_composition,semantic_validation,fail_as_expected,"This advanced Logic Functional Language (DeepML) example teaches inference strategy. It preserves the corpus-derived source → AST → typed/policy-verified semantic record → R12 → MCRT trace and uses deterministic IDs, hashes, provenance, and no-network safety. The example is intentionally invalid and must be rejected at semantic validation."
DMLL-SEMANTIC_VALIDATION-03529,EX-DMLL-03529,symbolic_reasoning,advanced_composition,semantic_validation,fail_as_expected,"This advanced Logic Functional Language (DeepML) example teaches symbolic reasoning. It preserves the corpus-derived source → AST → typed/policy-verified semantic record → R12 → MCRT trace and uses deterministic IDs, hashes, provenance, and no-network safety. The example is intentionally invalid and must be rejected at semantic validation."
DMLL-SEMANTIC_VALIDATION-03537,EX-DMLL-03537,constraint_solving,advanced_composition,semantic_validation,fail_as_expected,"This advanced Logic Functional Language (DeepML) example teaches constraint solving. It preserves the corpus-derived source → AST → typed/policy-verified semantic record → R12 → MCRT trace and uses deterministic IDs, hashes, provenance, and no-network safety. The example is intentionally invalid and must be rejected at semantic validation."
DMLL-SEMANTIC_VALIDATION-03540,EX-DMLL-03540,memoization,advanced_composition,semantic_validation,fail_as_expected,"This advanced Logic Functional Language (DeepML) example teaches memoization. It preserves the corpus-derived source → AST → typed/policy-verified semantic record → R12 → MCRT trace and uses deterministic IDs, hashes, provenance, and no-network safety. The example is intentionally invalid and must be rejected at semantic validation."
DMLL-SEMANTIC_VALIDATION-03548,EX-DMLL-03548,theorem,advanced_composition,semantic_validation,fail_as_expected,"This advanced Logic Functional Language (DeepML) example teaches theorem. It preserves the corpus-derived source → AST → typed/policy-verified semantic record → R12 → MCRT trace and uses deterministic IDs, hashes, provenance, and no-network safety. The example is intentionally invalid and must be rejected at semantic validation."
DMLL-SEMANTIC_VALIDATION-03556,EX-DMLL-03556,inference_strategy,advanced_composition,semantic_validation,fail_as_expected,"This advanced Logic Functional Language (DeepML) example teaches inference strategy. It preserves the corpus-derived source → AST → typed/policy-verified semantic record → R12 → MCRT trace and uses deterministic IDs, hashes, provenance, and no-network safety. The example is intentionally invalid and must be rejected at semantic validation."
DMLL-SEMANTIC_VALIDATION-03564,EX-DMLL-03564,symbolic_reasoning,advanced_composition,semantic_validation,fail_as_expected,"This advanced Logic Functional Language (DeepML) example teaches symbolic reasoning. It preserves the corpus-derived source → AST → typed/policy-verified semantic record → R12 → MCRT trace and uses deterministic IDs, hashes, provenance, and no-network safety. The example is intentionally invalid and must be rejected at semantic validation."
DMLL-SEMANTIC_VALIDATION-03567,EX-DMLL-03567,proof_term,advanced_composition,semantic_validation,fail_as_expected,"This advanced Logic Functional Language (DeepML) example teaches proof term. It preserves the corpus-derived source → AST → typed/policy-verified semantic record → R12 → MCRT trace and uses deterministic IDs, hashes, provenance, and no-network safety. The example is intentionally invalid and must be rejected at semantic validation."
DMLL-SEMANTIC_VALIDATION-03575,EX-DMLL-03575,memoization,advanced_composition,semantic_validation,fail_as_expected,"This advanced Logic Functional Language (DeepML) example teaches memoization. It preserves the corpus-derived source → AST → typed/policy-verified semantic record → R12 → MCRT trace and uses deterministic IDs, hashes, provenance, and no-network safety. The example is intentionally invalid and must be rejected at semantic validation."
DMLL-SEMANTIC_VALIDATION-03583,EX-DMLL-03583,theorem,advanced_composition,semantic_validation,fail_as_expected,"This advanced Logic Functional Language (DeepML) example teaches theorem. It preserves the corpus-derived source → AST → typed/policy-verified semantic record → R12 → MCRT trace and uses deterministic IDs, hashes, provenance, and no-network safety. The example is intentionally invalid and must be rejected at semantic validation."
DMLL-SEMANTIC_VALIDATION-03591,EX-DMLL-03591,inference_strategy,advanced_composition,semantic_validation,fail_as_expected,"This advanced Logic Functional Language (DeepML) example teaches inference strategy. It preserves the corpus-derived source → AST → typed/policy-verified semantic record → R12 → MCRT trace and uses deterministic IDs, hashes, provenance, and no-network safety. The example is intentionally invalid and must be rejected at semantic validation."
DMLL-SEMANTIC_VALIDATION-03594,EX-DMLL-03594,logic_graph_integration,advanced_composition,semantic_validation,fail_as_expected,"This advanced Logic Functional Language (DeepML) example teaches logic graph integration. It preserves the corpus-derived source → AST → typed/policy-verified semantic record → R12 → MCRT trace and uses deterministic IDs, hashes, provenance, and no-network safety. The example is intentionally invalid and must be rejected at semantic validation."
DMLL-SEMANTIC_VALIDATION-03602,EX-DMLL-03602,proof_term,advanced_composition,semantic_validation,fail_as_expected,"This advanced Logic Functional Language (DeepML) example teaches proof term. It preserves the corpus-derived source → AST → typed/policy-verified semantic record → R12 → MCRT trace and uses deterministic IDs, hashes, provenance, and no-network safety. The example is intentionally invalid and must be rejected at semantic validation."
DMLL-SEMANTIC_VALIDATION-03610,EX-DMLL-03610,memoization,advanced_composition,semantic_validation,fail_as_expected,"This advanced Logic Functional Language (DeepML) example teaches memoization. It preserves the corpus-derived source → AST → typed/policy-verified semantic record → R12 → MCRT trace and uses deterministic IDs, hashes, provenance, and no-network safety. The example is intentionally invalid and must be rejected at semantic validation."
DMLL-SEMANTIC_VALIDATION-03613,EX-DMLL-03613,symbolic_reasoning,advanced_composition,semantic_validation,fail_as_expected,"This advanced Logic Functional Language (DeepML) example teaches symbolic reasoning. It preserves the corpus-derived source → AST → typed/policy-verified semantic record → R12 → MCRT trace and uses deterministic IDs, hashes, provenance, and no-network safety. The example is intentionally invalid and must be rejected at semantic validation."
DMLL-SEMANTIC_VALIDATION-03621,EX-DMLL-03621,constraint_solving,advanced_composition,semantic_validation,fail_as_expected,"This advanced Logic Functional Language (DeepML) example teaches constraint solving. It preserves the corpus-derived source → AST → typed/policy-verified semantic record → R12 → MCRT trace and uses deterministic IDs, hashes, provenance, and no-network safety. The example is intentionally invalid and must be rejected at semantic validation."
DMLL-SEMANTIC_VALIDATION-03629,EX-DMLL-03629,logic_graph_integration,advanced_composition,semantic_validation,fail_as_expected,"This advanced Logic Functional Language (DeepML) example teaches logic graph integration. It preserves the corpus-derived source → AST → typed/policy-verified semantic record → R12 → MCRT trace and uses deterministic IDs, hashes, provenance, and no-network safety. The example is intentionally invalid and must be rejected at semantic validation."
DMLL-SEMANTIC_VALIDATION-03637,EX-DMLL-03637,proof_term,advanced_composition,semantic_validation,fail_as_expected,"This advanced Logic Functional Language (DeepML) example teaches proof term. It preserves the corpus-derived source → AST → typed/policy-verified semantic record → R12 → MCRT trace and uses deterministic IDs, hashes, provenance, and no-network safety. The example is intentionally invalid and must be rejected at semantic validation."
DMLL-SEMANTIC_VALIDATION-03640,EX-DMLL-03640,inference_strategy,advanced_composition,semantic_validation,fail_as_expected,"This advanced Logic Functional Language (DeepML) example teaches inference strategy. It preserves the corpus-derived source → AST → typed/policy-verified semantic record → R12 → MCRT trace and uses deterministic IDs, hashes, provenance, and no-network safety. The example is intentionally invalid and must be rejected at semantic validation."
DMLL-SEMANTIC_VALIDATION-03648,EX-DMLL-03648,symbolic_reasoning,advanced_composition,semantic_validation,fail_as_expected,"This advanced Logic Functional Language (DeepML) example teaches symbolic reasoning. It preserves the corpus-derived source → AST → typed/policy-verified semantic record → R12 → MCRT trace and uses deterministic IDs, hashes, provenance, and no-network safety. The example is intentionally invalid and must be rejected at semantic validation."
DMLL-SEMANTIC_VALIDATION-03656,EX-DMLL-03656,constraint_solving,advanced_composition,semantic_validation,fail_as_expected,"This advanced Logic Functional Language (DeepML) example teaches constraint solving. It preserves the corpus-derived source → AST → typed/policy-verified semantic record → R12 → MCRT trace and uses deterministic IDs, hashes, provenance, and no-network safety. The example is intentionally invalid and must be rejected at semantic validation."
DMLL-SEMANTIC_VALIDATION-03664,EX-DMLL-03664,logic_graph_integration,advanced_composition,semantic_validation,fail_as_expected,"This advanced Logic Functional Language (DeepML) example teaches logic graph integration. It preserves the corpus-derived source → AST → typed/policy-verified semantic record → R12 → MCRT trace and uses deterministic IDs, hashes, provenance, and no-network safety. The example is intentionally invalid and must be rejected at semantic validation."
DMLL-SEMANTIC_VALIDATION-03667,EX-DMLL-03667,theorem,advanced_composition,semantic_validation,fail_as_expected,"This advanced Logic Functional Language (DeepML) example teaches theorem. It preserves the corpus-derived source → AST → typed/policy-verified semantic record → R12 → MCRT trace and uses deterministic IDs, hashes, provenance, and no-network safety. The example is intentionally invalid and must be rejected at semantic validation."
DMLL-SEMANTIC_VALIDATION-03675,EX-DMLL-03675,inference_strategy,advanced_composition,semantic_validation,fail_as_expected,"This advanced Logic Functional Language (DeepML) example teaches inference strategy. It preserves the corpus-derived source → AST → typed/policy-verified semantic record → R12 → MCRT trace and uses deterministic IDs, hashes, provenance, and no-network safety. The example is intentionally invalid and must be rejected at semantic validation."
DMLL-SEMANTIC_VALIDATION-03683,EX-DMLL-03683,symbolic_reasoning,advanced_composition,semantic_validation,fail_as_expected,"This advanced Logic Functional Language (DeepML) example teaches symbolic reasoning. It preserves the corpus-derived source → AST → typed/policy-verified semantic record → R12 → MCRT trace and uses deterministic IDs, hashes, provenance, and no-network safety. The example is intentionally invalid and must be rejected at semantic validation."
DMLL-SEMANTIC_VALIDATION-03691,EX-DMLL-03691,constraint_solving,advanced_composition,semantic_validation,fail_as_expected,"This advanced Logic Functional Language (DeepML) example teaches constraint solving. It preserves the corpus-derived source → AST → typed/policy-verified semantic record → R12 → MCRT trace and uses deterministic IDs, hashes, provenance, and no-network safety. The example is intentionally invalid and must be rejected at semantic validation."
DMLL-SEMANTIC_VALIDATION-03694,EX-DMLL-03694,memoization,advanced_composition,semantic_validation,fail_as_expected,"This advanced Logic Functional Language (DeepML) example teaches memoization. It preserves the corpus-derived source → AST → typed/policy-verified semantic record → R12 → MCRT trace and uses deterministic IDs, hashes, provenance, and no-network safety. The example is intentionally invalid and must be rejected at semantic validation."
DMLL-SEMANTIC_VALIDATION-03702,EX-DMLL-03702,theorem,advanced_composition,semantic_validation,fail_as_expected,"This advanced Logic Functional Language (DeepML) example teaches theorem. It preserves the corpus-derived source → AST → typed/policy-verified semantic record → R12 → MCRT trace and uses deterministic IDs, hashes, provenance, and no-network safety. The example is intentionally invalid and must be rejected at semantic validation."
DMLL-SEMANTIC_VALIDATION-03710,EX-DMLL-03710,inference_strategy,advanced_composition,semantic_validation,fail_as_expected,"This advanced Logic Functional Language (DeepML) example teaches inference strategy. It preserves the corpus-derived source → AST → typed/policy-verified semantic record → R12 → MCRT trace and uses deterministic IDs, hashes, provenance, and no-network safety. The example is intentionally invalid and must be rejected at semantic validation."
DMLL-SEMANTIC_VALIDATION-03713,EX-DMLL-03713,logic_graph_integration,advanced_composition,semantic_validation,fail_as_expected,"This advanced Logic Functional Language (DeepML) example teaches logic graph integration. It preserves the corpus-derived source → AST → typed/policy-verified semantic record → R12 → MCRT trace and uses deterministic IDs, hashes, provenance, and no-network safety. The example is intentionally invalid and must be rejected at semantic validation."
DMLL-SEMANTIC_VALIDATION-03721,EX-DMLL-03721,proof_term,advanced_composition,semantic_validation,fail_as_expected,"This advanced Logic Functional Language (DeepML) example teaches proof term. It preserves the corpus-derived source → AST → typed/policy-verified semantic record → R12 → MCRT trace and uses deterministic IDs, hashes, provenance, and no-network safety. The example is intentionally invalid and must be rejected at semantic validation."
DMLL-SEMANTIC_VALIDATION-03729,EX-DMLL-03729,memoization,advanced_composition,semantic_validation,fail_as_expected,"This advanced Logic Functional Language (DeepML) example teaches memoization. It preserves the corpus-derived source → AST → typed/policy-verified semantic record → R12 → MCRT trace and uses deterministic IDs, hashes, provenance, and no-network safety. The example is intentionally invalid and must be rejected at semantic validation."
DMLL-SEMANTIC_VALIDATION-03737,EX-DMLL-03737,theorem,advanced_composition,semantic_validation,fail_as_expected,"This advanced Logic Functional Language (DeepML) example teaches theorem. It preserves the corpus-derived source → AST → typed/policy-verified semantic record → R12 → MCRT trace and uses deterministic IDs, hashes, provenance, and no-network safety. The example is intentionally invalid and must be rejected at semantic validation."
DMLL-SEMANTIC_VALIDATION-03740,EX-DMLL-03740,constraint_solving,advanced_composition,semantic_validation,fail_as_expected,"This advanced Logic Functional Language (DeepML) example teaches constraint solving. It preserves the corpus-derived source → AST → typed/policy-verified semantic record → R12 → MCRT trace and uses deterministic IDs, hashes, provenance, and no-network safety. The example is intentionally invalid and must be rejected at semantic validation."
DMLL-SEMANTIC_VALIDATION-03748,EX-DMLL-03748,logic_graph_integration,advanced_composition,semantic_validation,fail_as_expected,"This advanced Logic Functional Language (DeepML) example teaches logic graph integration. It preserves the corpus-derived source → AST → typed/policy-verified semantic record → R12 → MCRT trace and uses deterministic IDs, hashes, provenance, and no-network safety. The example is intentionally invalid and must be rejected at semantic validation."
DMLL-SEMANTIC_VALIDATION-03756,EX-DMLL-03756,proof_term,advanced_composition,semantic_validation,fail_as_expected,"This advanced Logic Functional Language (DeepML) example teaches proof term. It preserves the corpus-derived source → AST → typed/policy-verified semantic record → R12 → MCRT trace and uses deterministic IDs, hashes, provenance, and no-network safety. The example is intentionally invalid and must be rejected at semantic validation."
DMLL-SEMANTIC_VALIDATION-03764,EX-DMLL-03764,memoization,advanced_composition,semantic_validation,fail_as_expected,"This advanced Logic Functional Language (DeepML) example teaches memoization. It preserves the corpus-derived source → AST → typed/policy-verified semantic record → R12 → MCRT trace and uses deterministic IDs, hashes, provenance, and no-network safety. The example is intentionally invalid and must be rejected at semantic validation."
DMLL-SEMANTIC_VALIDATION-03767,EX-DMLL-03767,symbolic_reasoning,advanced_composition,semantic_validation,fail_as_expected,"This advanced Logic Functional Language (DeepML) example teaches symbolic reasoning. It preserves the corpus-derived source → AST → typed/policy-verified semantic record → R12 → MCRT trace and uses deterministic IDs, hashes, provenance, and no-network safety. The example is intentionally invalid and must be rejected at semantic validation."
DMLL-SEMANTIC_VALIDATION-03775,EX-DMLL-03775,constraint_solving,advanced_composition,semantic_validation,fail_as_expected,"This advanced Logic Functional Language (DeepML) example teaches constraint solving. It preserves the corpus-derived source → AST → typed/policy-verified semantic record → R12 → MCRT trace and uses deterministic IDs, hashes, provenance, and no-network safety. The example is intentionally invalid and must be rejected at semantic validation."
DMLL-SEMANTIC_VALIDATION-03783,EX-DMLL-03783,logic_graph_integration,advanced_composition,semantic_validation,fail_as_expected,"This advanced Logic Functional Language (DeepML) example teaches logic graph integration. It preserves the corpus-derived source → AST → typed/policy-verified semantic record → R12 → MCRT trace and uses deterministic IDs, hashes, provenance, and no-network safety. The example is intentionally invalid and must be rejected at semantic validation."
DMLL-SEMANTIC_VALIDATION-03791,EX-DMLL-03791,proof_term,advanced_composition,semantic_validation,fail_as_expected,"This advanced Logic Functional Language (DeepML) example teaches proof term. It preserves the corpus-derived source → AST → typed/policy-verified semantic record → R12 → MCRT trace and uses deterministic IDs, hashes, provenance, and no-network safety. The example is intentionally invalid and must be rejected at semantic validation."
DMLL-SEMANTIC_VALIDATION-03794,EX-DMLL-03794,inference_strategy,advanced_composition,semantic_validation,fail_as_expected,"This advanced Logic Functional Language (DeepML) example teaches inference strategy. It preserves the corpus-derived source → AST → typed/policy-verified semantic record → R12 → MCRT trace and uses deterministic IDs, hashes, provenance, and no-network safety. The example is intentionally invalid and must be rejected at semantic validation."
DMLL-SEMANTIC_VALIDATION-03802,EX-DMLL-03802,symbolic_reasoning,advanced_composition,semantic_validation,fail_as_expected,"This advanced Logic Functional Language (DeepML) example teaches symbolic reasoning. It preserves the corpus-derived source → AST → typed/policy-verified semantic record → R12 → MCRT trace and uses deterministic IDs, hashes, provenance, and no-network safety. The example is intentionally invalid and must be rejected at semantic validation."
DMLL-SEMANTIC_VALIDATION-03810,EX-DMLL-03810,constraint_solving,advanced_composition,semantic_validation,fail_as_expected,"This advanced Logic Functional Language (DeepML) example teaches constraint solving. It preserves the corpus-derived source → AST → typed/policy-verified semantic record → R12 → MCRT trace and uses deterministic IDs, hashes, provenance, and no-network safety. The example is intentionally invalid and must be rejected at semantic validation."
DMLL-SEMANTIC_VALIDATION-03813,EX-DMLL-03813,memoization,advanced_composition,semantic_validation,fail_as_expected,"This advanced Logic Functional Language (DeepML) example teaches memoization. It preserves the corpus-derived source → AST → typed/policy-verified semantic record → R12 → MCRT trace and uses deterministic IDs, hashes, provenance, and no-network safety. The example is intentionally invalid and must be rejected at semantic validation."
DMLL-SEMANTIC_VALIDATION-03821,EX-DMLL-03821,theorem,advanced_composition,semantic_validation,fail_as_expected,"This advanced Logic Functional Language (DeepML) example teaches theorem. It preserves the corpus-derived source → AST → typed/policy-verified semantic record → R12 → MCRT trace and uses deterministic IDs, hashes, provenance, and no-network safety. The example is intentionally invalid and must be rejected at semantic validation."
DMLL-SEMANTIC_VALIDATION-03829,EX-DMLL-03829,inference_strategy,advanced_composition,semantic_validation,fail_as_expected,"This advanced Logic Functional Language (DeepML) example teaches inference strategy. It preserves the corpus-derived source → AST → typed/policy-verified semantic record → R12 → MCRT trace and uses deterministic IDs, hashes, provenance, and no-network safety. The example is intentionally invalid and must be rejected at semantic validation."
DMLL-SEMANTIC_VALIDATION-03837,EX-DMLL-03837,symbolic_reasoning,advanced_composition,semantic_validation,fail_as_expected,"This advanced Logic Functional Language (DeepML) example teaches symbolic reasoning. It preserves the corpus-derived source → AST → typed/policy-verified semantic record → R12 → MCRT trace and uses deterministic IDs, hashes, provenance, and no-network safety. The example is intentionally invalid and must be rejected at semantic validation."
DMLL-SEMANTIC_VALIDATION-03840,EX-DMLL-03840,proof_term,advanced_composition,semantic_validation,fail_as_expected,"This advanced Logic Functional Language (DeepML) example teaches proof term. It preserves the corpus-derived source → AST → typed/policy-verified semantic record → R12 → MCRT trace and uses deterministic IDs, hashes, provenance, and no-network safety. The example is intentionally invalid and must be rejected at semantic validation."
DMLL-SEMANTIC_VALIDATION-03848,EX-DMLL-03848,memoization,advanced_composition,semantic_validation,fail_as_expected,"This advanced Logic Functional Language (DeepML) example teaches memoization. It preserves the corpus-derived source → AST → typed/policy-verified semantic record → R12 → MCRT trace and uses deterministic IDs, hashes, provenance, and no-network safety. The example is intentionally invalid and must be rejected at semantic validation."
DMLL-SEMANTIC_VALIDATION-03856,EX-DMLL-03856,theorem,advanced_composition,semantic_validation,fail_as_expected,"This advanced Logic Functional Language (DeepML) example teaches theorem. It preserves the corpus-derived source → AST → typed/policy-verified semantic record → R12 → MCRT trace and uses deterministic IDs, hashes, provenance, and no-network safety. The example is intentionally invalid and must be rejected at semantic validation."
DMLL-SEMANTIC_VALIDATION-03864,EX-DMLL-03864,inference_strategy,advanced_composition,semantic_validation,fail_as_expected,"This advanced Logic Functional Language (DeepML) example teaches inference strategy. It preserves the corpus-derived source → AST → typed/policy-verified semantic record → R12 → MCRT trace and uses deterministic IDs, hashes, provenance, and no-network safety. The example is intentionally invalid and must be rejected at semantic validation."
DMLL-SEMANTIC_VALIDATION-03867,EX-DMLL-03867,logic_graph_integration,advanced_composition,semantic_validation,fail_as_expected,"This advanced Logic Functional Language (DeepML) example teaches logic graph integration. It preserves the corpus-derived source → AST → typed/policy-verified semantic record → R12 → MCRT trace and uses deterministic IDs, hashes, provenance, and no-network safety. The example is intentionally invalid and must be rejected at semantic validation."
DMLL-SEMANTIC_VALIDATION-03875,EX-DMLL-03875,proof_term,advanced_composition,semantic_validation,fail_as_expected,"This advanced Logic Functional Language (DeepML) example teaches proof term. It preserves the corpus-derived source → AST → typed/policy-verified semantic record → R12 → MCRT trace and uses deterministic IDs, hashes, provenance, and no-network safety. The example is intentionally invalid and must be rejected at semantic validation."
DMLL-SEMANTIC_VALIDATION-03883,EX-DMLL-03883,memoization,advanced_composition,semantic_validation,fail_as_expected,"This advanced Logic Functional Language (DeepML) example teaches memoization. It preserves the corpus-derived source → AST → typed/policy-verified semantic record → R12 → MCRT trace and uses deterministic IDs, hashes, provenance, and no-network safety. The example is intentionally invalid and must be rejected at semantic validation."
DMLL-SEMANTIC_VALIDATION-03891,EX-DMLL-03891,theorem,advanced_composition,semantic_validation,fail_as_expected,"This advanced Logic Functional Language (DeepML) example teaches theorem. It preserves the corpus-derived source → AST → typed/policy-verified semantic record → R12 → MCRT trace and uses deterministic IDs, hashes, provenance, and no-network safety. The example is intentionally invalid and must be rejected at semantic validation."
DMLL-SEMANTIC_VALIDATION-03894,EX-DMLL-03894,constraint_solving,advanced_composition,semantic_validation,fail_as_expected,"This advanced Logic Functional Language (DeepML) example teaches constraint solving. It preserves the corpus-derived source → AST → typed/policy-verified semantic record → R12 → MCRT trace and uses deterministic IDs, hashes, provenance, and no-network safety. The example is intentionally invalid and must be rejected at semantic validation."
DMLL-SEMANTIC_VALIDATION-03902,EX-DMLL-03902,logic_graph_integration,advanced_composition,semantic_validation,fail_as_expected,"This advanced Logic Functional Language (DeepML) example teaches logic graph integration. It preserves the corpus-derived source → AST → typed/policy-verified semantic record → R12 → MCRT trace and uses deterministic IDs, hashes, provenance, and no-network safety. The example is intentionally invalid and must be rejected at semantic validation."
DMLL-SEMANTIC_VALIDATION-03910,EX-DMLL-03910,proof_term,advanced_composition,semantic_validation,fail_as_expected,"This advanced Logic Functional Language (DeepML) example teaches proof term. It preserves the corpus-derived source → AST → typed/policy-verified semantic record → R12 → MCRT trace and uses deterministic IDs, hashes, provenance, and no-network safety. The example is intentionally invalid and must be rejected at semantic validation."
DMLL-SEMANTIC_VALIDATION-03913,EX-DMLL-03913,inference_strategy,advanced_composition,semantic_validation,fail_as_expected,"This advanced Logic Functional Language (DeepML) example teaches inference strategy. It preserves the corpus-derived source → AST → typed/policy-verified semantic record → R12 → MCRT trace and uses deterministic IDs, hashes, provenance, and no-network safety. The example is intentionally invalid and must be rejected at semantic validation."
DMLL-SEMANTIC_VALIDATION-03921,EX-DMLL-03921,symbolic_reasoning,advanced_composition,semantic_validation,fail_as_expected,"This advanced Logic Functional Language (DeepML) example teaches symbolic reasoning. It preserves the corpus-derived source → AST → typed/policy-verified semantic record → R12 → MCRT trace and uses deterministic IDs, hashes, provenance, and no-network safety. The example is intentionally invalid and must be rejected at semantic validation."
DMLL-SEMANTIC_VALIDATION-03929,EX-DMLL-03929,constraint_solving,advanced_composition,semantic_validation,fail_as_expected,"This advanced Logic Functional Language (DeepML) example teaches constraint solving. It preserves the corpus-derived source → AST → typed/policy-verified semantic record → R12 → MCRT trace and uses deterministic IDs, hashes, provenance, and no-network safety. The example is intentionally invalid and must be rejected at semantic validation."
DMLL-SEMANTIC_VALIDATION-03937,EX-DMLL-03937,logic_graph_integration,advanced_composition,semantic_validation,fail_as_expected,"This advanced Logic Functional Language (DeepML) example teaches logic graph integration. It preserves the corpus-derived source → AST → typed/policy-verified semantic record → R12 → MCRT trace and uses deterministic IDs, hashes, provenance, and no-network safety. The example is intentionally invalid and must be rejected at semantic validation."
DMLL-SEMANTIC_VALIDATION-03940,EX-DMLL-03940,theorem,advanced_composition,semantic_validation,fail_as_expected,"This advanced Logic Functional Language (DeepML) example teaches theorem. It preserves the corpus-derived source → AST → typed/policy-verified semantic record → R12 → MCRT trace and uses deterministic IDs, hashes, provenance, and no-network safety. The example is intentionally invalid and must be rejected at semantic validation."
DMLL-SEMANTIC_VALIDATION-03948,EX-DMLL-03948,inference_strategy,advanced_composition,semantic_validation,fail_as_expected,"This advanced Logic Functional Language (DeepML) example teaches inference strategy. It preserves the corpus-derived source → AST → typed/policy-verified semantic record → R12 → MCRT trace and uses deterministic IDs, hashes, provenance, and no-network safety. The example is intentionally invalid and must be rejected at semantic validation."
DMLL-SEMANTIC_VALIDATION-03956,EX-DMLL-03956,symbolic_reasoning,advanced_composition,semantic_validation,fail_as_expected,"This advanced Logic Functional Language (DeepML) example teaches symbolic reasoning. It preserves the corpus-derived source → AST → typed/policy-verified semantic record → R12 → MCRT trace and uses deterministic IDs, hashes, provenance, and no-network safety. The example is intentionally invalid and must be rejected at semantic validation."
DMLL-SEMANTIC_VALIDATION-03964,EX-DMLL-03964,constraint_solving,advanced_composition,semantic_validation,fail_as_expected,"This advanced Logic Functional Language (DeepML) example teaches constraint solving. It preserves the corpus-derived source → AST → typed/policy-verified semantic record → R12 → MCRT trace and uses deterministic IDs, hashes, provenance, and no-network safety. The example is intentionally invalid and must be rejected at semantic validation."
DMLL-SEMANTIC_VALIDATION-03967,EX-DMLL-03967,memoization,advanced_composition,semantic_validation,fail_as_expected,"This advanced Logic Functional Language (DeepML) example teaches memoization. It preserves the corpus-derived source → AST → typed/policy-verified semantic record → R12 → MCRT trace and uses deterministic IDs, hashes, provenance, and no-network safety. The example is intentionally invalid and must be rejected at semantic validation."
DMLL-SEMANTIC_VALIDATION-03975,EX-DMLL-03975,theorem,advanced_composition,semantic_validation,fail_as_expected,"This advanced Logic Functional Language (DeepML) example teaches theorem. It preserves the corpus-derived source → AST → typed/policy-verified semantic record → R12 → MCRT trace and uses deterministic IDs, hashes, provenance, and no-network safety. The example is intentionally invalid and must be rejected at semantic validation."
DMLL-SEMANTIC_VALIDATION-03983,EX-DMLL-03983,inference_strategy,advanced_composition,semantic_validation,fail_as_expected,"This advanced Logic Functional Language (DeepML) example teaches inference strategy. It preserves the corpus-derived source → AST → typed/policy-verified semantic record → R12 → MCRT trace and uses deterministic IDs, hashes, provenance, and no-network safety. The example is intentionally invalid and must be rejected at semantic validation."
DMLL-SEMANTIC_VALIDATION-03991,EX-DMLL-03991,symbolic_reasoning,advanced_composition,semantic_validation,fail_as_expected,"This advanced Logic Functional Language (DeepML) example teaches symbolic reasoning. It preserves the corpus-derived source → AST → typed/policy-verified semantic record → R12 → MCRT trace and uses deterministic IDs, hashes, provenance, and no-network safety. The example is intentionally invalid and must be rejected at semantic validation."
DMLL-SEMANTIC_VALIDATION-03994,EX-DMLL-03994,proof_term,advanced_composition,semantic_validation,fail_as_expected,"This advanced Logic Functional Language (DeepML) example teaches proof term. It preserves the corpus-derived source → AST → typed/policy-verified semantic record → R12 → MCRT trace and uses deterministic IDs, hashes, provenance, and no-network safety. The example is intentionally invalid and must be rejected at semantic validation."
DMLL-SEMANTIC_VALIDATION-04002,EX-DMLL-04002,memoization,advanced_composition,semantic_validation,fail_as_expected,"This advanced Logic Functional Language (DeepML) example teaches memoization. It preserves the corpus-derived source → AST → typed/policy-verified semantic record → R12 → MCRT trace and uses deterministic IDs, hashes, provenance, and no-network safety. The example is intentionally invalid and must be rejected at semantic validation."
DMLL-SEMANTIC_VALIDATION-04010,EX-DMLL-04010,theorem,advanced_composition,semantic_validation,fail_as_expected,"This advanced Logic Functional Language (DeepML) example teaches theorem. It preserves the corpus-derived source → AST → typed/policy-verified semantic record → R12 → MCRT trace and uses deterministic IDs, hashes, provenance, and no-network safety. The example is intentionally invalid and must be rejected at semantic validation."
DMLL-SEMANTIC_VALIDATION-04013,EX-DMLL-04013,constraint_solving,advanced_composition,semantic_validation,fail_as_expected,"This advanced Logic Functional Language (DeepML) example teaches constraint solving. It preserves the corpus-derived source → AST → typed/policy-verified semantic record → R12 → MCRT trace and uses deterministic IDs, hashes, provenance, and no-network safety. The example is intentionally invalid and must be rejected at semantic validation."
DMLL-SEMANTIC_VALIDATION-04021,EX-DMLL-04021,logic_graph_integration,advanced_composition,semantic_validation,fail_as_expected,"This advanced Logic Functional Language (DeepML) example teaches logic graph integration. It preserves the corpus-derived source → AST → typed/policy-verified semantic record → R12 → MCRT trace and uses deterministic IDs, hashes, provenance, and no-network safety. The example is intentionally invalid and must be rejected at semantic validation."
DMLL-SEMANTIC_VALIDATION-04029,EX-DMLL-04029,proof_term,advanced_composition,semantic_validation,fail_as_expected,"This advanced Logic Functional Language (DeepML) example teaches proof term. It preserves the corpus-derived source → AST → typed/policy-verified semantic record → R12 → MCRT trace and uses deterministic IDs, hashes, provenance, and no-network safety. The example is intentionally invalid and must be rejected at semantic validation."
DMLL-SEMANTIC_VALIDATION-04037,EX-DMLL-04037,memoization,advanced_composition,semantic_validation,fail_as_expected,"This advanced Logic Functional Language (DeepML) example teaches memoization. It preserves the corpus-derived source → AST → typed/policy-verified semantic record → R12 → MCRT trace and uses deterministic IDs, hashes, provenance, and no-network safety. The example is intentionally invalid and must be rejected at semantic validation."
DMLL-SEMANTIC_VALIDATION-04040,EX-DMLL-04040,symbolic_reasoning,advanced_composition,semantic_validation,fail_as_expected,"This advanced Logic Functional Language (DeepML) example teaches symbolic reasoning. It preserves the corpus-derived source → AST → typed/policy-verified semantic record → R12 → MCRT trace and uses deterministic IDs, hashes, provenance, and no-network safety. The example is intentionally invalid and must be rejected at semantic validation."
DMLL-SEMANTIC_VALIDATION-04048,EX-DMLL-04048,constraint_solving,advanced_composition,semantic_validation,fail_as_expected,"This advanced Logic Functional Language (DeepML) example teaches constraint solving. It preserves the corpus-derived source → AST → typed/policy-verified semantic record → R12 → MCRT trace and uses deterministic IDs, hashes, provenance, and no-network safety. The example is intentionally invalid and must be rejected at semantic validation."
DMLL-SEMANTIC_VALIDATION-04056,EX-DMLL-04056,logic_graph_integration,advanced_composition,semantic_validation,fail_as_expected,"This advanced Logic Functional Language (DeepML) example teaches logic graph integration. It preserves the corpus-derived source → AST → typed/policy-verified semantic record → R12 → MCRT trace and uses deterministic IDs, hashes, provenance, and no-network safety. The example is intentionally invalid and must be rejected at semantic validation."
DMLL-SEMANTIC_VALIDATION-04064,EX-DMLL-04064,proof_term,advanced_composition,semantic_validation,fail_as_expected,"This advanced Logic Functional Language (DeepML) example teaches proof term. It preserves the corpus-derived source → AST → typed/policy-verified semantic record → R12 → MCRT trace and uses deterministic IDs, hashes, provenance, and no-network safety. The example is intentionally invalid and must be rejected at semantic validation."
DMLL-SEMANTIC_VALIDATION-04067,EX-DMLL-04067,inference_strategy,advanced_composition,semantic_validation,fail_as_expected,"This advanced Logic Functional Language (DeepML) example teaches inference strategy. It preserves the corpus-derived source → AST → typed/policy-verified semantic record → R12 → MCRT trace and uses deterministic IDs, hashes, provenance, and no-network safety. The example is intentionally invalid and must be rejected at semantic validation."
DMLL-SEMANTIC_VALIDATION-04075,EX-DMLL-04075,symbolic_reasoning,advanced_composition,semantic_validation,fail_as_expected,"This advanced Logic Functional Language (DeepML) example teaches symbolic reasoning. It preserves the corpus-derived source → AST → typed/policy-verified semantic record → R12 → MCRT trace and uses deterministic IDs, hashes, provenance, and no-network safety. The example is intentionally invalid and must be rejected at semantic validation."
DMLL-SEMANTIC_VALIDATION-04083,EX-DMLL-04083,constraint_solving,advanced_composition,semantic_validation,fail_as_expected,"This advanced Logic Functional Language (DeepML) example teaches constraint solving. It preserves the corpus-derived source → AST → typed/policy-verified semantic record → R12 → MCRT trace and uses deterministic IDs, hashes, provenance, and no-network safety. The example is intentionally invalid and must be rejected at semantic validation."
DMLL-SEMANTIC_VALIDATION-04091,EX-DMLL-04091,logic_graph_integration,advanced_composition,semantic_validation,fail_as_expected,"This advanced Logic Functional Language (DeepML) example teaches logic graph integration. It preserves the corpus-derived source → AST → typed/policy-verified semantic record → R12 → MCRT trace and uses deterministic IDs, hashes, provenance, and no-network safety. The example is intentionally invalid and must be rejected at semantic validation."
DMLL-SEMANTIC_VALIDATION-04094,EX-DMLL-04094,theorem,advanced_composition,semantic_validation,fail_as_expected,"This advanced Logic Functional Language (DeepML) example teaches theorem. It preserves the corpus-derived source → AST → typed/policy-verified semantic record → R12 → MCRT trace and uses deterministic IDs, hashes, provenance, and no-network safety. The example is intentionally invalid and must be rejected at semantic validation."
DMLL-SEMANTIC_VALIDATION-04102,EX-DMLL-04102,inference_strategy,advanced_composition,semantic_validation,fail_as_expected,"This advanced Logic Functional Language (DeepML) example teaches inference strategy. It preserves the corpus-derived source → AST → typed/policy-verified semantic record → R12 → MCRT trace and uses deterministic IDs, hashes, provenance, and no-network safety. The example is intentionally invalid and must be rejected at semantic validation."
DMLL-SEMANTIC_VALIDATION-04110,EX-DMLL-04110,symbolic_reasoning,advanced_composition,semantic_validation,fail_as_expected,"This advanced Logic Functional Language (DeepML) example teaches symbolic reasoning. It preserves the corpus-derived source → AST → typed/policy-verified semantic record → R12 → MCRT trace and uses deterministic IDs, hashes, provenance, and no-network safety. The example is intentionally invalid and must be rejected at semantic validation."
DMLL-SEMANTIC_VALIDATION-04113,EX-DMLL-04113,proof_term,advanced_composition,semantic_validation,fail_as_expected,"This advanced Logic Functional Language (DeepML) example teaches proof term. It preserves the corpus-derived source → AST → typed/policy-verified semantic record → R12 → MCRT trace and uses deterministic IDs, hashes, provenance, and no-network safety. The example is intentionally invalid and must be rejected at semantic validation."
DMLL-SEMANTIC_VALIDATION-04121,EX-DMLL-04121,memoization,advanced_composition,semantic_validation,fail_as_expected,"This advanced Logic Functional Language (DeepML) example teaches memoization. It preserves the corpus-derived source → AST → typed/policy-verified semantic record → R12 → MCRT trace and uses deterministic IDs, hashes, provenance, and no-network safety. The example is intentionally invalid and must be rejected at semantic validation."
DMLL-SEMANTIC_VALIDATION-04129,EX-DMLL-04129,theorem,advanced_composition,semantic_validation,fail_as_expected,"This advanced Logic Functional Language (DeepML) example teaches theorem. It preserves the corpus-derived source → AST → typed/policy-verified semantic record → R12 → MCRT trace and uses deterministic IDs, hashes, provenance, and no-network safety. The example is intentionally invalid and must be rejected at semantic validation."
DMLL-SEMANTIC_VALIDATION-04137,EX-DMLL-04137,inference_strategy,advanced_composition,semantic_validation,fail_as_expected,"This advanced Logic Functional Language (DeepML) example teaches inference strategy. It preserves the corpus-derived source → AST → typed/policy-verified semantic record → R12 → MCRT trace and uses deterministic IDs, hashes, provenance, and no-network safety. The example is intentionally invalid and must be rejected at semantic validation."
DMLL-SEMANTIC_VALIDATION-04140,EX-DMLL-04140,logic_graph_integration,advanced_composition,semantic_validation,fail_as_expected,"This advanced Logic Functional Language (DeepML) example teaches logic graph integration. It preserves the corpus-derived source → AST → typed/policy-verified semantic record → R12 → MCRT trace and uses deterministic IDs, hashes, provenance, and no-network safety. The example is intentionally invalid and must be rejected at semantic validation."
DMLL-SEMANTIC_VALIDATION-04148,EX-DMLL-04148,proof_term,advanced_composition,semantic_validation,fail_as_expected,"This advanced Logic Functional Language (DeepML) example teaches proof term. It preserves the corpus-derived source → AST → typed/policy-verified semantic record → R12 → MCRT trace and uses deterministic IDs, hashes, provenance, and no-network safety. The example is intentionally invalid and must be rejected at semantic validation."
DMLL-SEMANTIC_VALIDATION-04156,EX-DMLL-04156,memoization,advanced_composition,semantic_validation,fail_as_expected,"This advanced Logic Functional Language (DeepML) example teaches memoization. It preserves the corpus-derived source → AST → typed/policy-verified semantic record → R12 → MCRT trace and uses deterministic IDs, hashes, provenance, and no-network safety. The example is intentionally invalid and must be rejected at semantic validation."
DMLL-SEMANTIC_VALIDATION-04164,EX-DMLL-04164,theorem,advanced_composition,semantic_validation,fail_as_expected,"This advanced Logic Functional Language (DeepML) example teaches theorem. It preserves the corpus-derived source → AST → typed/policy-verified semantic record → R12 → MCRT trace and uses deterministic IDs, hashes, provenance, and no-network safety. The example is intentionally invalid and must be rejected at semantic validation."
DMLL-SEMANTIC_VALIDATION-04167,EX-DMLL-04167,constraint_solving,advanced_composition,semantic_validation,fail_as_expected,"This advanced Logic Functional Language (DeepML) example teaches constraint solving. It preserves the corpus-derived source → AST → typed/policy-verified semantic record → R12 → MCRT trace and uses deterministic IDs, hashes, provenance, and no-network safety. The example is intentionally invalid and must be rejected at semantic validation."
DMLL-SEMANTIC_VALIDATION-04175,EX-DMLL-04175,logic_graph_integration,advanced_composition,semantic_validation,fail_as_expected,"This advanced Logic Functional Language (DeepML) example teaches logic graph integration. It preserves the corpus-derived source → AST → typed/policy-verified semantic record → R12 → MCRT trace and uses deterministic IDs, hashes, provenance, and no-network safety. The example is intentionally invalid and must be rejected at semantic validation."
DMLL-SEMANTIC_VALIDATION-04183,EX-DMLL-04183,proof_term,advanced_composition,semantic_validation,fail_as_expected,"This advanced Logic Functional Language (DeepML) example teaches proof term. It preserves the corpus-derived source → AST → typed/policy-verified semantic record → R12 → MCRT trace and uses deterministic IDs, hashes, provenance, and no-network safety. The example is intentionally invalid and must be rejected at semantic validation."
DMLL-SEMANTIC_VALIDATION-04191,EX-DMLL-04191,memoization,advanced_composition,semantic_validation,fail_as_expected,"This advanced Logic Functional Language (DeepML) example teaches memoization. It preserves the corpus-derived source → AST → typed/policy-verified semantic record → R12 → MCRT trace and uses deterministic IDs, hashes, provenance, and no-network safety. The example is intentionally invalid and must be rejected at semantic validation."
DMLL-SEMANTIC_VALIDATION-04194,EX-DMLL-04194,symbolic_reasoning,advanced_composition,semantic_validation,fail_as_expected,"This advanced Logic Functional Language (DeepML) example teaches symbolic reasoning. It preserves the corpus-derived source → AST → typed/policy-verified semantic record → R12 → MCRT trace and uses deterministic IDs, hashes, provenance, and no-network safety. The example is intentionally invalid and must be rejected at semantic validation."
DMLL-SEMANTIC_VALIDATION-04202,EX-DMLL-04202,constraint_solving,advanced_composition,semantic_validation,fail_as_expected,"This advanced Logic Functional Language (DeepML) example teaches constraint solving. It preserves the corpus-derived source → AST → typed/policy-verified semantic record → R12 → MCRT trace and uses deterministic IDs, hashes, provenance, and no-network safety. The example is intentionally invalid and must be rejected at semantic validation."
DMLL-SEMANTIC_VALIDATION-04210,EX-DMLL-04210,logic_graph_integration,advanced_composition,semantic_validation,fail_as_expected,"This advanced Logic Functional Language (DeepML) example teaches logic graph integration. It preserves the corpus-derived source → AST → typed/policy-verified semantic record → R12 → MCRT trace and uses deterministic IDs, hashes, provenance, and no-network safety. The example is intentionally invalid and must be rejected at semantic validation."
DMLL-SEMANTIC_VALIDATION-04213,EX-DMLL-04213,theorem,advanced_composition,semantic_validation,fail_as_expected,"This advanced Logic Functional Language (DeepML) example teaches theorem. It preserves the corpus-derived source → AST → typed/policy-verified semantic record → R12 → MCRT trace and uses deterministic IDs, hashes, provenance, and no-network safety. The example is intentionally invalid and must be rejected at semantic validation."
DMLL-SEMANTIC_VALIDATION-04221,EX-DMLL-04221,inference_strategy,advanced_composition,semantic_validation,fail_as_expected,"This advanced Logic Functional Language (DeepML) example teaches inference strategy. It preserves the corpus-derived source → AST → typed/policy-verified semantic record → R12 → MCRT trace and uses deterministic IDs, hashes, provenance, and no-network safety. The example is intentionally invalid and must be rejected at semantic validation."
DMLL-SEMANTIC_VALIDATION-04229,EX-DMLL-04229,symbolic_reasoning,advanced_composition,semantic_validation,fail_as_expected,"This advanced Logic Functional Language (DeepML) example teaches symbolic reasoning. It preserves the corpus-derived source → AST → typed/policy-verified semantic record → R12 → MCRT trace and uses deterministic IDs, hashes, provenance, and no-network safety. The example is intentionally invalid and must be rejected at semantic validation."
DMLL-SEMANTIC_VALIDATION-04237,EX-DMLL-04237,constraint_solving,advanced_composition,semantic_validation,fail_as_expected,"This advanced Logic Functional Language (DeepML) example teaches constraint solving. It preserves the corpus-derived source → AST → typed/policy-verified semantic record → R12 → MCRT trace and uses deterministic IDs, hashes, provenance, and no-network safety. The example is intentionally invalid and must be rejected at semantic validation."
DMLL-SEMANTIC_VALIDATION-04240,EX-DMLL-04240,memoization,advanced_composition,semantic_validation,fail_as_expected,"This advanced Logic Functional Language (DeepML) example teaches memoization. It preserves the corpus-derived source → AST → typed/policy-verified semantic record → R12 → MCRT trace and uses deterministic IDs, hashes, provenance, and no-network safety. The example is intentionally invalid and must be rejected at semantic validation."
DMLL-SEMANTIC_VALIDATION-04248,EX-DMLL-04248,theorem,advanced_composition,semantic_validation,fail_as_expected,"This advanced Logic Functional Language (DeepML) example teaches theorem. It preserves the corpus-derived source → AST → typed/policy-verified semantic record → R12 → MCRT trace and uses deterministic IDs, hashes, provenance, and no-network safety. The example is intentionally invalid and must be rejected at semantic validation."
DMLL-SEMANTIC_VALIDATION-04256,EX-DMLL-04256,inference_strategy,advanced_composition,semantic_validation,fail_as_expected,"This advanced Logic Functional Language (DeepML) example teaches inference strategy. It preserves the corpus-derived source → AST → typed/policy-verified semantic record → R12 → MCRT trace and uses deterministic IDs, hashes, provenance, and no-network safety. The example is intentionally invalid and must be rejected at semantic validation."
DMLL-SEMANTIC_VALIDATION-04264,EX-DMLL-04264,symbolic_reasoning,advanced_composition,semantic_validation,fail_as_expected,"This advanced Logic Functional Language (DeepML) example teaches symbolic reasoning. It preserves the corpus-derived source → AST → typed/policy-verified semantic record → R12 → MCRT trace and uses deterministic IDs, hashes, provenance, and no-network safety. The example is intentionally invalid and must be rejected at semantic validation."
DMLL-SEMANTIC_VALIDATION-04267,EX-DMLL-04267,proof_term,advanced_composition,semantic_validation,fail_as_expected,"This advanced Logic Functional Language (DeepML) example teaches proof term. It preserves the corpus-derived source → AST → typed/policy-verified semantic record → R12 → MCRT trace and uses deterministic IDs, hashes, provenance, and no-network safety. The example is intentionally invalid and must be rejected at semantic validation."
DMLL-SEMANTIC_VALIDATION-04275,EX-DMLL-04275,memoization,advanced_composition,semantic_validation,fail_as_expected,"This advanced Logic Functional Language (DeepML) example teaches memoization. It preserves the corpus-derived source → AST → typed/policy-verified semantic record → R12 → MCRT trace and uses deterministic IDs, hashes, provenance, and no-network safety. The example is intentionally invalid and must be rejected at semantic validation."
DMLL-SEMANTIC_VALIDATION-04283,EX-DMLL-04283,theorem,advanced_composition,semantic_validation,fail_as_expected,"This advanced Logic Functional Language (DeepML) example teaches theorem. It preserves the corpus-derived source → AST → typed/policy-verified semantic record → R12 → MCRT trace and uses deterministic IDs, hashes, provenance, and no-network safety. The example is intentionally invalid and must be rejected at semantic validation."
DMLL-SEMANTIC_VALIDATION-04291,EX-DMLL-04291,inference_strategy,advanced_composition,semantic_validation,fail_as_expected,"This advanced Logic Functional Language (DeepML) example teaches inference strategy. It preserves the corpus-derived source → AST → typed/policy-verified semantic record → R12 → MCRT trace and uses deterministic IDs, hashes, provenance, and no-network safety. The example is intentionally invalid and must be rejected at semantic validation."
DMLL-SEMANTIC_VALIDATION-04294,EX-DMLL-04294,logic_graph_integration,advanced_composition,semantic_validation,fail_as_expected,"This advanced Logic Functional Language (DeepML) example teaches logic graph integration. It preserves the corpus-derived source → AST → typed/policy-verified semantic record → R12 → MCRT trace and uses deterministic IDs, hashes, provenance, and no-network safety. The example is intentionally invalid and must be rejected at semantic validation."
DMLL-SEMANTIC_VALIDATION-04302,EX-DMLL-04302,proof_term,advanced_composition,semantic_validation,fail_as_expected,"This advanced Logic Functional Language (DeepML) example teaches proof term. It preserves the corpus-derived source → AST → typed/policy-verified semantic record → R12 → MCRT trace and uses deterministic IDs, hashes, provenance, and no-network safety. The example is intentionally invalid and must be rejected at semantic validation."
DMLL-SEMANTIC_VALIDATION-04310,EX-DMLL-04310,memoization,advanced_composition,semantic_validation,fail_as_expected,"This advanced Logic Functional Language (DeepML) example teaches memoization. It preserves the corpus-derived source → AST → typed/policy-verified semantic record → R12 → MCRT trace and uses deterministic IDs, hashes, provenance, and no-network safety. The example is intentionally invalid and must be rejected at semantic validation."
DMLL-SEMANTIC_VALIDATION-04313,EX-DMLL-04313,symbolic_reasoning,advanced_composition,semantic_validation,fail_as_expected,"This advanced Logic Functional Language (DeepML) example teaches symbolic reasoning. It preserves the corpus-derived source → AST → typed/policy-verified semantic record → R12 → MCRT trace and uses deterministic IDs, hashes, provenance, and no-network safety. The example is intentionally invalid and must be rejected at semantic validation."
DMLL-SEMANTIC_VALIDATION-04321,EX-DMLL-04321,constraint_solving,advanced_composition,semantic_validation,fail_as_expected,"This advanced Logic Functional Language (DeepML) example teaches constraint solving. It preserves the corpus-derived source → AST → typed/policy-verified semantic record → R12 → MCRT trace and uses deterministic IDs, hashes, provenance, and no-network safety. The example is intentionally invalid and must be rejected at semantic validation."
DMLL-SEMANTIC_VALIDATION-04329,EX-DMLL-04329,logic_graph_integration,advanced_composition,semantic_validation,fail_as_expected,"This advanced Logic Functional Language (DeepML) example teaches logic graph integration. It preserves the corpus-derived source → AST → typed/policy-verified semantic record → R12 → MCRT trace and uses deterministic IDs, hashes, provenance, and no-network safety. The example is intentionally invalid and must be rejected at semantic validation."
DMLL-SEMANTIC_VALIDATION-04337,EX-DMLL-04337,proof_term,advanced_composition,semantic_validation,fail_as_expected,"This advanced Logic Functional Language (DeepML) example teaches proof term. It preserves the corpus-derived source → AST → typed/policy-verified semantic record → R12 → MCRT trace and uses deterministic IDs, hashes, provenance, and no-network safety. The example is intentionally invalid and must be rejected at semantic validation."
DMLL-SEMANTIC_VALIDATION-04340,EX-DMLL-04340,inference_strategy,advanced_composition,semantic_validation,fail_as_expected,"This advanced Logic Functional Language (DeepML) example teaches inference strategy. It preserves the corpus-derived source → AST → typed/policy-verified semantic record → R12 → MCRT trace and uses deterministic IDs, hashes, provenance, and no-network safety. The example is intentionally invalid and must be rejected at semantic validation."
DMLL-SEMANTIC_VALIDATION-04348,EX-DMLL-04348,symbolic_reasoning,advanced_composition,semantic_validation,fail_as_expected,"This advanced Logic Functional Language (DeepML) example teaches symbolic reasoning. It preserves the corpus-derived source → AST → typed/policy-verified semantic record → R12 → MCRT trace and uses deterministic IDs, hashes, provenance, and no-network safety. The example is intentionally invalid and must be rejected at semantic validation."
DMLL-SEMANTIC_VALIDATION-04356,EX-DMLL-04356,constraint_solving,advanced_composition,semantic_validation,fail_as_expected,"This advanced Logic Functional Language (DeepML) example teaches constraint solving. It preserves the corpus-derived source → AST → typed/policy-verified semantic record → R12 → MCRT trace and uses deterministic IDs, hashes, provenance, and no-network safety. The example is intentionally invalid and must be rejected at semantic validation."
DMLL-SEMANTIC_VALIDATION-04364,EX-DMLL-04364,logic_graph_integration,advanced_composition,semantic_validation,fail_as_expected,"This advanced Logic Functional Language (DeepML) example teaches logic graph integration. It preserves the corpus-derived source → AST → typed/policy-verified semantic record → R12 → MCRT trace and uses deterministic IDs, hashes, provenance, and no-network safety. The example is intentionally invalid and must be rejected at semantic validation."
DMLL-SEMANTIC_VALIDATION-04367,EX-DMLL-04367,theorem,advanced_composition,semantic_validation,fail_as_expected,"This advanced Logic Functional Language (DeepML) example teaches theorem. It preserves the corpus-derived source → AST → typed/policy-verified semantic record → R12 → MCRT trace and uses deterministic IDs, hashes, provenance, and no-network safety. The example is intentionally invalid and must be rejected at semantic validation."
DMLL-SEMANTIC_VALIDATION-04375,EX-DMLL-04375,inference_strategy,advanced_composition,semantic_validation,fail_as_expected,"This advanced Logic Functional Language (DeepML) example teaches inference strategy. It preserves the corpus-derived source → AST → typed/policy-verified semantic record → R12 → MCRT trace and uses deterministic IDs, hashes, provenance, and no-network safety. The example is intentionally invalid and must be rejected at semantic validation."
DMLL-SEMANTIC_VALIDATION-04383,EX-DMLL-04383,symbolic_reasoning,advanced_composition,semantic_validation,fail_as_expected,"This advanced Logic Functional Language (DeepML) example teaches symbolic reasoning. It preserves the corpus-derived source → AST → typed/policy-verified semantic record → R12 → MCRT trace and uses deterministic IDs, hashes, provenance, and no-network safety. The example is intentionally invalid and must be rejected at semantic validation."
DMLL-SEMANTIC_VALIDATION-04391,EX-DMLL-04391,constraint_solving,advanced_composition,semantic_validation,fail_as_expected,"This advanced Logic Functional Language (DeepML) example teaches constraint solving. It preserves the corpus-derived source → AST → typed/policy-verified semantic record → R12 → MCRT trace and uses deterministic IDs, hashes, provenance, and no-network safety. The example is intentionally invalid and must be rejected at semantic validation."
DMLL-SEMANTIC_VALIDATION-04394,EX-DMLL-04394,memoization,advanced_composition,semantic_validation,fail_as_expected,"This advanced Logic Functional Language (DeepML) example teaches memoization. It preserves the corpus-derived source → AST → typed/policy-verified semantic record → R12 → MCRT trace and uses deterministic IDs, hashes, provenance, and no-network safety. The example is intentionally invalid and must be rejected at semantic validation."
DMLL-SEMANTIC_VALIDATION-04402,EX-DMLL-04402,theorem,advanced_composition,semantic_validation,fail_as_expected,"This advanced Logic Functional Language (DeepML) example teaches theorem. It preserves the corpus-derived source → AST → typed/policy-verified semantic record → R12 → MCRT trace and uses deterministic IDs, hashes, provenance, and no-network safety. The example is intentionally invalid and must be rejected at semantic validation."
DMLL-SEMANTIC_VALIDATION-04410,EX-DMLL-04410,inference_strategy,advanced_composition,semantic_validation,fail_as_expected,"This advanced Logic Functional Language (DeepML) example teaches inference strategy. It preserves the corpus-derived source → AST → typed/policy-verified semantic record → R12 → MCRT trace and uses deterministic IDs, hashes, provenance, and no-network safety. The example is intentionally invalid and must be rejected at semantic validation."
DMLL-SEMANTIC_VALIDATION-04413,EX-DMLL-04413,logic_graph_integration,advanced_composition,semantic_validation,fail_as_expected,"This advanced Logic Functional Language (DeepML) example teaches logic graph integration. It preserves the corpus-derived source → AST → typed/policy-verified semantic record → R12 → MCRT trace and uses deterministic IDs, hashes, provenance, and no-network safety. The example is intentionally invalid and must be rejected at semantic validation."
DMLL-SEMANTIC_VALIDATION-04421,EX-DMLL-04421,proof_term,advanced_composition,semantic_validation,fail_as_expected,"This advanced Logic Functional Language (DeepML) example teaches proof term. It preserves the corpus-derived source → AST → typed/policy-verified semantic record → R12 → MCRT trace and uses deterministic IDs, hashes, provenance, and no-network safety. The example is intentionally invalid and must be rejected at semantic validation."
DMLL-SEMANTIC_VALIDATION-04429,EX-DMLL-04429,memoization,advanced_composition,semantic_validation,fail_as_expected,"This advanced Logic Functional Language (DeepML) example teaches memoization. It preserves the corpus-derived source → AST → typed/policy-verified semantic record → R12 → MCRT trace and uses deterministic IDs, hashes, provenance, and no-network safety. The example is intentionally invalid and must be rejected at semantic validation."
DMLL-SEMANTIC_VALIDATION-04437,EX-DMLL-04437,theorem,advanced_composition,semantic_validation,fail_as_expected,"This advanced Logic Functional Language (DeepML) example teaches theorem. It preserves the corpus-derived source → AST → typed/policy-verified semantic record → R12 → MCRT trace and uses deterministic IDs, hashes, provenance, and no-network safety. The example is intentionally invalid and must be rejected at semantic validation."
DMLL-SEMANTIC_VALIDATION-04440,EX-DMLL-04440,constraint_solving,advanced_composition,semantic_validation,fail_as_expected,"This advanced Logic Functional Language (DeepML) example teaches constraint solving. It preserves the corpus-derived source → AST → typed/policy-verified semantic record → R12 → MCRT trace and uses deterministic IDs, hashes, provenance, and no-network safety. The example is intentionally invalid and must be rejected at semantic validation."
DMLL-SEMANTIC_VALIDATION-04448,EX-DMLL-04448,logic_graph_integration,advanced_composition,semantic_validation,fail_as_expected,"This advanced Logic Functional Language (DeepML) example teaches logic graph integration. It preserves the corpus-derived source → AST → typed/policy-verified semantic record → R12 → MCRT trace and uses deterministic IDs, hashes, provenance, and no-network safety. The example is intentionally invalid and must be rejected at semantic validation."
DMLL-SEMANTIC_VALIDATION-04456,EX-DMLL-04456,proof_term,advanced_composition,semantic_validation,fail_as_expected,"This advanced Logic Functional Language (DeepML) example teaches proof term. It preserves the corpus-derived source → AST → typed/policy-verified semantic record → R12 → MCRT trace and uses deterministic IDs, hashes, provenance, and no-network safety. The example is intentionally invalid and must be rejected at semantic validation."
DMLL-SEMANTIC_VALIDATION-04464,EX-DMLL-04464,memoization,advanced_composition,semantic_validation,fail_as_expected,"This advanced Logic Functional Language (DeepML) example teaches memoization. It preserves the corpus-derived source → AST → typed/policy-verified semantic record → R12 → MCRT trace and uses deterministic IDs, hashes, provenance, and no-network safety. The example is intentionally invalid and must be rejected at semantic validation."
DMLL-SEMANTIC_VALIDATION-04467,EX-DMLL-04467,symbolic_reasoning,advanced_composition,semantic_validation,fail_as_expected,"This advanced Logic Functional Language (DeepML) example teaches symbolic reasoning. It preserves the corpus-derived source → AST → typed/policy-verified semantic record → R12 → MCRT trace and uses deterministic IDs, hashes, provenance, and no-network safety. The example is intentionally invalid and must be rejected at semantic validation."
DMLL-SEMANTIC_VALIDATION-04475,EX-DMLL-04475,constraint_solving,advanced_composition,semantic_validation,fail_as_expected,"This advanced Logic Functional Language (DeepML) example teaches constraint solving. It preserves the corpus-derived source → AST → typed/policy-verified semantic record → R12 → MCRT trace and uses deterministic IDs, hashes, provenance, and no-network safety. The example is intentionally invalid and must be rejected at semantic validation."
DMLL-SEMANTIC_VALIDATION-04483,EX-DMLL-04483,logic_graph_integration,advanced_composition,semantic_validation,fail_as_expected,"This advanced Logic Functional Language (DeepML) example teaches logic graph integration. It preserves the corpus-derived source → AST → typed/policy-verified semantic record → R12 → MCRT trace and uses deterministic IDs, hashes, provenance, and no-network safety. The example is intentionally invalid and must be rejected at semantic validation."
DMLL-SEMANTIC_VALIDATION-04491,EX-DMLL-04491,proof_term,advanced_composition,semantic_validation,fail_as_expected,"This advanced Logic Functional Language (DeepML) example teaches proof term. It preserves the corpus-derived source → AST → typed/policy-verified semantic record → R12 → MCRT trace and uses deterministic IDs, hashes, provenance, and no-network safety. The example is intentionally invalid and must be rejected at semantic validation."
DMLL-SEMANTIC_VALIDATION-04494,EX-DMLL-04494,inference_strategy,advanced_composition,semantic_validation,fail_as_expected,"This advanced Logic Functional Language (DeepML) example teaches inference strategy. It preserves the corpus-derived source → AST → typed/policy-verified semantic record → R12 → MCRT trace and uses deterministic IDs, hashes, provenance, and no-network safety. The example is intentionally invalid and must be rejected at semantic validation."
DMLL-SEMANTIC_VALIDATION-04502,EX-DMLL-04502,symbolic_reasoning,advanced_composition,semantic_validation,fail_as_expected,"This advanced Logic Functional Language (DeepML) example teaches symbolic reasoning. It preserves the corpus-derived source → AST → typed/policy-verified semantic record → R12 → MCRT trace and uses deterministic IDs, hashes, provenance, and no-network safety. The example is intentionally invalid and must be rejected at semantic validation."
DMLL-SEMANTIC_VALIDATION-04510,EX-DMLL-04510,constraint_solving,advanced_composition,semantic_validation,fail_as_expected,"This advanced Logic Functional Language (DeepML) example teaches constraint solving. It preserves the corpus-derived source → AST → typed/policy-verified semantic record → R12 → MCRT trace and uses deterministic IDs, hashes, provenance, and no-network safety. The example is intentionally invalid and must be rejected at semantic validation."
DMLL-SEMANTIC_VALIDATION-04513,EX-DMLL-04513,memoization,advanced_composition,semantic_validation,fail_as_expected,"This advanced Logic Functional Language (DeepML) example teaches memoization. It preserves the corpus-derived source → AST → typed/policy-verified semantic record → R12 → MCRT trace and uses deterministic IDs, hashes, provenance, and no-network safety. The example is intentionally invalid and must be rejected at semantic validation."
DMLL-SEMANTIC_VALIDATION-04521,EX-DMLL-04521,theorem,advanced_composition,semantic_validation,fail_as_expected,"This advanced Logic Functional Language (DeepML) example teaches theorem. It preserves the corpus-derived source → AST → typed/policy-verified semantic record → R12 → MCRT trace and uses deterministic IDs, hashes, provenance, and no-network safety. The example is intentionally invalid and must be rejected at semantic validation."
DMLL-SEMANTIC_VALIDATION-04529,EX-DMLL-04529,inference_strategy,advanced_composition,semantic_validation,fail_as_expected,"This advanced Logic Functional Language (DeepML) example teaches inference strategy. It preserves the corpus-derived source → AST → typed/policy-verified semantic record → R12 → MCRT trace and uses deterministic IDs, hashes, provenance, and no-network safety. The example is intentionally invalid and must be rejected at semantic validation."
DMLL-SEMANTIC_VALIDATION-04537,EX-DMLL-04537,symbolic_reasoning,advanced_composition,semantic_validation,fail_as_expected,"This advanced Logic Functional Language (DeepML) example teaches symbolic reasoning. It preserves the corpus-derived source → AST → typed/policy-verified semantic record → R12 → MCRT trace and uses deterministic IDs, hashes, provenance, and no-network safety. The example is intentionally invalid and must be rejected at semantic validation."
DMLL-SEMANTIC_VALIDATION-04540,EX-DMLL-04540,proof_term,advanced_composition,semantic_validation,fail_as_expected,"This advanced Logic Functional Language (DeepML) example teaches proof term. It preserves the corpus-derived source → AST → typed/policy-verified semantic record → R12 → MCRT trace and uses deterministic IDs, hashes, provenance, and no-network safety. The example is intentionally invalid and must be rejected at semantic validation."
DMLL-SEMANTIC_VALIDATION-04548,EX-DMLL-04548,memoization,advanced_composition,semantic_validation,fail_as_expected,"This advanced Logic Functional Language (DeepML) example teaches memoization. It preserves the corpus-derived source → AST → typed/policy-verified semantic record → R12 → MCRT trace and uses deterministic IDs, hashes, provenance, and no-network safety. The example is intentionally invalid and must be rejected at semantic validation."
DMLL-SEMANTIC_VALIDATION-04556,EX-DMLL-04556,theorem,advanced_composition,semantic_validation,fail_as_expected,"This advanced Logic Functional Language (DeepML) example teaches theorem. It preserves the corpus-derived source → AST → typed/policy-verified semantic record → R12 → MCRT trace and uses deterministic IDs, hashes, provenance, and no-network safety. The example is intentionally invalid and must be rejected at semantic validation."
DMLL-SEMANTIC_VALIDATION-04564,EX-DMLL-04564,inference_strategy,advanced_composition,semantic_validation,fail_as_expected,"This advanced Logic Functional Language (DeepML) example teaches inference strategy. It preserves the corpus-derived source → AST → typed/policy-verified semantic record → R12 → MCRT trace and uses deterministic IDs, hashes, provenance, and no-network safety. The example is intentionally invalid and must be rejected at semantic validation."
DMLL-SEMANTIC_VALIDATION-04567,EX-DMLL-04567,logic_graph_integration,advanced_composition,semantic_validation,fail_as_expected,"This advanced Logic Functional Language (DeepML) example teaches logic graph integration. It preserves the corpus-derived source → AST → typed/policy-verified semantic record → R12 → MCRT trace and uses deterministic IDs, hashes, provenance, and no-network safety. The example is intentionally invalid and must be rejected at semantic validation."
DMLL-SEMANTIC_VALIDATION-04575,EX-DMLL-04575,proof_term,advanced_composition,semantic_validation,fail_as_expected,"This advanced Logic Functional Language (DeepML) example teaches proof term. It preserves the corpus-derived source → AST → typed/policy-verified semantic record → R12 → MCRT trace and uses deterministic IDs, hashes, provenance, and no-network safety. The example is intentionally invalid and must be rejected at semantic validation."
DMLL-SEMANTIC_VALIDATION-04583,EX-DMLL-04583,memoization,advanced_composition,semantic_validation,fail_as_expected,"This advanced Logic Functional Language (DeepML) example teaches memoization. It preserves the corpus-derived source → AST → typed/policy-verified semantic record → R12 → MCRT trace and uses deterministic IDs, hashes, provenance, and no-network safety. The example is intentionally invalid and must be rejected at semantic validation."
DMLL-SEMANTIC_VALIDATION-04591,EX-DMLL-04591,theorem,advanced_composition,semantic_validation,fail_as_expected,"This advanced Logic Functional Language (DeepML) example teaches theorem. It preserves the corpus-derived source → AST → typed/policy-verified semantic record → R12 → MCRT trace and uses deterministic IDs, hashes, provenance, and no-network safety. The example is intentionally invalid and must be rejected at semantic validation."
DMLL-SEMANTIC_VALIDATION-04594,EX-DMLL-04594,constraint_solving,advanced_composition,semantic_validation,fail_as_expected,"This advanced Logic Functional Language (DeepML) example teaches constraint solving. It preserves the corpus-derived source → AST → typed/policy-verified semantic record → R12 → MCRT trace and uses deterministic IDs, hashes, provenance, and no-network safety. The example is intentionally invalid and must be rejected at semantic validation."
DMLL-SEMANTIC_VALIDATION-04602,EX-DMLL-04602,logic_graph_integration,advanced_composition,semantic_validation,fail_as_expected,"This advanced Logic Functional Language (DeepML) example teaches logic graph integration. It preserves the corpus-derived source → AST → typed/policy-verified semantic record → R12 → MCRT trace and uses deterministic IDs, hashes, provenance, and no-network safety. The example is intentionally invalid and must be rejected at semantic validation."
DMLL-SEMANTIC_VALIDATION-04610,EX-DMLL-04610,proof_term,advanced_composition,semantic_validation,fail_as_expected,"This advanced Logic Functional Language (DeepML) example teaches proof term. It preserves the corpus-derived source → AST → typed/policy-verified semantic record → R12 → MCRT trace and uses deterministic IDs, hashes, provenance, and no-network safety. The example is intentionally invalid and must be rejected at semantic validation."
DMLL-SEMANTIC_VALIDATION-04613,EX-DMLL-04613,inference_strategy,advanced_composition,semantic_validation,fail_as_expected,"This advanced Logic Functional Language (DeepML) example teaches inference strategy. It preserves the corpus-derived source → AST → typed/policy-verified semantic record → R12 → MCRT trace and uses deterministic IDs, hashes, provenance, and no-network safety. The example is intentionally invalid and must be rejected at semantic validation."
DMLL-SEMANTIC_VALIDATION-04621,EX-DMLL-04621,symbolic_reasoning,advanced_composition,semantic_validation,fail_as_expected,"This advanced Logic Functional Language (DeepML) example teaches symbolic reasoning. It preserves the corpus-derived source → AST → typed/policy-verified semantic record → R12 → MCRT trace and uses deterministic IDs, hashes, provenance, and no-network safety. The example is intentionally invalid and must be rejected at semantic validation."
DMLL-SEMANTIC_VALIDATION-04629,EX-DMLL-04629,constraint_solving,advanced_composition,semantic_validation,fail_as_expected,"This advanced Logic Functional Language (DeepML) example teaches constraint solving. It preserves the corpus-derived source → AST → typed/policy-verified semantic record → R12 → MCRT trace and uses deterministic IDs, hashes, provenance, and no-network safety. The example is intentionally invalid and must be rejected at semantic validation."
DMLL-SEMANTIC_VALIDATION-04637,EX-DMLL-04637,logic_graph_integration,advanced_composition,semantic_validation,fail_as_expected,"This advanced Logic Functional Language (DeepML) example teaches logic graph integration. It preserves the corpus-derived source → AST → typed/policy-verified semantic record → R12 → MCRT trace and uses deterministic IDs, hashes, provenance, and no-network safety. The example is intentionally invalid and must be rejected at semantic validation."
DMLL-SEMANTIC_VALIDATION-04640,EX-DMLL-04640,theorem,advanced_composition,semantic_validation,fail_as_expected,"This advanced Logic Functional Language (DeepML) example teaches theorem. It preserves the corpus-derived source → AST → typed/policy-verified semantic record → R12 → MCRT trace and uses deterministic IDs, hashes, provenance, and no-network safety. The example is intentionally invalid and must be rejected at semantic validation."
DMLL-SEMANTIC_VALIDATION-04648,EX-DMLL-04648,inference_strategy,advanced_composition,semantic_validation,fail_as_expected,"This advanced Logic Functional Language (DeepML) example teaches inference strategy. It preserves the corpus-derived source → AST → typed/policy-verified semantic record → R12 → MCRT trace and uses deterministic IDs, hashes, provenance, and no-network safety. The example is intentionally invalid and must be rejected at semantic validation."
DMLL-SEMANTIC_VALIDATION-04656,EX-DMLL-04656,symbolic_reasoning,advanced_composition,semantic_validation,fail_as_expected,"This advanced Logic Functional Language (DeepML) example teaches symbolic reasoning. It preserves the corpus-derived source → AST → typed/policy-verified semantic record → R12 → MCRT trace and uses deterministic IDs, hashes, provenance, and no-network safety. The example is intentionally invalid and must be rejected at semantic validation."
DMLL-SEMANTIC_VALIDATION-04664,EX-DMLL-04664,constraint_solving,advanced_composition,semantic_validation,fail_as_expected,"This advanced Logic Functional Language (DeepML) example teaches constraint solving. It preserves the corpus-derived source → AST → typed/policy-verified semantic record → R12 → MCRT trace and uses deterministic IDs, hashes, provenance, and no-network safety. The example is intentionally invalid and must be rejected at semantic validation."
DMLL-SEMANTIC_VALIDATION-04667,EX-DMLL-04667,memoization,advanced_composition,semantic_validation,fail_as_expected,"This advanced Logic Functional Language (DeepML) example teaches memoization. It preserves the corpus-derived source → AST → typed/policy-verified semantic record → R12 → MCRT trace and uses deterministic IDs, hashes, provenance, and no-network safety. The example is intentionally invalid and must be rejected at semantic validation."
DMLL-SEMANTIC_VALIDATION-04675,EX-DMLL-04675,theorem,advanced_composition,semantic_validation,fail_as_expected,"This advanced Logic Functional Language (DeepML) example teaches theorem. It preserves the corpus-derived source → AST → typed/policy-verified semantic record → R12 → MCRT trace and uses deterministic IDs, hashes, provenance, and no-network safety. The example is intentionally invalid and must be rejected at semantic validation."
DMLL-SEMANTIC_VALIDATION-04683,EX-DMLL-04683,inference_strategy,advanced_composition,semantic_validation,fail_as_expected,"This advanced Logic Functional Language (DeepML) example teaches inference strategy. It preserves the corpus-derived source → AST → typed/policy-verified semantic record → R12 → MCRT trace and uses deterministic IDs, hashes, provenance, and no-network safety. The example is intentionally invalid and must be rejected at semantic validation."
DMLL-SEMANTIC_VALIDATION-04691,EX-DMLL-04691,symbolic_reasoning,advanced_composition,semantic_validation,fail_as_expected,"This advanced Logic Functional Language (DeepML) example teaches symbolic reasoning. It preserves the corpus-derived source → AST → typed/policy-verified semantic record → R12 → MCRT trace and uses deterministic IDs, hashes, provenance, and no-network safety. The example is intentionally invalid and must be rejected at semantic validation."
DMLL-SEMANTIC_VALIDATION-04694,EX-DMLL-04694,proof_term,advanced_composition,semantic_validation,fail_as_expected,"This advanced Logic Functional Language (DeepML) example teaches proof term. It preserves the corpus-derived source → AST → typed/policy-verified semantic record → R12 → MCRT trace and uses deterministic IDs, hashes, provenance, and no-network safety. The example is intentionally invalid and must be rejected at semantic validation."
DMLL-SEMANTIC_VALIDATION-04702,EX-DMLL-04702,memoization,advanced_composition,semantic_validation,fail_as_expected,"This advanced Logic Functional Language (DeepML) example teaches memoization. It preserves the corpus-derived source → AST → typed/policy-verified semantic record → R12 → MCRT trace and uses deterministic IDs, hashes, provenance, and no-network safety. The example is intentionally invalid and must be rejected at semantic validation."
DMLL-SEMANTIC_VALIDATION-04710,EX-DMLL-04710,theorem,advanced_composition,semantic_validation,fail_as_expected,"This advanced Logic Functional Language (DeepML) example teaches theorem. It preserves the corpus-derived source → AST → typed/policy-verified semantic record → R12 → MCRT trace and uses deterministic IDs, hashes, provenance, and no-network safety. The example is intentionally invalid and must be rejected at semantic validation."
DMLL-SEMANTIC_VALIDATION-04713,EX-DMLL-04713,constraint_solving,advanced_composition,semantic_validation,fail_as_expected,"This advanced Logic Functional Language (DeepML) example teaches constraint solving. It preserves the corpus-derived source → AST → typed/policy-verified semantic record → R12 → MCRT trace and uses deterministic IDs, hashes, provenance, and no-network safety. The example is intentionally invalid and must be rejected at semantic validation."
DMLL-SEMANTIC_VALIDATION-04721,EX-DMLL-04721,logic_graph_integration,advanced_composition,semantic_validation,fail_as_expected,"This advanced Logic Functional Language (DeepML) example teaches logic graph integration. It preserves the corpus-derived source → AST → typed/policy-verified semantic record → R12 → MCRT trace and uses deterministic IDs, hashes, provenance, and no-network safety. The example is intentionally invalid and must be rejected at semantic validation."
DMLL-SEMANTIC_VALIDATION-04729,EX-DMLL-04729,proof_term,advanced_composition,semantic_validation,fail_as_expected,"This advanced Logic Functional Language (DeepML) example teaches proof term. It preserves the corpus-derived source → AST → typed/policy-verified semantic record → R12 → MCRT trace and uses deterministic IDs, hashes, provenance, and no-network safety. The example is intentionally invalid and must be rejected at semantic validation."
DMLL-SEMANTIC_VALIDATION-04737,EX-DMLL-04737,memoization,advanced_composition,semantic_validation,fail_as_expected,"This advanced Logic Functional Language (DeepML) example teaches memoization. It preserves the corpus-derived source → AST → typed/policy-verified semantic record → R12 → MCRT trace and uses deterministic IDs, hashes, provenance, and no-network safety. The example is intentionally invalid and must be rejected at semantic validation."
DMLL-SEMANTIC_VALIDATION-04740,EX-DMLL-04740,symbolic_reasoning,advanced_composition,semantic_validation,fail_as_expected,"This advanced Logic Functional Language (DeepML) example teaches symbolic reasoning. It preserves the corpus-derived source → AST → typed/policy-verified semantic record → R12 → MCRT trace and uses deterministic IDs, hashes, provenance, and no-network safety. The example is intentionally invalid and must be rejected at semantic validation."
DMLL-SEMANTIC_VALIDATION-04748,EX-DMLL-04748,constraint_solving,advanced_composition,semantic_validation,fail_as_expected,"This advanced Logic Functional Language (DeepML) example teaches constraint solving. It preserves the corpus-derived source → AST → typed/policy-verified semantic record → R12 → MCRT trace and uses deterministic IDs, hashes, provenance, and no-network safety. The example is intentionally invalid and must be rejected at semantic validation."
DMLL-SEMANTIC_VALIDATION-04756,EX-DMLL-04756,logic_graph_integration,advanced_composition,semantic_validation,fail_as_expected,"This advanced Logic Functional Language (DeepML) example teaches logic graph integration. It preserves the corpus-derived source → AST → typed/policy-verified semantic record → R12 → MCRT trace and uses deterministic IDs, hashes, provenance, and no-network safety. The example is intentionally invalid and must be rejected at semantic validation."
DMLL-SEMANTIC_VALIDATION-04764,EX-DMLL-04764,proof_term,advanced_composition,semantic_validation,fail_as_expected,"This advanced Logic Functional Language (DeepML) example teaches proof term. It preserves the corpus-derived source → AST → typed/policy-verified semantic record → R12 → MCRT trace and uses deterministic IDs, hashes, provenance, and no-network safety. The example is intentionally invalid and must be rejected at semantic validation."
DMLL-SEMANTIC_VALIDATION-04767,EX-DMLL-04767,inference_strategy,advanced_composition,semantic_validation,fail_as_expected,"This advanced Logic Functional Language (DeepML) example teaches inference strategy. It preserves the corpus-derived source → AST → typed/policy-verified semantic record → R12 → MCRT trace and uses deterministic IDs, hashes, provenance, and no-network safety. The example is intentionally invalid and must be rejected at semantic validation."
DMLL-SEMANTIC_VALIDATION-04775,EX-DMLL-04775,symbolic_reasoning,advanced_composition,semantic_validation,fail_as_expected,"This advanced Logic Functional Language (DeepML) example teaches symbolic reasoning. It preserves the corpus-derived source → AST → typed/policy-verified semantic record → R12 → MCRT trace and uses deterministic IDs, hashes, provenance, and no-network safety. The example is intentionally invalid and must be rejected at semantic validation."
DMLL-SEMANTIC_VALIDATION-04783,EX-DMLL-04783,constraint_solving,advanced_composition,semantic_validation,fail_as_expected,"This advanced Logic Functional Language (DeepML) example teaches constraint solving. It preserves the corpus-derived source → AST → typed/policy-verified semantic record → R12 → MCRT trace and uses deterministic IDs, hashes, provenance, and no-network safety. The example is intentionally invalid and must be rejected at semantic validation."
DMLL-SEMANTIC_VALIDATION-04791,EX-DMLL-04791,logic_graph_integration,advanced_composition,semantic_validation,fail_as_expected,"This advanced Logic Functional Language (DeepML) example teaches logic graph integration. It preserves the corpus-derived source → AST → typed/policy-verified semantic record → R12 → MCRT trace and uses deterministic IDs, hashes, provenance, and no-network safety. The example is intentionally invalid and must be rejected at semantic validation."
DMLL-SEMANTIC_VALIDATION-04794,EX-DMLL-04794,theorem,advanced_composition,semantic_validation,fail_as_expected,"This advanced Logic Functional Language (DeepML) example teaches theorem. It preserves the corpus-derived source → AST → typed/policy-verified semantic record → R12 → MCRT trace and uses deterministic IDs, hashes, provenance, and no-network safety. The example is intentionally invalid and must be rejected at semantic validation."
DMLL-SEMANTIC_VALIDATION-04802,EX-DMLL-04802,inference_strategy,advanced_composition,semantic_validation,fail_as_expected,"This advanced Logic Functional Language (DeepML) example teaches inference strategy. It preserves the corpus-derived source → AST → typed/policy-verified semantic record → R12 → MCRT trace and uses deterministic IDs, hashes, provenance, and no-network safety. The example is intentionally invalid and must be rejected at semantic validation."
DMLL-SEMANTIC_VALIDATION-04810,EX-DMLL-04810,symbolic_reasoning,advanced_composition,semantic_validation,fail_as_expected,"This advanced Logic Functional Language (DeepML) example teaches symbolic reasoning. It preserves the corpus-derived source → AST → typed/policy-verified semantic record → R12 → MCRT trace and uses deterministic IDs, hashes, provenance, and no-network safety. The example is intentionally invalid and must be rejected at semantic validation."
DMLL-SEMANTIC_VALIDATION-04813,EX-DMLL-04813,proof_term,advanced_composition,semantic_validation,fail_as_expected,"This advanced Logic Functional Language (DeepML) example teaches proof term. It preserves the corpus-derived source → AST → typed/policy-verified semantic record → R12 → MCRT trace and uses deterministic IDs, hashes, provenance, and no-network safety. The example is intentionally invalid and must be rejected at semantic validation."
DMLL-SEMANTIC_VALIDATION-04821,EX-DMLL-04821,memoization,advanced_composition,semantic_validation,fail_as_expected,"This advanced Logic Functional Language (DeepML) example teaches memoization. It preserves the corpus-derived source → AST → typed/policy-verified semantic record → R12 → MCRT trace and uses deterministic IDs, hashes, provenance, and no-network safety. The example is intentionally invalid and must be rejected at semantic validation."
DMLL-SEMANTIC_VALIDATION-04829,EX-DMLL-04829,theorem,advanced_composition,semantic_validation,fail_as_expected,"This advanced Logic Functional Language (DeepML) example teaches theorem. It preserves the corpus-derived source → AST → typed/policy-verified semantic record → R12 → MCRT trace and uses deterministic IDs, hashes, provenance, and no-network safety. The example is intentionally invalid and must be rejected at semantic validation."
DMLL-SEMANTIC_VALIDATION-04837,EX-DMLL-04837,inference_strategy,advanced_composition,semantic_validation,fail_as_expected,"This advanced Logic Functional Language (DeepML) example teaches inference strategy. It preserves the corpus-derived source → AST → typed/policy-verified semantic record → R12 → MCRT trace and uses deterministic IDs, hashes, provenance, and no-network safety. The example is intentionally invalid and must be rejected at semantic validation."
DMLL-SEMANTIC_VALIDATION-04840,EX-DMLL-04840,logic_graph_integration,advanced_composition,semantic_validation,fail_as_expected,"This advanced Logic Functional Language (DeepML) example teaches logic graph integration. It preserves the corpus-derived source → AST → typed/policy-verified semantic record → R12 → MCRT trace and uses deterministic IDs, hashes, provenance, and no-network safety. The example is intentionally invalid and must be rejected at semantic validation."
DMLL-SEMANTIC_VALIDATION-04848,EX-DMLL-04848,proof_term,advanced_composition,semantic_validation,fail_as_expected,"This advanced Logic Functional Language (DeepML) example teaches proof term. It preserves the corpus-derived source → AST → typed/policy-verified semantic record → R12 → MCRT trace and uses deterministic IDs, hashes, provenance, and no-network safety. The example is intentionally invalid and must be rejected at semantic validation."
DMLL-SEMANTIC_VALIDATION-04856,EX-DMLL-04856,memoization,advanced_composition,semantic_validation,fail_as_expected,"This advanced Logic Functional Language (DeepML) example teaches memoization. It preserves the corpus-derived source → AST → typed/policy-verified semantic record → R12 → MCRT trace and uses deterministic IDs, hashes, provenance, and no-network safety. The example is intentionally invalid and must be rejected at semantic validation."
DMLL-SEMANTIC_VALIDATION-04864,EX-DMLL-04864,theorem,advanced_composition,semantic_validation,fail_as_expected,"This advanced Logic Functional Language (DeepML) example teaches theorem. It preserves the corpus-derived source → AST → typed/policy-verified semantic record → R12 → MCRT trace and uses deterministic IDs, hashes, provenance, and no-network safety. The example is intentionally invalid and must be rejected at semantic validation."
DMLL-SEMANTIC_VALIDATION-04867,EX-DMLL-04867,constraint_solving,advanced_composition,semantic_validation,fail_as_expected,"This advanced Logic Functional Language (DeepML) example teaches constraint solving. It preserves the corpus-derived source → AST → typed/policy-verified semantic record → R12 → MCRT trace and uses deterministic IDs, hashes, provenance, and no-network safety. The example is intentionally invalid and must be rejected at semantic validation."
DMLL-SEMANTIC_VALIDATION-04875,EX-DMLL-04875,logic_graph_integration,advanced_composition,semantic_validation,fail_as_expected,"This advanced Logic Functional Language (DeepML) example teaches logic graph integration. It preserves the corpus-derived source → AST → typed/policy-verified semantic record → R12 → MCRT trace and uses deterministic IDs, hashes, provenance, and no-network safety. The example is intentionally invalid and must be rejected at semantic validation."
DMLL-SEMANTIC_VALIDATION-04883,EX-DMLL-04883,proof_term,advanced_composition,semantic_validation,fail_as_expected,"This advanced Logic Functional Language (DeepML) example teaches proof term. It preserves the corpus-derived source → AST → typed/policy-verified semantic record → R12 → MCRT trace and uses deterministic IDs, hashes, provenance, and no-network safety. The example is intentionally invalid and must be rejected at semantic validation."
DMLL-SEMANTIC_VALIDATION-04891,EX-DMLL-04891,memoization,advanced_composition,semantic_validation,fail_as_expected,"This advanced Logic Functional Language (DeepML) example teaches memoization. It preserves the corpus-derived source → AST → typed/policy-verified semantic record → R12 → MCRT trace and uses deterministic IDs, hashes, provenance, and no-network safety. The example is intentionally invalid and must be rejected at semantic validation."
DMLL-SEMANTIC_VALIDATION-04894,EX-DMLL-04894,symbolic_reasoning,advanced_composition,semantic_validation,fail_as_expected,"This advanced Logic Functional Language (DeepML) example teaches symbolic reasoning. It preserves the corpus-derived source → AST → typed/policy-verified semantic record → R12 → MCRT trace and uses deterministic IDs, hashes, provenance, and no-network safety. The example is intentionally invalid and must be rejected at semantic validation."
DMLL-SEMANTIC_VALIDATION-04902,EX-DMLL-04902,constraint_solving,advanced_composition,semantic_validation,fail_as_expected,"This advanced Logic Functional Language (DeepML) example teaches constraint solving. It preserves the corpus-derived source → AST → typed/policy-verified semantic record → R12 → MCRT trace and uses deterministic IDs, hashes, provenance, and no-network safety. The example is intentionally invalid and must be rejected at semantic validation."
DMLL-SEMANTIC_VALIDATION-04910,EX-DMLL-04910,logic_graph_integration,advanced_composition,semantic_validation,fail_as_expected,"This advanced Logic Functional Language (DeepML) example teaches logic graph integration. It preserves the corpus-derived source → AST → typed/policy-verified semantic record → R12 → MCRT trace and uses deterministic IDs, hashes, provenance, and no-network safety. The example is intentionally invalid and must be rejected at semantic validation."
DMLL-SEMANTIC_VALIDATION-04913,EX-DMLL-04913,theorem,advanced_composition,semantic_validation,fail_as_expected,"This advanced Logic Functional Language (DeepML) example teaches theorem. It preserves the corpus-derived source → AST → typed/policy-verified semantic record → R12 → MCRT trace and uses deterministic IDs, hashes, provenance, and no-network safety. The example is intentionally invalid and must be rejected at semantic validation."
DMLL-SEMANTIC_VALIDATION-04921,EX-DMLL-04921,inference_strategy,advanced_composition,semantic_validation,fail_as_expected,"This advanced Logic Functional Language (DeepML) example teaches inference strategy. It preserves the corpus-derived source → AST → typed/policy-verified semantic record → R12 → MCRT trace and uses deterministic IDs, hashes, provenance, and no-network safety. The example is intentionally invalid and must be rejected at semantic validation."
DMLL-SEMANTIC_VALIDATION-04929,EX-DMLL-04929,symbolic_reasoning,advanced_composition,semantic_validation,fail_as_expected,"This advanced Logic Functional Language (DeepML) example teaches symbolic reasoning. It preserves the corpus-derived source → AST → typed/policy-verified semantic record → R12 → MCRT trace and uses deterministic IDs, hashes, provenance, and no-network safety. The example is intentionally invalid and must be rejected at semantic validation."
DMLL-SEMANTIC_VALIDATION-04937,EX-DMLL-04937,constraint_solving,advanced_composition,semantic_validation,fail_as_expected,"This advanced Logic Functional Language (DeepML) example teaches constraint solving. It preserves the corpus-derived source → AST → typed/policy-verified semantic record → R12 → MCRT trace and uses deterministic IDs, hashes, provenance, and no-network safety. The example is intentionally invalid and must be rejected at semantic validation."
DMLL-SEMANTIC_VALIDATION-04940,EX-DMLL-04940,memoization,advanced_composition,semantic_validation,fail_as_expected,"This advanced Logic Functional Language (DeepML) example teaches memoization. It preserves the corpus-derived source → AST → typed/policy-verified semantic record → R12 → MCRT trace and uses deterministic IDs, hashes, provenance, and no-network safety. The example is intentionally invalid and must be rejected at semantic validation."
DMLL-SEMANTIC_VALIDATION-04948,EX-DMLL-04948,theorem,advanced_composition,semantic_validation,fail_as_expected,"This advanced Logic Functional Language (DeepML) example teaches theorem. It preserves the corpus-derived source → AST → typed/policy-verified semantic record → R12 → MCRT trace and uses deterministic IDs, hashes, provenance, and no-network safety. The example is intentionally invalid and must be rejected at semantic validation."
DMLL-SEMANTIC_VALIDATION-04956,EX-DMLL-04956,inference_strategy,advanced_composition,semantic_validation,fail_as_expected,"This advanced Logic Functional Language (DeepML) example teaches inference strategy. It preserves the corpus-derived source → AST → typed/policy-verified semantic record → R12 → MCRT trace and uses deterministic IDs, hashes, provenance, and no-network safety. The example is intentionally invalid and must be rejected at semantic validation."
DMLL-SEMANTIC_VALIDATION-04964,EX-DMLL-04964,symbolic_reasoning,advanced_composition,semantic_validation,fail_as_expected,"This advanced Logic Functional Language (DeepML) example teaches symbolic reasoning. It preserves the corpus-derived source → AST → typed/policy-verified semantic record → R12 → MCRT trace and uses deterministic IDs, hashes, provenance, and no-network safety. The example is intentionally invalid and must be rejected at semantic validation."
DMLL-SEMANTIC_VALIDATION-04967,EX-DMLL-04967,proof_term,advanced_composition,semantic_validation,fail_as_expected,"This advanced Logic Functional Language (DeepML) example teaches proof term. It preserves the corpus-derived source → AST → typed/policy-verified semantic record → R12 → MCRT trace and uses deterministic IDs, hashes, provenance, and no-network safety. The example is intentionally invalid and must be rejected at semantic validation."
DMLL-SEMANTIC_VALIDATION-04975,EX-DMLL-04975,memoization,advanced_composition,semantic_validation,fail_as_expected,"This advanced Logic Functional Language (DeepML) example teaches memoization. It preserves the corpus-derived source → AST → typed/policy-verified semantic record → R12 → MCRT trace and uses deterministic IDs, hashes, provenance, and no-network safety. The example is intentionally invalid and must be rejected at semantic validation."
DMLL-SEMANTIC_VALIDATION-04983,EX-DMLL-04983,theorem,advanced_composition,semantic_validation,fail_as_expected,"This advanced Logic Functional Language (DeepML) example teaches theorem. It preserves the corpus-derived source → AST → typed/policy-verified semantic record → R12 → MCRT trace and uses deterministic IDs, hashes, provenance, and no-network safety. The example is intentionally invalid and must be rejected at semantic validation."
DMLL-SEMANTIC_VALIDATION-04991,EX-DMLL-04991,inference_strategy,advanced_composition,semantic_validation,fail_as_expected,"This advanced Logic Functional Language (DeepML) example teaches inference strategy. It preserves the corpus-derived source → AST → typed/policy-verified semantic record → R12 → MCRT trace and uses deterministic IDs, hashes, provenance, and no-network safety. The example is intentionally invalid and must be rejected at semantic validation."
DMLL-SEMANTIC_VALIDATION-04994,EX-DMLL-04994,logic_graph_integration,advanced_composition,semantic_validation,fail_as_expected,"This advanced Logic Functional Language (DeepML) example teaches logic graph integration. It preserves the corpus-derived source → AST → typed/policy-verified semantic record → R12 → MCRT trace and uses deterministic IDs, hashes, provenance, and no-network safety. The example is intentionally invalid and must be rejected at semantic validation."
DMLL-SEMANTIC_VALIDATION-05007,EX-DMLL-05007,planning_system,large_integrated_examples,semantic_validation,fail_as_expected,"This expert Logic Functional Language (DeepML) example teaches planning system. It preserves the corpus-derived source → AST → typed/policy-verified semantic record → R12 → MCRT trace and uses deterministic IDs, hashes, provenance, and no-network safety. The example is intentionally invalid and must be rejected at semantic validation."
DMLL-SEMANTIC_VALIDATION-05026,EX-DMLL-05026,knowledge_base,large_integrated_examples,semantic_validation,fail_as_expected,"This expert Logic Functional Language (DeepML) example teaches knowledge base. It preserves the corpus-derived source → AST → typed/policy-verified semantic record → R12 → MCRT trace and uses deterministic IDs, hashes, provenance, and no-network safety. The example is intentionally invalid and must be rejected at semantic validation."
DMLL-SEMANTIC_VALIDATION-05034,EX-DMLL-05034,scene_timeline_rules,large_integrated_examples,semantic_validation,fail_as_expected,"This expert Logic Functional Language (DeepML) example teaches scene timeline rules. It preserves the corpus-derived source → AST → typed/policy-verified semantic record → R12 → MCRT trace and uses deterministic IDs, hashes, provenance, and no-network safety. The example is intentionally invalid and must be rejected at semantic validation."
DMLL-SEMANTIC_VALIDATION-05045,EX-DMLL-05045,certification_logic,large_integrated_examples,semantic_validation,fail_as_expected,"This expert Logic Functional Language (DeepML) example teaches certification logic. It preserves the corpus-derived source → AST → typed/policy-verified semantic record → R12 → MCRT trace and uses deterministic IDs, hashes, provenance, and no-network safety. The example is intentionally invalid and must be rejected at semantic validation."
DMLL-SEMANTIC_VALIDATION-05053,EX-DMLL-05053,symbolic_neural_workflow,large_integrated_examples,semantic_validation,fail_as_expected,"This expert Logic Functional Language (DeepML) example teaches symbolic neural workflow. It preserves the corpus-derived source → AST → typed/policy-verified semantic record → R12 → MCRT trace and uses deterministic IDs, hashes, provenance, and no-network safety. The example is intentionally invalid and must be rejected at semantic validation."
DMLL-SEMANTIC_VALIDATION-05061,EX-DMLL-05061,planning_system,large_integrated_examples,semantic_validation,fail_as_expected,"This expert Logic Functional Language (DeepML) example teaches planning system. It preserves the corpus-derived source → AST → typed/policy-verified semantic record → R12 → MCRT trace and uses deterministic IDs, hashes, provenance, and no-network safety. The example is intentionally invalid and must be rejected at semantic validation."
DMLL-SEMANTIC_VALIDATION-05072,EX-DMLL-05072,proof_carrying_transform,large_integrated_examples,semantic_validation,fail_as_expected,"This expert Logic Functional Language (DeepML) example teaches proof carrying transform. It preserves the corpus-derived source → AST → typed/policy-verified semantic record → R12 → MCRT trace and uses deterministic IDs, hashes, provenance, and no-network safety. The example is intentionally invalid and must be rejected at semantic validation."
DMLL-SEMANTIC_VALIDATION-05080,EX-DMLL-05080,knowledge_base,large_integrated_examples,semantic_validation,fail_as_expected,"This expert Logic Functional Language (DeepML) example teaches knowledge base. It preserves the corpus-derived source → AST → typed/policy-verified semantic record → R12 → MCRT trace and uses deterministic IDs, hashes, provenance, and no-network safety. The example is intentionally invalid and must be rejected at semantic validation."
DMLL-SEMANTIC_VALIDATION-05088,EX-DMLL-05088,scene_timeline_rules,large_integrated_examples,semantic_validation,fail_as_expected,"This expert Logic Functional Language (DeepML) example teaches scene timeline rules. It preserves the corpus-derived source → AST → typed/policy-verified semantic record → R12 → MCRT trace and uses deterministic IDs, hashes, provenance, and no-network safety. The example is intentionally invalid and must be rejected at semantic validation."
DMLL-SEMANTIC_VALIDATION-05099,EX-DMLL-05099,certification_logic,large_integrated_examples,semantic_validation,fail_as_expected,"This expert Logic Functional Language (DeepML) example teaches certification logic. It preserves the corpus-derived source → AST → typed/policy-verified semantic record → R12 → MCRT trace and uses deterministic IDs, hashes, provenance, and no-network safety. The example is intentionally invalid and must be rejected at semantic validation."
DMLL-SEMANTIC_VALIDATION-05107,EX-DMLL-05107,symbolic_neural_workflow,large_integrated_examples,semantic_validation,fail_as_expected,"This expert Logic Functional Language (DeepML) example teaches symbolic neural workflow. It preserves the corpus-derived source → AST → typed/policy-verified semantic record → R12 → MCRT trace and uses deterministic IDs, hashes, provenance, and no-network safety. The example is intentionally invalid and must be rejected at semantic validation."
DMLL-SEMANTIC_VALIDATION-05126,EX-DMLL-05126,proof_carrying_transform,large_integrated_examples,semantic_validation,fail_as_expected,"This expert Logic Functional Language (DeepML) example teaches proof carrying transform. It preserves the corpus-derived source → AST → typed/policy-verified semantic record → R12 → MCRT trace and uses deterministic IDs, hashes, provenance, and no-network safety. The example is intentionally invalid and must be rejected at semantic validation."
DMLL-SEMANTIC_VALIDATION-05134,EX-DMLL-05134,knowledge_base,large_integrated_examples,semantic_validation,fail_as_expected,"This expert Logic Functional Language (DeepML) example teaches knowledge base. It preserves the corpus-derived source → AST → typed/policy-verified semantic record → R12 → MCRT trace and uses deterministic IDs, hashes, provenance, and no-network safety. The example is intentionally invalid and must be rejected at semantic validation."
DMLL-SEMANTIC_VALIDATION-05145,EX-DMLL-05145,planning_system,large_integrated_examples,semantic_validation,fail_as_expected,"This expert Logic Functional Language (DeepML) example teaches planning system. It preserves the corpus-derived source → AST → typed/policy-verified semantic record → R12 → MCRT trace and uses deterministic IDs, hashes, provenance, and no-network safety. The example is intentionally invalid and must be rejected at semantic validation."
DMLL-SEMANTIC_VALIDATION-05153,EX-DMLL-05153,certification_logic,large_integrated_examples,semantic_validation,fail_as_expected,"This expert Logic Functional Language (DeepML) example teaches certification logic. It preserves the corpus-derived source → AST → typed/policy-verified semantic record → R12 → MCRT trace and uses deterministic IDs, hashes, provenance, and no-network safety. The example is intentionally invalid and must be rejected at semantic validation."
DMLL-SEMANTIC_VALIDATION-05161,EX-DMLL-05161,symbolic_neural_workflow,large_integrated_examples,semantic_validation,fail_as_expected,"This expert Logic Functional Language (DeepML) example teaches symbolic neural workflow. It preserves the corpus-derived source → AST → typed/policy-verified semantic record → R12 → MCRT trace and uses deterministic IDs, hashes, provenance, and no-network safety. The example is intentionally invalid and must be rejected at semantic validation."
DMLL-SEMANTIC_VALIDATION-05172,EX-DMLL-05172,scene_timeline_rules,large_integrated_examples,semantic_validation,fail_as_expected,"This expert Logic Functional Language (DeepML) example teaches scene timeline rules. It preserves the corpus-derived source → AST → typed/policy-verified semantic record → R12 → MCRT trace and uses deterministic IDs, hashes, provenance, and no-network safety. The example is intentionally invalid and must be rejected at semantic validation."
DMLL-SEMANTIC_VALIDATION-05180,EX-DMLL-05180,proof_carrying_transform,large_integrated_examples,semantic_validation,fail_as_expected,"This expert Logic Functional Language (DeepML) example teaches proof carrying transform. It preserves the corpus-derived source → AST → typed/policy-verified semantic record → R12 → MCRT trace and uses deterministic IDs, hashes, provenance, and no-network safety. The example is intentionally invalid and must be rejected at semantic validation."
DMLL-SEMANTIC_VALIDATION-05188,EX-DMLL-05188,knowledge_base,large_integrated_examples,semantic_validation,fail_as_expected,"This expert Logic Functional Language (DeepML) example teaches knowledge base. It preserves the corpus-derived source → AST → typed/policy-verified semantic record → R12 → MCRT trace and uses deterministic IDs, hashes, provenance, and no-network safety. The example is intentionally invalid and must be rejected at semantic validation."
DMLL-SEMANTIC_VALIDATION-05199,EX-DMLL-05199,planning_system,large_integrated_examples,semantic_validation,fail_as_expected,"This expert Logic Functional Language (DeepML) example teaches planning system. It preserves the corpus-derived source → AST → typed/policy-verified semantic record → R12 → MCRT trace and uses deterministic IDs, hashes, provenance, and no-network safety. The example is intentionally invalid and must be rejected at semantic validation."
DMLL-SEMANTIC_VALIDATION-05207,EX-DMLL-05207,certification_logic,large_integrated_examples,semantic_validation,fail_as_expected,"This expert Logic Functional Language (DeepML) example teaches certification logic. It preserves the corpus-derived source → AST → typed/policy-verified semantic record → R12 → MCRT trace and uses deterministic IDs, hashes, provenance, and no-network safety. The example is intentionally invalid and must be rejected at semantic validation."
DMLL-SEMANTIC_VALIDATION-05226,EX-DMLL-05226,scene_timeline_rules,large_integrated_examples,semantic_validation,fail_as_expected,"This expert Logic Functional Language (DeepML) example teaches scene timeline rules. It preserves the corpus-derived source → AST → typed/policy-verified semantic record → R12 → MCRT trace and uses deterministic IDs, hashes, provenance, and no-network safety. The example is intentionally invalid and must be rejected at semantic validation."
DMLL-SEMANTIC_VALIDATION-05234,EX-DMLL-05234,proof_carrying_transform,large_integrated_examples,semantic_validation,fail_as_expected,"This expert Logic Functional Language (DeepML) example teaches proof carrying transform. It preserves the corpus-derived source → AST → typed/policy-verified semantic record → R12 → MCRT trace and uses deterministic IDs, hashes, provenance, and no-network safety. The example is intentionally invalid and must be rejected at semantic validation."
DMLL-SEMANTIC_VALIDATION-05245,EX-DMLL-05245,symbolic_neural_workflow,large_integrated_examples,semantic_validation,fail_as_expected,"This expert Logic Functional Language (DeepML) example teaches symbolic neural workflow. It preserves the corpus-derived source → AST → typed/policy-verified semantic record → R12 → MCRT trace and uses deterministic IDs, hashes, provenance, and no-network safety. The example is intentionally invalid and must be rejected at semantic validation."
DMLL-SEMANTIC_VALIDATION-05253,EX-DMLL-05253,planning_system,large_integrated_examples,semantic_validation,fail_as_expected,"This expert Logic Functional Language (DeepML) example teaches planning system. It preserves the corpus-derived source → AST → typed/policy-verified semantic record → R12 → MCRT trace and uses deterministic IDs, hashes, provenance, and no-network safety. The example is intentionally invalid and must be rejected at semantic validation."
DMLL-SEMANTIC_VALIDATION-05261,EX-DMLL-05261,certification_logic,large_integrated_examples,semantic_validation,fail_as_expected,"This expert Logic Functional Language (DeepML) example teaches certification logic. It preserves the corpus-derived source → AST → typed/policy-verified semantic record → R12 → MCRT trace and uses deterministic IDs, hashes, provenance, and no-network safety. The example is intentionally invalid and must be rejected at semantic validation."
DMLL-SEMANTIC_VALIDATION-05272,EX-DMLL-05272,knowledge_base,large_integrated_examples,semantic_validation,fail_as_expected,"This expert Logic Functional Language (DeepML) example teaches knowledge base. It preserves the corpus-derived source → AST → typed/policy-verified semantic record → R12 → MCRT trace and uses deterministic IDs, hashes, provenance, and no-network safety. The example is intentionally invalid and must be rejected at semantic validation."
DMLL-SEMANTIC_VALIDATION-05280,EX-DMLL-05280,scene_timeline_rules,large_integrated_examples,semantic_validation,fail_as_expected,"This expert Logic Functional Language (DeepML) example teaches scene timeline rules. It preserves the corpus-derived source → AST → typed/policy-verified semantic record → R12 → MCRT trace and uses deterministic IDs, hashes, provenance, and no-network safety. The example is intentionally invalid and must be rejected at semantic validation."
DMLL-SEMANTIC_VALIDATION-05288,EX-DMLL-05288,proof_carrying_transform,large_integrated_examples,semantic_validation,fail_as_expected,"This expert Logic Functional Language (DeepML) example teaches proof carrying transform. It preserves the corpus-derived source → AST → typed/policy-verified semantic record → R12 → MCRT trace and uses deterministic IDs, hashes, provenance, and no-network safety. The example is intentionally invalid and must be rejected at semantic validation."
DMLL-SEMANTIC_VALIDATION-05299,EX-DMLL-05299,symbolic_neural_workflow,large_integrated_examples,semantic_validation,fail_as_expected,"This expert Logic Functional Language (DeepML) example teaches symbolic neural workflow. It preserves the corpus-derived source → AST → typed/policy-verified semantic record → R12 → MCRT trace and uses deterministic IDs, hashes, provenance, and no-network safety. The example is intentionally invalid and must be rejected at semantic validation."
DMLL-SEMANTIC_VALIDATION-05307,EX-DMLL-05307,planning_system,large_integrated_examples,semantic_validation,fail_as_expected,"This expert Logic Functional Language (DeepML) example teaches planning system. It preserves the corpus-derived source → AST → typed/policy-verified semantic record → R12 → MCRT trace and uses deterministic IDs, hashes, provenance, and no-network safety. The example is intentionally invalid and must be rejected at semantic validation."
DMLL-SEMANTIC_VALIDATION-05326,EX-DMLL-05326,knowledge_base,large_integrated_examples,semantic_validation,fail_as_expected,"This expert Logic Functional Language (DeepML) example teaches knowledge base. It preserves the corpus-derived source → AST → typed/policy-verified semantic record → R12 → MCRT trace and uses deterministic IDs, hashes, provenance, and no-network safety. The example is intentionally invalid and must be rejected at semantic validation."
DMLL-SEMANTIC_VALIDATION-05334,EX-DMLL-05334,scene_timeline_rules,large_integrated_examples,semantic_validation,fail_as_expected,"This expert Logic Functional Language (DeepML) example teaches scene timeline rules. It preserves the corpus-derived source → AST → typed/policy-verified semantic record → R12 → MCRT trace and uses deterministic IDs, hashes, provenance, and no-network safety. The example is intentionally invalid and must be rejected at semantic validation."
DMLL-SEMANTIC_VALIDATION-05345,EX-DMLL-05345,certification_logic,large_integrated_examples,semantic_validation,fail_as_expected,"This expert Logic Functional Language (DeepML) example teaches certification logic. It preserves the corpus-derived source → AST → typed/policy-verified semantic record → R12 → MCRT trace and uses deterministic IDs, hashes, provenance, and no-network safety. The example is intentionally invalid and must be rejected at semantic validation."
DMLL-SEMANTIC_VALIDATION-05353,EX-DMLL-05353,symbolic_neural_workflow,large_integrated_examples,semantic_validation,fail_as_expected,"This expert Logic Functional Language (DeepML) example teaches symbolic neural workflow. It preserves the corpus-derived source → AST → typed/policy-verified semantic record → R12 → MCRT trace and uses deterministic IDs, hashes, provenance, and no-network safety. The example is intentionally invalid and must be rejected at semantic validation."
DMLL-SEMANTIC_VALIDATION-05361,EX-DMLL-05361,planning_system,large_integrated_examples,semantic_validation,fail_as_expected,"This expert Logic Functional Language (DeepML) example teaches planning system. It preserves the corpus-derived source → AST → typed/policy-verified semantic record → R12 → MCRT trace and uses deterministic IDs, hashes, provenance, and no-network safety. The example is intentionally invalid and must be rejected at semantic validation."
DMLL-SEMANTIC_VALIDATION-05372,EX-DMLL-05372,proof_carrying_transform,large_integrated_examples,semantic_validation,fail_as_expected,"This expert Logic Functional Language (DeepML) example teaches proof carrying transform. It preserves the corpus-derived source → AST → typed/policy-verified semantic record → R12 → MCRT trace and uses deterministic IDs, hashes, provenance, and no-network safety. The example is intentionally invalid and must be rejected at semantic validation."
DMLL-SEMANTIC_VALIDATION-05380,EX-DMLL-05380,knowledge_base,large_integrated_examples,semantic_validation,fail_as_expected,"This expert Logic Functional Language (DeepML) example teaches knowledge base. It preserves the corpus-derived source → AST → typed/policy-verified semantic record → R12 → MCRT trace and uses deterministic IDs, hashes, provenance, and no-network safety. The example is intentionally invalid and must be rejected at semantic validation."
DMLL-SEMANTIC_VALIDATION-05388,EX-DMLL-05388,scene_timeline_rules,large_integrated_examples,semantic_validation,fail_as_expected,"This expert Logic Functional Language (DeepML) example teaches scene timeline rules. It preserves the corpus-derived source → AST → typed/policy-verified semantic record → R12 → MCRT trace and uses deterministic IDs, hashes, provenance, and no-network safety. The example is intentionally invalid and must be rejected at semantic validation."
DMLL-SEMANTIC_VALIDATION-05399,EX-DMLL-05399,certification_logic,large_integrated_examples,semantic_validation,fail_as_expected,"This expert Logic Functional Language (DeepML) example teaches certification logic. It preserves the corpus-derived source → AST → typed/policy-verified semantic record → R12 → MCRT trace and uses deterministic IDs, hashes, provenance, and no-network safety. The example is intentionally invalid and must be rejected at semantic validation."
DMLL-SEMANTIC_VALIDATION-05407,EX-DMLL-05407,symbolic_neural_workflow,large_integrated_examples,semantic_validation,fail_as_expected,"This expert Logic Functional Language (DeepML) example teaches symbolic neural workflow. It preserves the corpus-derived source → AST → typed/policy-verified semantic record → R12 → MCRT trace and uses deterministic IDs, hashes, provenance, and no-network safety. The example is intentionally invalid and must be rejected at semantic validation."
DMLL-SEMANTIC_VALIDATION-05426,EX-DMLL-05426,proof_carrying_transform,large_integrated_examples,semantic_validation,fail_as_expected,"This expert Logic Functional Language (DeepML) example teaches proof carrying transform. It preserves the corpus-derived source → AST → typed/policy-verified semantic record → R12 → MCRT trace and uses deterministic IDs, hashes, provenance, and no-network safety. The example is intentionally invalid and must be rejected at semantic validation."
DMLL-SEMANTIC_VALIDATION-05434,EX-DMLL-05434,knowledge_base,large_integrated_examples,semantic_validation,fail_as_expected,"This expert Logic Functional Language (DeepML) example teaches knowledge base. It preserves the corpus-derived source → AST → typed/policy-verified semantic record → R12 → MCRT trace and uses deterministic IDs, hashes, provenance, and no-network safety. The example is intentionally invalid and must be rejected at semantic validation."
DMLL-SEMANTIC_VALIDATION-05445,EX-DMLL-05445,planning_system,large_integrated_examples,semantic_validation,fail_as_expected,"This expert Logic Functional Language (DeepML) example teaches planning system. It preserves the corpus-derived source → AST → typed/policy-verified semantic record → R12 → MCRT trace and uses deterministic IDs, hashes, provenance, and no-network safety. The example is intentionally invalid and must be rejected at semantic validation."
DMLL-SEMANTIC_VALIDATION-05453,EX-DMLL-05453,certification_logic,large_integrated_examples,semantic_validation,fail_as_expected,"This expert Logic Functional Language (DeepML) example teaches certification logic. It preserves the corpus-derived source → AST → typed/policy-verified semantic record → R12 → MCRT trace and uses deterministic IDs, hashes, provenance, and no-network safety. The example is intentionally invalid and must be rejected at semantic validation."
DMLL-SEMANTIC_VALIDATION-05461,EX-DMLL-05461,symbolic_neural_workflow,large_integrated_examples,semantic_validation,fail_as_expected,"This expert Logic Functional Language (DeepML) example teaches symbolic neural workflow. It preserves the corpus-derived source → AST → typed/policy-verified semantic record → R12 → MCRT trace and uses deterministic IDs, hashes, provenance, and no-network safety. The example is intentionally invalid and must be rejected at semantic validation."
DMLL-SEMANTIC_VALIDATION-05472,EX-DMLL-05472,scene_timeline_rules,large_integrated_examples,semantic_validation,fail_as_expected,"This expert Logic Functional Language (DeepML) example teaches scene timeline rules. It preserves the corpus-derived source → AST → typed/policy-verified semantic record → R12 → MCRT trace and uses deterministic IDs, hashes, provenance, and no-network safety. The example is intentionally invalid and must be rejected at semantic validation."
DMLL-SEMANTIC_VALIDATION-05480,EX-DMLL-05480,proof_carrying_transform,large_integrated_examples,semantic_validation,fail_as_expected,"This expert Logic Functional Language (DeepML) example teaches proof carrying transform. It preserves the corpus-derived source → AST → typed/policy-verified semantic record → R12 → MCRT trace and uses deterministic IDs, hashes, provenance, and no-network safety. The example is intentionally invalid and must be rejected at semantic validation."
DMLL-SEMANTIC_VALIDATION-05488,EX-DMLL-05488,knowledge_base,large_integrated_examples,semantic_validation,fail_as_expected,"This expert Logic Functional Language (DeepML) example teaches knowledge base. It preserves the corpus-derived source → AST → typed/policy-verified semantic record → R12 → MCRT trace and uses deterministic IDs, hashes, provenance, and no-network safety. The example is intentionally invalid and must be rejected at semantic validation."
DMLL-SEMANTIC_VALIDATION-05499,EX-DMLL-05499,planning_system,large_integrated_examples,semantic_validation,fail_as_expected,"This expert Logic Functional Language (DeepML) example teaches planning system. It preserves the corpus-derived source → AST → typed/policy-verified semantic record → R12 → MCRT trace and uses deterministic IDs, hashes, provenance, and no-network safety. The example is intentionally invalid and must be rejected at semantic validation."
DMLL-SEMANTIC_VALIDATION-05507,EX-DMLL-05507,certification_logic,large_integrated_examples,semantic_validation,fail_as_expected,"This expert Logic Functional Language (DeepML) example teaches certification logic. It preserves the corpus-derived source → AST → typed/policy-verified semantic record → R12 → MCRT trace and uses deterministic IDs, hashes, provenance, and no-network safety. The example is intentionally invalid and must be rejected at semantic validation."
DMLL-SEMANTIC_VALIDATION-05526,EX-DMLL-05526,scene_timeline_rules,large_integrated_examples,semantic_validation,fail_as_expected,"This expert Logic Functional Language (DeepML) example teaches scene timeline rules. It preserves the corpus-derived source → AST → typed/policy-verified semantic record → R12 → MCRT trace and uses deterministic IDs, hashes, provenance, and no-network safety. The example is intentionally invalid and must be rejected at semantic validation."
DMLL-SEMANTIC_VALIDATION-05534,EX-DMLL-05534,proof_carrying_transform,large_integrated_examples,semantic_validation,fail_as_expected,"This expert Logic Functional Language (DeepML) example teaches proof carrying transform. It preserves the corpus-derived source → AST → typed/policy-verified semantic record → R12 → MCRT trace and uses deterministic IDs, hashes, provenance, and no-network safety. The example is intentionally invalid and must be rejected at semantic validation."
DMLL-SEMANTIC_VALIDATION-05545,EX-DMLL-05545,symbolic_neural_workflow,large_integrated_examples,semantic_validation,fail_as_expected,"This expert Logic Functional Language (DeepML) example teaches symbolic neural workflow. It preserves the corpus-derived source → AST → typed/policy-verified semantic record → R12 → MCRT trace and uses deterministic IDs, hashes, provenance, and no-network safety. The example is intentionally invalid and must be rejected at semantic validation."
DMLL-SEMANTIC_VALIDATION-05553,EX-DMLL-05553,planning_system,large_integrated_examples,semantic_validation,fail_as_expected,"This expert Logic Functional Language (DeepML) example teaches planning system. It preserves the corpus-derived source → AST → typed/policy-verified semantic record → R12 → MCRT trace and uses deterministic IDs, hashes, provenance, and no-network safety. The example is intentionally invalid and must be rejected at semantic validation."
DMLL-SEMANTIC_VALIDATION-05561,EX-DMLL-05561,certification_logic,large_integrated_examples,semantic_validation,fail_as_expected,"This expert Logic Functional Language (DeepML) example teaches certification logic. It preserves the corpus-derived source → AST → typed/policy-verified semantic record → R12 → MCRT trace and uses deterministic IDs, hashes, provenance, and no-network safety. The example is intentionally invalid and must be rejected at semantic validation."
DMLL-SEMANTIC_VALIDATION-05572,EX-DMLL-05572,knowledge_base,large_integrated_examples,semantic_validation,fail_as_expected,"This expert Logic Functional Language (DeepML) example teaches knowledge base. It preserves the corpus-derived source → AST → typed/policy-verified semantic record → R12 → MCRT trace and uses deterministic IDs, hashes, provenance, and no-network safety. The example is intentionally invalid and must be rejected at semantic validation."
DMLL-SEMANTIC_VALIDATION-05580,EX-DMLL-05580,scene_timeline_rules,large_integrated_examples,semantic_validation,fail_as_expected,"This expert Logic Functional Language (DeepML) example teaches scene timeline rules. It preserves the corpus-derived source → AST → typed/policy-verified semantic record → R12 → MCRT trace and uses deterministic IDs, hashes, provenance, and no-network safety. The example is intentionally invalid and must be rejected at semantic validation."
DMLL-SEMANTIC_VALIDATION-05588,EX-DMLL-05588,proof_carrying_transform,large_integrated_examples,semantic_validation,fail_as_expected,"This expert Logic Functional Language (DeepML) example teaches proof carrying transform. It preserves the corpus-derived source → AST → typed/policy-verified semantic record → R12 → MCRT trace and uses deterministic IDs, hashes, provenance, and no-network safety. The example is intentionally invalid and must be rejected at semantic validation."
DMLL-SEMANTIC_VALIDATION-05599,EX-DMLL-05599,symbolic_neural_workflow,large_integrated_examples,semantic_validation,fail_as_expected,"This expert Logic Functional Language (DeepML) example teaches symbolic neural workflow. It preserves the corpus-derived source → AST → typed/policy-verified semantic record → R12 → MCRT trace and uses deterministic IDs, hashes, provenance, and no-network safety. The example is intentionally invalid and must be rejected at semantic validation."
DMLL-SEMANTIC_VALIDATION-05607,EX-DMLL-05607,planning_system,large_integrated_examples,semantic_validation,fail_as_expected,"This expert Logic Functional Language (DeepML) example teaches planning system. It preserves the corpus-derived source → AST → typed/policy-verified semantic record → R12 → MCRT trace and uses deterministic IDs, hashes, provenance, and no-network safety. The example is intentionally invalid and must be rejected at semantic validation."
DMLL-SEMANTIC_VALIDATION-05626,EX-DMLL-05626,knowledge_base,large_integrated_examples,semantic_validation,fail_as_expected,"This expert Logic Functional Language (DeepML) example teaches knowledge base. It preserves the corpus-derived source → AST → typed/policy-verified semantic record → R12 → MCRT trace and uses deterministic IDs, hashes, provenance, and no-network safety. The example is intentionally invalid and must be rejected at semantic validation."
DMLL-SEMANTIC_VALIDATION-05634,EX-DMLL-05634,scene_timeline_rules,large_integrated_examples,semantic_validation,fail_as_expected,"This expert Logic Functional Language (DeepML) example teaches scene timeline rules. It preserves the corpus-derived source → AST → typed/policy-verified semantic record → R12 → MCRT trace and uses deterministic IDs, hashes, provenance, and no-network safety. The example is intentionally invalid and must be rejected at semantic validation."
DMLL-SEMANTIC_VALIDATION-05645,EX-DMLL-05645,certification_logic,large_integrated_examples,semantic_validation,fail_as_expected,"This expert Logic Functional Language (DeepML) example teaches certification logic. It preserves the corpus-derived source → AST → typed/policy-verified semantic record → R12 → MCRT trace and uses deterministic IDs, hashes, provenance, and no-network safety. The example is intentionally invalid and must be rejected at semantic validation."
DMLL-SEMANTIC_VALIDATION-05653,EX-DMLL-05653,symbolic_neural_workflow,large_integrated_examples,semantic_validation,fail_as_expected,"This expert Logic Functional Language (DeepML) example teaches symbolic neural workflow. It preserves the corpus-derived source → AST → typed/policy-verified semantic record → R12 → MCRT trace and uses deterministic IDs, hashes, provenance, and no-network safety. The example is intentionally invalid and must be rejected at semantic validation."
DMLL-SEMANTIC_VALIDATION-05661,EX-DMLL-05661,planning_system,large_integrated_examples,semantic_validation,fail_as_expected,"This expert Logic Functional Language (DeepML) example teaches planning system. It preserves the corpus-derived source → AST → typed/policy-verified semantic record → R12 → MCRT trace and uses deterministic IDs, hashes, provenance, and no-network safety. The example is intentionally invalid and must be rejected at semantic validation."
DMLL-SEMANTIC_VALIDATION-05672,EX-DMLL-05672,proof_carrying_transform,large_integrated_examples,semantic_validation,fail_as_expected,"This expert Logic Functional Language (DeepML) example teaches proof carrying transform. It preserves the corpus-derived source → AST → typed/policy-verified semantic record → R12 → MCRT trace and uses deterministic IDs, hashes, provenance, and no-network safety. The example is intentionally invalid and must be rejected at semantic validation."
DMLL-SEMANTIC_VALIDATION-05680,EX-DMLL-05680,knowledge_base,large_integrated_examples,semantic_validation,fail_as_expected,"This expert Logic Functional Language (DeepML) example teaches knowledge base. It preserves the corpus-derived source → AST → typed/policy-verified semantic record → R12 → MCRT trace and uses deterministic IDs, hashes, provenance, and no-network safety. The example is intentionally invalid and must be rejected at semantic validation."
DMLL-SEMANTIC_VALIDATION-05688,EX-DMLL-05688,scene_timeline_rules,large_integrated_examples,semantic_validation,fail_as_expected,"This expert Logic Functional Language (DeepML) example teaches scene timeline rules. It preserves the corpus-derived source → AST → typed/policy-verified semantic record → R12 → MCRT trace and uses deterministic IDs, hashes, provenance, and no-network safety. The example is intentionally invalid and must be rejected at semantic validation."
DMLL-SEMANTIC_VALIDATION-05699,EX-DMLL-05699,certification_logic,large_integrated_examples,semantic_validation,fail_as_expected,"This expert Logic Functional Language (DeepML) example teaches certification logic. It preserves the corpus-derived source → AST → typed/policy-verified semantic record → R12 → MCRT trace and uses deterministic IDs, hashes, provenance, and no-network safety. The example is intentionally invalid and must be rejected at semantic validation."
DMLL-SEMANTIC_VALIDATION-05707,EX-DMLL-05707,symbolic_neural_workflow,large_integrated_examples,semantic_validation,fail_as_expected,"This expert Logic Functional Language (DeepML) example teaches symbolic neural workflow. It preserves the corpus-derived source → AST → typed/policy-verified semantic record → R12 → MCRT trace and uses deterministic IDs, hashes, provenance, and no-network safety. The example is intentionally invalid and must be rejected at semantic validation."
DMLL-SEMANTIC_VALIDATION-05726,EX-DMLL-05726,proof_carrying_transform,large_integrated_examples,semantic_validation,fail_as_expected,"This expert Logic Functional Language (DeepML) example teaches proof carrying transform. It preserves the corpus-derived source → AST → typed/policy-verified semantic record → R12 → MCRT trace and uses deterministic IDs, hashes, provenance, and no-network safety. The example is intentionally invalid and must be rejected at semantic validation."
DMLL-SEMANTIC_VALIDATION-05734,EX-DMLL-05734,knowledge_base,large_integrated_examples,semantic_validation,fail_as_expected,"This expert Logic Functional Language (DeepML) example teaches knowledge base. It preserves the corpus-derived source → AST → typed/policy-verified semantic record → R12 → MCRT trace and uses deterministic IDs, hashes, provenance, and no-network safety. The example is intentionally invalid and must be rejected at semantic validation."
DMLL-SEMANTIC_VALIDATION-05745,EX-DMLL-05745,planning_system,large_integrated_examples,semantic_validation,fail_as_expected,"This expert Logic Functional Language (DeepML) example teaches planning system. It preserves the corpus-derived source → AST → typed/policy-verified semantic record → R12 → MCRT trace and uses deterministic IDs, hashes, provenance, and no-network safety. The example is intentionally invalid and must be rejected at semantic validation."
DMLL-SEMANTIC_VALIDATION-05753,EX-DMLL-05753,certification_logic,large_integrated_examples,semantic_validation,fail_as_expected,"This expert Logic Functional Language (DeepML) example teaches certification logic. It preserves the corpus-derived source → AST → typed/policy-verified semantic record → R12 → MCRT trace and uses deterministic IDs, hashes, provenance, and no-network safety. The example is intentionally invalid and must be rejected at semantic validation."
DMLL-SEMANTIC_VALIDATION-05761,EX-DMLL-05761,symbolic_neural_workflow,large_integrated_examples,semantic_validation,fail_as_expected,"This expert Logic Functional Language (DeepML) example teaches symbolic neural workflow. It preserves the corpus-derived source → AST → typed/policy-verified semantic record → R12 → MCRT trace and uses deterministic IDs, hashes, provenance, and no-network safety. The example is intentionally invalid and must be rejected at semantic validation."
DMLL-SEMANTIC_VALIDATION-05772,EX-DMLL-05772,scene_timeline_rules,large_integrated_examples,semantic_validation,fail_as_expected,"This expert Logic Functional Language (DeepML) example teaches scene timeline rules. It preserves the corpus-derived source → AST → typed/policy-verified semantic record → R12 → MCRT trace and uses deterministic IDs, hashes, provenance, and no-network safety. The example is intentionally invalid and must be rejected at semantic validation."
DMLL-SEMANTIC_VALIDATION-05780,EX-DMLL-05780,proof_carrying_transform,large_integrated_examples,semantic_validation,fail_as_expected,"This expert Logic Functional Language (DeepML) example teaches proof carrying transform. It preserves the corpus-derived source → AST → typed/policy-verified semantic record → R12 → MCRT trace and uses deterministic IDs, hashes, provenance, and no-network safety. The example is intentionally invalid and must be rejected at semantic validation."
DMLL-SEMANTIC_VALIDATION-05788,EX-DMLL-05788,knowledge_base,large_integrated_examples,semantic_validation,fail_as_expected,"This expert Logic Functional Language (DeepML) example teaches knowledge base. It preserves the corpus-derived source → AST → typed/policy-verified semantic record → R12 → MCRT trace and uses deterministic IDs, hashes, provenance, and no-network safety. The example is intentionally invalid and must be rejected at semantic validation."
DMLL-SEMANTIC_VALIDATION-05799,EX-DMLL-05799,planning_system,large_integrated_examples,semantic_validation,fail_as_expected,"This expert Logic Functional Language (DeepML) example teaches planning system. It preserves the corpus-derived source → AST → typed/policy-verified semantic record → R12 → MCRT trace and uses deterministic IDs, hashes, provenance, and no-network safety. The example is intentionally invalid and must be rejected at semantic validation."
DMLL-SEMANTIC_VALIDATION-05807,EX-DMLL-05807,certification_logic,large_integrated_examples,semantic_validation,fail_as_expected,"This expert Logic Functional Language (DeepML) example teaches certification logic. It preserves the corpus-derived source → AST → typed/policy-verified semantic record → R12 → MCRT trace and uses deterministic IDs, hashes, provenance, and no-network safety. The example is intentionally invalid and must be rejected at semantic validation."
DMLL-SEMANTIC_VALIDATION-05826,EX-DMLL-05826,scene_timeline_rules,large_integrated_examples,semantic_validation,fail_as_expected,"This expert Logic Functional Language (DeepML) example teaches scene timeline rules. It preserves the corpus-derived source → AST → typed/policy-verified semantic record → R12 → MCRT trace and uses deterministic IDs, hashes, provenance, and no-network safety. The example is intentionally invalid and must be rejected at semantic validation."
DMLL-SEMANTIC_VALIDATION-05834,EX-DMLL-05834,proof_carrying_transform,large_integrated_examples,semantic_validation,fail_as_expected,"This expert Logic Functional Language (DeepML) example teaches proof carrying transform. It preserves the corpus-derived source → AST → typed/policy-verified semantic record → R12 → MCRT trace and uses deterministic IDs, hashes, provenance, and no-network safety. The example is intentionally invalid and must be rejected at semantic validation."
DMLL-SEMANTIC_VALIDATION-05845,EX-DMLL-05845,symbolic_neural_workflow,large_integrated_examples,semantic_validation,fail_as_expected,"This expert Logic Functional Language (DeepML) example teaches symbolic neural workflow. It preserves the corpus-derived source → AST → typed/policy-verified semantic record → R12 → MCRT trace and uses deterministic IDs, hashes, provenance, and no-network safety. The example is intentionally invalid and must be rejected at semantic validation."
DMLL-SEMANTIC_VALIDATION-05853,EX-DMLL-05853,planning_system,large_integrated_examples,semantic_validation,fail_as_expected,"This expert Logic Functional Language (DeepML) example teaches planning system. It preserves the corpus-derived source → AST → typed/policy-verified semantic record → R12 → MCRT trace and uses deterministic IDs, hashes, provenance, and no-network safety. The example is intentionally invalid and must be rejected at semantic validation."
DMLL-SEMANTIC_VALIDATION-05861,EX-DMLL-05861,certification_logic,large_integrated_examples,semantic_validation,fail_as_expected,"This expert Logic Functional Language (DeepML) example teaches certification logic. It preserves the corpus-derived source → AST → typed/policy-verified semantic record → R12 → MCRT trace and uses deterministic IDs, hashes, provenance, and no-network safety. The example is intentionally invalid and must be rejected at semantic validation."
DMLL-SEMANTIC_VALIDATION-05872,EX-DMLL-05872,knowledge_base,large_integrated_examples,semantic_validation,fail_as_expected,"This expert Logic Functional Language (DeepML) example teaches knowledge base. It preserves the corpus-derived source → AST → typed/policy-verified semantic record → R12 → MCRT trace and uses deterministic IDs, hashes, provenance, and no-network safety. The example is intentionally invalid and must be rejected at semantic validation."
DMLL-SEMANTIC_VALIDATION-05880,EX-DMLL-05880,scene_timeline_rules,large_integrated_examples,semantic_validation,fail_as_expected,"This expert Logic Functional Language (DeepML) example teaches scene timeline rules. It preserves the corpus-derived source → AST → typed/policy-verified semantic record → R12 → MCRT trace and uses deterministic IDs, hashes, provenance, and no-network safety. The example is intentionally invalid and must be rejected at semantic validation."
DMLL-SEMANTIC_VALIDATION-05888,EX-DMLL-05888,proof_carrying_transform,large_integrated_examples,semantic_validation,fail_as_expected,"This expert Logic Functional Language (DeepML) example teaches proof carrying transform. It preserves the corpus-derived source → AST → typed/policy-verified semantic record → R12 → MCRT trace and uses deterministic IDs, hashes, provenance, and no-network safety. The example is intentionally invalid and must be rejected at semantic validation."
DMLL-SEMANTIC_VALIDATION-05899,EX-DMLL-05899,symbolic_neural_workflow,large_integrated_examples,semantic_validation,fail_as_expected,"This expert Logic Functional Language (DeepML) example teaches symbolic neural workflow. It preserves the corpus-derived source → AST → typed/policy-verified semantic record → R12 → MCRT trace and uses deterministic IDs, hashes, provenance, and no-network safety. The example is intentionally invalid and must be rejected at semantic validation."
DMLL-SEMANTIC_VALIDATION-05907,EX-DMLL-05907,planning_system,large_integrated_examples,semantic_validation,fail_as_expected,"This expert Logic Functional Language (DeepML) example teaches planning system. It preserves the corpus-derived source → AST → typed/policy-verified semantic record → R12 → MCRT trace and uses deterministic IDs, hashes, provenance, and no-network safety. The example is intentionally invalid and must be rejected at semantic validation."
DMLL-SEMANTIC_VALIDATION-05926,EX-DMLL-05926,knowledge_base,large_integrated_examples,semantic_validation,fail_as_expected,"This expert Logic Functional Language (DeepML) example teaches knowledge base. It preserves the corpus-derived source → AST → typed/policy-verified semantic record → R12 → MCRT trace and uses deterministic IDs, hashes, provenance, and no-network safety. The example is intentionally invalid and must be rejected at semantic validation."
DMLL-SEMANTIC_VALIDATION-05934,EX-DMLL-05934,scene_timeline_rules,large_integrated_examples,semantic_validation,fail_as_expected,"This expert Logic Functional Language (DeepML) example teaches scene timeline rules. It preserves the corpus-derived source → AST → typed/policy-verified semantic record → R12 → MCRT trace and uses deterministic IDs, hashes, provenance, and no-network safety. The example is intentionally invalid and must be rejected at semantic validation."
DMLL-SEMANTIC_VALIDATION-05945,EX-DMLL-05945,certification_logic,large_integrated_examples,semantic_validation,fail_as_expected,"This expert Logic Functional Language (DeepML) example teaches certification logic. It preserves the corpus-derived source → AST → typed/policy-verified semantic record → R12 → MCRT trace and uses deterministic IDs, hashes, provenance, and no-network safety. The example is intentionally invalid and must be rejected at semantic validation."
DMLL-SEMANTIC_VALIDATION-05953,EX-DMLL-05953,symbolic_neural_workflow,large_integrated_examples,semantic_validation,fail_as_expected,"This expert Logic Functional Language (DeepML) example teaches symbolic neural workflow. It preserves the corpus-derived source → AST → typed/policy-verified semantic record → R12 → MCRT trace and uses deterministic IDs, hashes, provenance, and no-network safety. The example is intentionally invalid and must be rejected at semantic validation."
DMLL-SEMANTIC_VALIDATION-05961,EX-DMLL-05961,planning_system,large_integrated_examples,semantic_validation,fail_as_expected,"This expert Logic Functional Language (DeepML) example teaches planning system. It preserves the corpus-derived source → AST → typed/policy-verified semantic record → R12 → MCRT trace and uses deterministic IDs, hashes, provenance, and no-network safety. The example is intentionally invalid and must be rejected at semantic validation."
DMLL-SEMANTIC_VALIDATION-05972,EX-DMLL-05972,proof_carrying_transform,large_integrated_examples,semantic_validation,fail_as_expected,"This expert Logic Functional Language (DeepML) example teaches proof carrying transform. It preserves the corpus-derived source → AST → typed/policy-verified semantic record → R12 → MCRT trace and uses deterministic IDs, hashes, provenance, and no-network safety. The example is intentionally invalid and must be rejected at semantic validation."
DMLL-SEMANTIC_VALIDATION-05980,EX-DMLL-05980,knowledge_base,large_integrated_examples,semantic_validation,fail_as_expected,"This expert Logic Functional Language (DeepML) example teaches knowledge base. It preserves the corpus-derived source → AST → typed/policy-verified semantic record → R12 → MCRT trace and uses deterministic IDs, hashes, provenance, and no-network safety. The example is intentionally invalid and must be rejected at semantic validation."
DMLL-SEMANTIC_VALIDATION-05988,EX-DMLL-05988,scene_timeline_rules,large_integrated_examples,semantic_validation,fail_as_expected,"This expert Logic Functional Language (DeepML) example teaches scene timeline rules. It preserves the corpus-derived source → AST → typed/policy-verified semantic record → R12 → MCRT trace and uses deterministic IDs, hashes, provenance, and no-network safety. The example is intentionally invalid and must be rejected at semantic validation."
DMLL-SEMANTIC_VALIDATION-05999,EX-DMLL-05999,certification_logic,large_integrated_examples,semantic_validation,fail_as_expected,"This expert Logic Functional Language (DeepML) example teaches certification logic. It preserves the corpus-derived source → AST → typed/policy-verified semantic record → R12 → MCRT trace and uses deterministic IDs, hashes, provenance, and no-network safety. The example is intentionally invalid and must be rejected at semantic validation."
DMLL-SEMANTIC_VALIDATION-06007,EX-DMLL-06007,symbolic_neural_workflow,large_integrated_examples,semantic_validation,fail_as_expected,"This expert Logic Functional Language (DeepML) example teaches symbolic neural workflow. It preserves the corpus-derived source → AST → typed/policy-verified semantic record → R12 → MCRT trace and uses deterministic IDs, hashes, provenance, and no-network safety. The example is intentionally invalid and must be rejected at semantic validation."
DMLL-SEMANTIC_VALIDATION-06026,EX-DMLL-06026,proof_carrying_transform,large_integrated_examples,semantic_validation,fail_as_expected,"This expert Logic Functional Language (DeepML) example teaches proof carrying transform. It preserves the corpus-derived source → AST → typed/policy-verified semantic record → R12 → MCRT trace and uses deterministic IDs, hashes, provenance, and no-network safety. The example is intentionally invalid and must be rejected at semantic validation."
DMLL-SEMANTIC_VALIDATION-06034,EX-DMLL-06034,knowledge_base,large_integrated_examples,semantic_validation,fail_as_expected,"This expert Logic Functional Language (DeepML) example teaches knowledge base. It preserves the corpus-derived source → AST → typed/policy-verified semantic record → R12 → MCRT trace and uses deterministic IDs, hashes, provenance, and no-network safety. The example is intentionally invalid and must be rejected at semantic validation."
DMLL-SEMANTIC_VALIDATION-06045,EX-DMLL-06045,planning_system,large_integrated_examples,semantic_validation,fail_as_expected,"This expert Logic Functional Language (DeepML) example teaches planning system. It preserves the corpus-derived source → AST → typed/policy-verified semantic record → R12 → MCRT trace and uses deterministic IDs, hashes, provenance, and no-network safety. The example is intentionally invalid and must be rejected at semantic validation."
DMLL-SEMANTIC_VALIDATION-06053,EX-DMLL-06053,certification_logic,large_integrated_examples,semantic_validation,fail_as_expected,"This expert Logic Functional Language (DeepML) example teaches certification logic. It preserves the corpus-derived source → AST → typed/policy-verified semantic record → R12 → MCRT trace and uses deterministic IDs, hashes, provenance, and no-network safety. The example is intentionally invalid and must be rejected at semantic validation."
DMLL-SEMANTIC_VALIDATION-06061,EX-DMLL-06061,symbolic_neural_workflow,large_integrated_examples,semantic_validation,fail_as_expected,"This expert Logic Functional Language (DeepML) example teaches symbolic neural workflow. It preserves the corpus-derived source → AST → typed/policy-verified semantic record → R12 → MCRT trace and uses deterministic IDs, hashes, provenance, and no-network safety. The example is intentionally invalid and must be rejected at semantic validation."
DMLL-SEMANTIC_VALIDATION-06072,EX-DMLL-06072,scene_timeline_rules,large_integrated_examples,semantic_validation,fail_as_expected,"This expert Logic Functional Language (DeepML) example teaches scene timeline rules. It preserves the corpus-derived source → AST → typed/policy-verified semantic record → R12 → MCRT trace and uses deterministic IDs, hashes, provenance, and no-network safety. The example is intentionally invalid and must be rejected at semantic validation."
DMLL-SEMANTIC_VALIDATION-06080,EX-DMLL-06080,proof_carrying_transform,large_integrated_examples,semantic_validation,fail_as_expected,"This expert Logic Functional Language (DeepML) example teaches proof carrying transform. It preserves the corpus-derived source → AST → typed/policy-verified semantic record → R12 → MCRT trace and uses deterministic IDs, hashes, provenance, and no-network safety. The example is intentionally invalid and must be rejected at semantic validation."
DMLL-SEMANTIC_VALIDATION-06088,EX-DMLL-06088,knowledge_base,large_integrated_examples,semantic_validation,fail_as_expected,"This expert Logic Functional Language (DeepML) example teaches knowledge base. It preserves the corpus-derived source → AST → typed/policy-verified semantic record → R12 → MCRT trace and uses deterministic IDs, hashes, provenance, and no-network safety. The example is intentionally invalid and must be rejected at semantic validation."
DMLL-SEMANTIC_VALIDATION-06099,EX-DMLL-06099,planning_system,large_integrated_examples,semantic_validation,fail_as_expected,"This expert Logic Functional Language (DeepML) example teaches planning system. It preserves the corpus-derived source → AST → typed/policy-verified semantic record → R12 → MCRT trace and uses deterministic IDs, hashes, provenance, and no-network safety. The example is intentionally invalid and must be rejected at semantic validation."
DMLL-SEMANTIC_VALIDATION-06107,EX-DMLL-06107,certification_logic,large_integrated_examples,semantic_validation,fail_as_expected,"This expert Logic Functional Language (DeepML) example teaches certification logic. It preserves the corpus-derived source → AST → typed/policy-verified semantic record → R12 → MCRT trace and uses deterministic IDs, hashes, provenance, and no-network safety. The example is intentionally invalid and must be rejected at semantic validation."
DMLL-SEMANTIC_VALIDATION-06126,EX-DMLL-06126,scene_timeline_rules,large_integrated_examples,semantic_validation,fail_as_expected,"This expert Logic Functional Language (DeepML) example teaches scene timeline rules. It preserves the corpus-derived source → AST → typed/policy-verified semantic record → R12 → MCRT trace and uses deterministic IDs, hashes, provenance, and no-network safety. The example is intentionally invalid and must be rejected at semantic validation."
DMLL-SEMANTIC_VALIDATION-06134,EX-DMLL-06134,proof_carrying_transform,large_integrated_examples,semantic_validation,fail_as_expected,"This expert Logic Functional Language (DeepML) example teaches proof carrying transform. It preserves the corpus-derived source → AST → typed/policy-verified semantic record → R12 → MCRT trace and uses deterministic IDs, hashes, provenance, and no-network safety. The example is intentionally invalid and must be rejected at semantic validation."
DMLL-SEMANTIC_VALIDATION-06145,EX-DMLL-06145,symbolic_neural_workflow,large_integrated_examples,semantic_validation,fail_as_expected,"This expert Logic Functional Language (DeepML) example teaches symbolic neural workflow. It preserves the corpus-derived source → AST → typed/policy-verified semantic record → R12 → MCRT trace and uses deterministic IDs, hashes, provenance, and no-network safety. The example is intentionally invalid and must be rejected at semantic validation."
DMLL-SEMANTIC_VALIDATION-06153,EX-DMLL-06153,planning_system,large_integrated_examples,semantic_validation,fail_as_expected,"This expert Logic Functional Language (DeepML) example teaches planning system. It preserves the corpus-derived source → AST → typed/policy-verified semantic record → R12 → MCRT trace and uses deterministic IDs, hashes, provenance, and no-network safety. The example is intentionally invalid and must be rejected at semantic validation."
DMLL-SEMANTIC_VALIDATION-06161,EX-DMLL-06161,certification_logic,large_integrated_examples,semantic_validation,fail_as_expected,"This expert Logic Functional Language (DeepML) example teaches certification logic. It preserves the corpus-derived source → AST → typed/policy-verified semantic record → R12 → MCRT trace and uses deterministic IDs, hashes, provenance, and no-network safety. The example is intentionally invalid and must be rejected at semantic validation."
DMLL-SEMANTIC_VALIDATION-06172,EX-DMLL-06172,knowledge_base,large_integrated_examples,semantic_validation,fail_as_expected,"This expert Logic Functional Language (DeepML) example teaches knowledge base. It preserves the corpus-derived source → AST → typed/policy-verified semantic record → R12 → MCRT trace and uses deterministic IDs, hashes, provenance, and no-network safety. The example is intentionally invalid and must be rejected at semantic validation."
DMLL-SEMANTIC_VALIDATION-06180,EX-DMLL-06180,scene_timeline_rules,large_integrated_examples,semantic_validation,fail_as_expected,"This expert Logic Functional Language (DeepML) example teaches scene timeline rules. It preserves the corpus-derived source → AST → typed/policy-verified semantic record → R12 → MCRT trace and uses deterministic IDs, hashes, provenance, and no-network safety. The example is intentionally invalid and must be rejected at semantic validation."
DMLL-SEMANTIC_VALIDATION-06188,EX-DMLL-06188,proof_carrying_transform,large_integrated_examples,semantic_validation,fail_as_expected,"This expert Logic Functional Language (DeepML) example teaches proof carrying transform. It preserves the corpus-derived source → AST → typed/policy-verified semantic record → R12 → MCRT trace and uses deterministic IDs, hashes, provenance, and no-network safety. The example is intentionally invalid and must be rejected at semantic validation."
DMLL-SEMANTIC_VALIDATION-06199,EX-DMLL-06199,symbolic_neural_workflow,large_integrated_examples,semantic_validation,fail_as_expected,"This expert Logic Functional Language (DeepML) example teaches symbolic neural workflow. It preserves the corpus-derived source → AST → typed/policy-verified semantic record → R12 → MCRT trace and uses deterministic IDs, hashes, provenance, and no-network safety. The example is intentionally invalid and must be rejected at semantic validation."
DMLL-SEMANTIC_VALIDATION-06207,EX-DMLL-06207,planning_system,large_integrated_examples,semantic_validation,fail_as_expected,"This expert Logic Functional Language (DeepML) example teaches planning system. It preserves the corpus-derived source → AST → typed/policy-verified semantic record → R12 → MCRT trace and uses deterministic IDs, hashes, provenance, and no-network safety. The example is intentionally invalid and must be rejected at semantic validation."
DMLL-SEMANTIC_VALIDATION-06226,EX-DMLL-06226,knowledge_base,large_integrated_examples,semantic_validation,fail_as_expected,"This expert Logic Functional Language (DeepML) example teaches knowledge base. It preserves the corpus-derived source → AST → typed/policy-verified semantic record → R12 → MCRT trace and uses deterministic IDs, hashes, provenance, and no-network safety. The example is intentionally invalid and must be rejected at semantic validation."
DMLL-SEMANTIC_VALIDATION-06234,EX-DMLL-06234,scene_timeline_rules,large_integrated_examples,semantic_validation,fail_as_expected,"This expert Logic Functional Language (DeepML) example teaches scene timeline rules. It preserves the corpus-derived source → AST → typed/policy-verified semantic record → R12 → MCRT trace and uses deterministic IDs, hashes, provenance, and no-network safety. The example is intentionally invalid and must be rejected at semantic validation."
DMLL-SEMANTIC_VALIDATION-06245,EX-DMLL-06245,certification_logic,large_integrated_examples,semantic_validation,fail_as_expected,"This expert Logic Functional Language (DeepML) example teaches certification logic. It preserves the corpus-derived source → AST → typed/policy-verified semantic record → R12 → MCRT trace and uses deterministic IDs, hashes, provenance, and no-network safety. The example is intentionally invalid and must be rejected at semantic validation."
DMLL-SEMANTIC_VALIDATION-06253,EX-DMLL-06253,symbolic_neural_workflow,large_integrated_examples,semantic_validation,fail_as_expected,"This expert Logic Functional Language (DeepML) example teaches symbolic neural workflow. It preserves the corpus-derived source → AST → typed/policy-verified semantic record → R12 → MCRT trace and uses deterministic IDs, hashes, provenance, and no-network safety. The example is intentionally invalid and must be rejected at semantic validation."
DMLL-SEMANTIC_VALIDATION-06261,EX-DMLL-06261,planning_system,large_integrated_examples,semantic_validation,fail_as_expected,"This expert Logic Functional Language (DeepML) example teaches planning system. It preserves the corpus-derived source → AST → typed/policy-verified semantic record → R12 → MCRT trace and uses deterministic IDs, hashes, provenance, and no-network safety. The example is intentionally invalid and must be rejected at semantic validation."
DMLL-SEMANTIC_VALIDATION-06272,EX-DMLL-06272,proof_carrying_transform,large_integrated_examples,semantic_validation,fail_as_expected,"This expert Logic Functional Language (DeepML) example teaches proof carrying transform. It preserves the corpus-derived source → AST → typed/policy-verified semantic record → R12 → MCRT trace and uses deterministic IDs, hashes, provenance, and no-network safety. The example is intentionally invalid and must be rejected at semantic validation."
DMLL-SEMANTIC_VALIDATION-06280,EX-DMLL-06280,knowledge_base,large_integrated_examples,semantic_validation,fail_as_expected,"This expert Logic Functional Language (DeepML) example teaches knowledge base. It preserves the corpus-derived source → AST → typed/policy-verified semantic record → R12 → MCRT trace and uses deterministic IDs, hashes, provenance, and no-network safety. The example is intentionally invalid and must be rejected at semantic validation."
DMLL-SEMANTIC_VALIDATION-06288,EX-DMLL-06288,scene_timeline_rules,large_integrated_examples,semantic_validation,fail_as_expected,"This expert Logic Functional Language (DeepML) example teaches scene timeline rules. It preserves the corpus-derived source → AST → typed/policy-verified semantic record → R12 → MCRT trace and uses deterministic IDs, hashes, provenance, and no-network safety. The example is intentionally invalid and must be rejected at semantic validation."
DMLL-SEMANTIC_VALIDATION-06299,EX-DMLL-06299,certification_logic,large_integrated_examples,semantic_validation,fail_as_expected,"This expert Logic Functional Language (DeepML) example teaches certification logic. It preserves the corpus-derived source → AST → typed/policy-verified semantic record → R12 → MCRT trace and uses deterministic IDs, hashes, provenance, and no-network safety. The example is intentionally invalid and must be rejected at semantic validation."
DMLL-SEMANTIC_VALIDATION-06307,EX-DMLL-06307,symbolic_neural_workflow,large_integrated_examples,semantic_validation,fail_as_expected,"This expert Logic Functional Language (DeepML) example teaches symbolic neural workflow. It preserves the corpus-derived source → AST → typed/policy-verified semantic record → R12 → MCRT trace and uses deterministic IDs, hashes, provenance, and no-network safety. The example is intentionally invalid and must be rejected at semantic validation."
DMLL-SEMANTIC_VALIDATION-06326,EX-DMLL-06326,proof_carrying_transform,large_integrated_examples,semantic_validation,fail_as_expected,"This expert Logic Functional Language (DeepML) example teaches proof carrying transform. It preserves the corpus-derived source → AST → typed/policy-verified semantic record → R12 → MCRT trace and uses deterministic IDs, hashes, provenance, and no-network safety. The example is intentionally invalid and must be rejected at semantic validation."
DMLL-SEMANTIC_VALIDATION-06334,EX-DMLL-06334,knowledge_base,large_integrated_examples,semantic_validation,fail_as_expected,"This expert Logic Functional Language (DeepML) example teaches knowledge base. It preserves the corpus-derived source → AST → typed/policy-verified semantic record → R12 → MCRT trace and uses deterministic IDs, hashes, provenance, and no-network safety. The example is intentionally invalid and must be rejected at semantic validation."
DMLL-SEMANTIC_VALIDATION-06345,EX-DMLL-06345,planning_system,large_integrated_examples,semantic_validation,fail_as_expected,"This expert Logic Functional Language (DeepML) example teaches planning system. It preserves the corpus-derived source → AST → typed/policy-verified semantic record → R12 → MCRT trace and uses deterministic IDs, hashes, provenance, and no-network safety. The example is intentionally invalid and must be rejected at semantic validation."
DMLL-SEMANTIC_VALIDATION-06353,EX-DMLL-06353,certification_logic,large_integrated_examples,semantic_validation,fail_as_expected,"This expert Logic Functional Language (DeepML) example teaches certification logic. It preserves the corpus-derived source → AST → typed/policy-verified semantic record → R12 → MCRT trace and uses deterministic IDs, hashes, provenance, and no-network safety. The example is intentionally invalid and must be rejected at semantic validation."
DMLL-SEMANTIC_VALIDATION-06361,EX-DMLL-06361,symbolic_neural_workflow,large_integrated_examples,semantic_validation,fail_as_expected,"This expert Logic Functional Language (DeepML) example teaches symbolic neural workflow. It preserves the corpus-derived source → AST → typed/policy-verified semantic record → R12 → MCRT trace and uses deterministic IDs, hashes, provenance, and no-network safety. The example is intentionally invalid and must be rejected at semantic validation."
DMLL-SEMANTIC_VALIDATION-06372,EX-DMLL-06372,scene_timeline_rules,large_integrated_examples,semantic_validation,fail_as_expected,"This expert Logic Functional Language (DeepML) example teaches scene timeline rules. It preserves the corpus-derived source → AST → typed/policy-verified semantic record → R12 → MCRT trace and uses deterministic IDs, hashes, provenance, and no-network safety. The example is intentionally invalid and must be rejected at semantic validation."
DMLL-SEMANTIC_VALIDATION-06380,EX-DMLL-06380,proof_carrying_transform,large_integrated_examples,semantic_validation,fail_as_expected,"This expert Logic Functional Language (DeepML) example teaches proof carrying transform. It preserves the corpus-derived source → AST → typed/policy-verified semantic record → R12 → MCRT trace and uses deterministic IDs, hashes, provenance, and no-network safety. The example is intentionally invalid and must be rejected at semantic validation."
DMLL-SEMANTIC_VALIDATION-06388,EX-DMLL-06388,knowledge_base,large_integrated_examples,semantic_validation,fail_as_expected,"This expert Logic Functional Language (DeepML) example teaches knowledge base. It preserves the corpus-derived source → AST → typed/policy-verified semantic record → R12 → MCRT trace and uses deterministic IDs, hashes, provenance, and no-network safety. The example is intentionally invalid and must be rejected at semantic validation."
DMLL-SEMANTIC_VALIDATION-06399,EX-DMLL-06399,planning_system,large_integrated_examples,semantic_validation,fail_as_expected,"This expert Logic Functional Language (DeepML) example teaches planning system. It preserves the corpus-derived source → AST → typed/policy-verified semantic record → R12 → MCRT trace and uses deterministic IDs, hashes, provenance, and no-network safety. The example is intentionally invalid and must be rejected at semantic validation."
DMLL-SEMANTIC_VALIDATION-06407,EX-DMLL-06407,certification_logic,large_integrated_examples,semantic_validation,fail_as_expected,"This expert Logic Functional Language (DeepML) example teaches certification logic. It preserves the corpus-derived source → AST → typed/policy-verified semantic record → R12 → MCRT trace and uses deterministic IDs, hashes, provenance, and no-network safety. The example is intentionally invalid and must be rejected at semantic validation."
DMLL-SEMANTIC_VALIDATION-06426,EX-DMLL-06426,scene_timeline_rules,large_integrated_examples,semantic_validation,fail_as_expected,"This expert Logic Functional Language (DeepML) example teaches scene timeline rules. It preserves the corpus-derived source → AST → typed/policy-verified semantic record → R12 → MCRT trace and uses deterministic IDs, hashes, provenance, and no-network safety. The example is intentionally invalid and must be rejected at semantic validation."
DMLL-SEMANTIC_VALIDATION-06434,EX-DMLL-06434,proof_carrying_transform,large_integrated_examples,semantic_validation,fail_as_expected,"This expert Logic Functional Language (DeepML) example teaches proof carrying transform. It preserves the corpus-derived source → AST → typed/policy-verified semantic record → R12 → MCRT trace and uses deterministic IDs, hashes, provenance, and no-network safety. The example is intentionally invalid and must be rejected at semantic validation."
DMLL-SEMANTIC_VALIDATION-06445,EX-DMLL-06445,symbolic_neural_workflow,large_integrated_examples,semantic_validation,fail_as_expected,"This expert Logic Functional Language (DeepML) example teaches symbolic neural workflow. It preserves the corpus-derived source → AST → typed/policy-verified semantic record → R12 → MCRT trace and uses deterministic IDs, hashes, provenance, and no-network safety. The example is intentionally invalid and must be rejected at semantic validation."
DMLL-SEMANTIC_VALIDATION-06453,EX-DMLL-06453,planning_system,large_integrated_examples,semantic_validation,fail_as_expected,"This expert Logic Functional Language (DeepML) example teaches planning system. It preserves the corpus-derived source → AST → typed/policy-verified semantic record → R12 → MCRT trace and uses deterministic IDs, hashes, provenance, and no-network safety. The example is intentionally invalid and must be rejected at semantic validation."
DMLL-SEMANTIC_VALIDATION-06461,EX-DMLL-06461,certification_logic,large_integrated_examples,semantic_validation,fail_as_expected,"This expert Logic Functional Language (DeepML) example teaches certification logic. It preserves the corpus-derived source → AST → typed/policy-verified semantic record → R12 → MCRT trace and uses deterministic IDs, hashes, provenance, and no-network safety. The example is intentionally invalid and must be rejected at semantic validation."
DMLL-SEMANTIC_VALIDATION-06472,EX-DMLL-06472,knowledge_base,large_integrated_examples,semantic_validation,fail_as_expected,"This expert Logic Functional Language (DeepML) example teaches knowledge base. It preserves the corpus-derived source → AST → typed/policy-verified semantic record → R12 → MCRT trace and uses deterministic IDs, hashes, provenance, and no-network safety. The example is intentionally invalid and must be rejected at semantic validation."
DMLL-SEMANTIC_VALIDATION-06480,EX-DMLL-06480,scene_timeline_rules,large_integrated_examples,semantic_validation,fail_as_expected,"This expert Logic Functional Language (DeepML) example teaches scene timeline rules. It preserves the corpus-derived source → AST → typed/policy-verified semantic record → R12 → MCRT trace and uses deterministic IDs, hashes, provenance, and no-network safety. The example is intentionally invalid and must be rejected at semantic validation."
DMLL-SEMANTIC_VALIDATION-06488,EX-DMLL-06488,proof_carrying_transform,large_integrated_examples,semantic_validation,fail_as_expected,"This expert Logic Functional Language (DeepML) example teaches proof carrying transform. It preserves the corpus-derived source → AST → typed/policy-verified semantic record → R12 → MCRT trace and uses deterministic IDs, hashes, provenance, and no-network safety. The example is intentionally invalid and must be rejected at semantic validation."
DMLL-SEMANTIC_VALIDATION-06499,EX-DMLL-06499,symbolic_neural_workflow,large_integrated_examples,semantic_validation,fail_as_expected,"This expert Logic Functional Language (DeepML) example teaches symbolic neural workflow. It preserves the corpus-derived source → AST → typed/policy-verified semantic record → R12 → MCRT trace and uses deterministic IDs, hashes, provenance, and no-network safety. The example is intentionally invalid and must be rejected at semantic validation."
DMLL-SEMANTIC_VALIDATION-06507,EX-DMLL-06507,planning_system,large_integrated_examples,semantic_validation,fail_as_expected,"This expert Logic Functional Language (DeepML) example teaches planning system. It preserves the corpus-derived source → AST → typed/policy-verified semantic record → R12 → MCRT trace and uses deterministic IDs, hashes, provenance, and no-network safety. The example is intentionally invalid and must be rejected at semantic validation."
DMLL-SEMANTIC_VALIDATION-06526,EX-DMLL-06526,knowledge_base,large_integrated_examples,semantic_validation,fail_as_expected,"This expert Logic Functional Language (DeepML) example teaches knowledge base. It preserves the corpus-derived source → AST → typed/policy-verified semantic record → R12 → MCRT trace and uses deterministic IDs, hashes, provenance, and no-network safety. The example is intentionally invalid and must be rejected at semantic validation."
DMLL-SEMANTIC_VALIDATION-06534,EX-DMLL-06534,scene_timeline_rules,large_integrated_examples,semantic_validation,fail_as_expected,"This expert Logic Functional Language (DeepML) example teaches scene timeline rules. It preserves the corpus-derived source → AST → typed/policy-verified semantic record → R12 → MCRT trace and uses deterministic IDs, hashes, provenance, and no-network safety. The example is intentionally invalid and must be rejected at semantic validation."
DMLL-SEMANTIC_VALIDATION-06545,EX-DMLL-06545,certification_logic,large_integrated_examples,semantic_validation,fail_as_expected,"This expert Logic Functional Language (DeepML) example teaches certification logic. It preserves the corpus-derived source → AST → typed/policy-verified semantic record → R12 → MCRT trace and uses deterministic IDs, hashes, provenance, and no-network safety. The example is intentionally invalid and must be rejected at semantic validation."
DMLL-SEMANTIC_VALIDATION-06553,EX-DMLL-06553,symbolic_neural_workflow,large_integrated_examples,semantic_validation,fail_as_expected,"This expert Logic Functional Language (DeepML) example teaches symbolic neural workflow. It preserves the corpus-derived source → AST → typed/policy-verified semantic record → R12 → MCRT trace and uses deterministic IDs, hashes, provenance, and no-network safety. The example is intentionally invalid and must be rejected at semantic validation."
DMLL-SEMANTIC_VALIDATION-06561,EX-DMLL-06561,planning_system,large_integrated_examples,semantic_validation,fail_as_expected,"This expert Logic Functional Language (DeepML) example teaches planning system. It preserves the corpus-derived source → AST → typed/policy-verified semantic record → R12 → MCRT trace and uses deterministic IDs, hashes, provenance, and no-network safety. The example is intentionally invalid and must be rejected at semantic validation."
DMLL-SEMANTIC_VALIDATION-06572,EX-DMLL-06572,proof_carrying_transform,large_integrated_examples,semantic_validation,fail_as_expected,"This expert Logic Functional Language (DeepML) example teaches proof carrying transform. It preserves the corpus-derived source → AST → typed/policy-verified semantic record → R12 → MCRT trace and uses deterministic IDs, hashes, provenance, and no-network safety. The example is intentionally invalid and must be rejected at semantic validation."
DMLL-SEMANTIC_VALIDATION-06580,EX-DMLL-06580,knowledge_base,large_integrated_examples,semantic_validation,fail_as_expected,"This expert Logic Functional Language (DeepML) example teaches knowledge base. It preserves the corpus-derived source → AST → typed/policy-verified semantic record → R12 → MCRT trace and uses deterministic IDs, hashes, provenance, and no-network safety. The example is intentionally invalid and must be rejected at semantic validation."
DMLL-SEMANTIC_VALIDATION-06588,EX-DMLL-06588,scene_timeline_rules,large_integrated_examples,semantic_validation,fail_as_expected,"This expert Logic Functional Language (DeepML) example teaches scene timeline rules. It preserves the corpus-derived source → AST → typed/policy-verified semantic record → R12 → MCRT trace and uses deterministic IDs, hashes, provenance, and no-network safety. The example is intentionally invalid and must be rejected at semantic validation."
DMLL-SEMANTIC_VALIDATION-06599,EX-DMLL-06599,certification_logic,large_integrated_examples,semantic_validation,fail_as_expected,"This expert Logic Functional Language (DeepML) example teaches certification logic. It preserves the corpus-derived source → AST → typed/policy-verified semantic record → R12 → MCRT trace and uses deterministic IDs, hashes, provenance, and no-network safety. The example is intentionally invalid and must be rejected at semantic validation."
DMLL-SEMANTIC_VALIDATION-06607,EX-DMLL-06607,symbolic_neural_workflow,large_integrated_examples,semantic_validation,fail_as_expected,"This expert Logic Functional Language (DeepML) example teaches symbolic neural workflow. It preserves the corpus-derived source → AST → typed/policy-verified semantic record → R12 → MCRT trace and uses deterministic IDs, hashes, provenance, and no-network safety. The example is intentionally invalid and must be rejected at semantic validation."
DMLL-SEMANTIC_VALIDATION-06626,EX-DMLL-06626,proof_carrying_transform,large_integrated_examples,semantic_validation,fail_as_expected,"This expert Logic Functional Language (DeepML) example teaches proof carrying transform. It preserves the corpus-derived source → AST → typed/policy-verified semantic record → R12 → MCRT trace and uses deterministic IDs, hashes, provenance, and no-network safety. The example is intentionally invalid and must be rejected at semantic validation."
DMLL-SEMANTIC_VALIDATION-06634,EX-DMLL-06634,knowledge_base,large_integrated_examples,semantic_validation,fail_as_expected,"This expert Logic Functional Language (DeepML) example teaches knowledge base. It preserves the corpus-derived source → AST → typed/policy-verified semantic record → R12 → MCRT trace and uses deterministic IDs, hashes, provenance, and no-network safety. The example is intentionally invalid and must be rejected at semantic validation."
DMLL-SEMANTIC_VALIDATION-06645,EX-DMLL-06645,planning_system,large_integrated_examples,semantic_validation,fail_as_expected,"This expert Logic Functional Language (DeepML) example teaches planning system. It preserves the corpus-derived source → AST → typed/policy-verified semantic record → R12 → MCRT trace and uses deterministic IDs, hashes, provenance, and no-network safety. The example is intentionally invalid and must be rejected at semantic validation."
DMLL-SEMANTIC_VALIDATION-06653,EX-DMLL-06653,certification_logic,large_integrated_examples,semantic_validation,fail_as_expected,"This expert Logic Functional Language (DeepML) example teaches certification logic. It preserves the corpus-derived source → AST → typed/policy-verified semantic record → R12 → MCRT trace and uses deterministic IDs, hashes, provenance, and no-network safety. The example is intentionally invalid and must be rejected at semantic validation."
DMLL-SEMANTIC_VALIDATION-06661,EX-DMLL-06661,symbolic_neural_workflow,large_integrated_examples,semantic_validation,fail_as_expected,"This expert Logic Functional Language (DeepML) example teaches symbolic neural workflow. It preserves the corpus-derived source → AST → typed/policy-verified semantic record → R12 → MCRT trace and uses deterministic IDs, hashes, provenance, and no-network safety. The example is intentionally invalid and must be rejected at semantic validation."
DMLL-SEMANTIC_VALIDATION-06672,EX-DMLL-06672,scene_timeline_rules,large_integrated_examples,semantic_validation,fail_as_expected,"This expert Logic Functional Language (DeepML) example teaches scene timeline rules. It preserves the corpus-derived source → AST → typed/policy-verified semantic record → R12 → MCRT trace and uses deterministic IDs, hashes, provenance, and no-network safety. The example is intentionally invalid and must be rejected at semantic validation."
DMLL-SEMANTIC_VALIDATION-06680,EX-DMLL-06680,proof_carrying_transform,large_integrated_examples,semantic_validation,fail_as_expected,"This expert Logic Functional Language (DeepML) example teaches proof carrying transform. It preserves the corpus-derived source → AST → typed/policy-verified semantic record → R12 → MCRT trace and uses deterministic IDs, hashes, provenance, and no-network safety. The example is intentionally invalid and must be rejected at semantic validation."
DMLL-SEMANTIC_VALIDATION-06688,EX-DMLL-06688,knowledge_base,large_integrated_examples,semantic_validation,fail_as_expected,"This expert Logic Functional Language (DeepML) example teaches knowledge base. It preserves the corpus-derived source → AST → typed/policy-verified semantic record → R12 → MCRT trace and uses deterministic IDs, hashes, provenance, and no-network safety. The example is intentionally invalid and must be rejected at semantic validation."
DMLL-SEMANTIC_VALIDATION-06699,EX-DMLL-06699,planning_system,large_integrated_examples,semantic_validation,fail_as_expected,"This expert Logic Functional Language (DeepML) example teaches planning system. It preserves the corpus-derived source → AST → typed/policy-verified semantic record → R12 → MCRT trace and uses deterministic IDs, hashes, provenance, and no-network safety. The example is intentionally invalid and must be rejected at semantic validation."
DMLL-SEMANTIC_VALIDATION-06707,EX-DMLL-06707,certification_logic,large_integrated_examples,semantic_validation,fail_as_expected,"This expert Logic Functional Language (DeepML) example teaches certification logic. It preserves the corpus-derived source → AST → typed/policy-verified semantic record → R12 → MCRT trace and uses deterministic IDs, hashes, provenance, and no-network safety. The example is intentionally invalid and must be rejected at semantic validation."
DMLL-SEMANTIC_VALIDATION-06726,EX-DMLL-06726,scene_timeline_rules,large_integrated_examples,semantic_validation,fail_as_expected,"This expert Logic Functional Language (DeepML) example teaches scene timeline rules. It preserves the corpus-derived source → AST → typed/policy-verified semantic record → R12 → MCRT trace and uses deterministic IDs, hashes, provenance, and no-network safety. The example is intentionally invalid and must be rejected at semantic validation."
DMLL-SEMANTIC_VALIDATION-06734,EX-DMLL-06734,proof_carrying_transform,large_integrated_examples,semantic_validation,fail_as_expected,"This expert Logic Functional Language (DeepML) example teaches proof carrying transform. It preserves the corpus-derived source → AST → typed/policy-verified semantic record → R12 → MCRT trace and uses deterministic IDs, hashes, provenance, and no-network safety. The example is intentionally invalid and must be rejected at semantic validation."
DMLL-SEMANTIC_VALIDATION-06745,EX-DMLL-06745,symbolic_neural_workflow,large_integrated_examples,semantic_validation,fail_as_expected,"This expert Logic Functional Language (DeepML) example teaches symbolic neural workflow. It preserves the corpus-derived source → AST → typed/policy-verified semantic record → R12 → MCRT trace and uses deterministic IDs, hashes, provenance, and no-network safety. The example is intentionally invalid and must be rejected at semantic validation."
DMLL-SEMANTIC_VALIDATION-06753,EX-DMLL-06753,planning_system,large_integrated_examples,semantic_validation,fail_as_expected,"This expert Logic Functional Language (DeepML) example teaches planning system. It preserves the corpus-derived source → AST → typed/policy-verified semantic record → R12 → MCRT trace and uses deterministic IDs, hashes, provenance, and no-network safety. The example is intentionally invalid and must be rejected at semantic validation."
DMLL-SEMANTIC_VALIDATION-06761,EX-DMLL-06761,certification_logic,large_integrated_examples,semantic_validation,fail_as_expected,"This expert Logic Functional Language (DeepML) example teaches certification logic. It preserves the corpus-derived source → AST → typed/policy-verified semantic record → R12 → MCRT trace and uses deterministic IDs, hashes, provenance, and no-network safety. The example is intentionally invalid and must be rejected at semantic validation."
DMLL-SEMANTIC_VALIDATION-06772,EX-DMLL-06772,knowledge_base,large_integrated_examples,semantic_validation,fail_as_expected,"This expert Logic Functional Language (DeepML) example teaches knowledge base. It preserves the corpus-derived source → AST → typed/policy-verified semantic record → R12 → MCRT trace and uses deterministic IDs, hashes, provenance, and no-network safety. The example is intentionally invalid and must be rejected at semantic validation."
DMLL-SEMANTIC_VALIDATION-06780,EX-DMLL-06780,scene_timeline_rules,large_integrated_examples,semantic_validation,fail_as_expected,"This expert Logic Functional Language (DeepML) example teaches scene timeline rules. It preserves the corpus-derived source → AST → typed/policy-verified semantic record → R12 → MCRT trace and uses deterministic IDs, hashes, provenance, and no-network safety. The example is intentionally invalid and must be rejected at semantic validation."
DMLL-SEMANTIC_VALIDATION-06788,EX-DMLL-06788,proof_carrying_transform,large_integrated_examples,semantic_validation,fail_as_expected,"This expert Logic Functional Language (DeepML) example teaches proof carrying transform. It preserves the corpus-derived source → AST → typed/policy-verified semantic record → R12 → MCRT trace and uses deterministic IDs, hashes, provenance, and no-network safety. The example is intentionally invalid and must be rejected at semantic validation."
DMLL-SEMANTIC_VALIDATION-06799,EX-DMLL-06799,symbolic_neural_workflow,large_integrated_examples,semantic_validation,fail_as_expected,"This expert Logic Functional Language (DeepML) example teaches symbolic neural workflow. It preserves the corpus-derived source → AST → typed/policy-verified semantic record → R12 → MCRT trace and uses deterministic IDs, hashes, provenance, and no-network safety. The example is intentionally invalid and must be rejected at semantic validation."
DMLL-SEMANTIC_VALIDATION-06807,EX-DMLL-06807,planning_system,large_integrated_examples,semantic_validation,fail_as_expected,"This expert Logic Functional Language (DeepML) example teaches planning system. It preserves the corpus-derived source → AST → typed/policy-verified semantic record → R12 → MCRT trace and uses deterministic IDs, hashes, provenance, and no-network safety. The example is intentionally invalid and must be rejected at semantic validation."
DMLL-SEMANTIC_VALIDATION-06826,EX-DMLL-06826,knowledge_base,large_integrated_examples,semantic_validation,fail_as_expected,"This expert Logic Functional Language (DeepML) example teaches knowledge base. It preserves the corpus-derived source → AST → typed/policy-verified semantic record → R12 → MCRT trace and uses deterministic IDs, hashes, provenance, and no-network safety. The example is intentionally invalid and must be rejected at semantic validation."
DMLL-SEMANTIC_VALIDATION-06834,EX-DMLL-06834,scene_timeline_rules,large_integrated_examples,semantic_validation,fail_as_expected,"This expert Logic Functional Language (DeepML) example teaches scene timeline rules. It preserves the corpus-derived source → AST → typed/policy-verified semantic record → R12 → MCRT trace and uses deterministic IDs, hashes, provenance, and no-network safety. The example is intentionally invalid and must be rejected at semantic validation."
DMLL-SEMANTIC_VALIDATION-06845,EX-DMLL-06845,certification_logic,large_integrated_examples,semantic_validation,fail_as_expected,"This expert Logic Functional Language (DeepML) example teaches certification logic. It preserves the corpus-derived source → AST → typed/policy-verified semantic record → R12 → MCRT trace and uses deterministic IDs, hashes, provenance, and no-network safety. The example is intentionally invalid and must be rejected at semantic validation."
DMLL-SEMANTIC_VALIDATION-06853,EX-DMLL-06853,symbolic_neural_workflow,large_integrated_examples,semantic_validation,fail_as_expected,"This expert Logic Functional Language (DeepML) example teaches symbolic neural workflow. It preserves the corpus-derived source → AST → typed/policy-verified semantic record → R12 → MCRT trace and uses deterministic IDs, hashes, provenance, and no-network safety. The example is intentionally invalid and must be rejected at semantic validation."
DMLL-SEMANTIC_VALIDATION-06861,EX-DMLL-06861,planning_system,large_integrated_examples,semantic_validation,fail_as_expected,"This expert Logic Functional Language (DeepML) example teaches planning system. It preserves the corpus-derived source → AST → typed/policy-verified semantic record → R12 → MCRT trace and uses deterministic IDs, hashes, provenance, and no-network safety. The example is intentionally invalid and must be rejected at semantic validation."
DMLL-SEMANTIC_VALIDATION-06872,EX-DMLL-06872,proof_carrying_transform,large_integrated_examples,semantic_validation,fail_as_expected,"This expert Logic Functional Language (DeepML) example teaches proof carrying transform. It preserves the corpus-derived source → AST → typed/policy-verified semantic record → R12 → MCRT trace and uses deterministic IDs, hashes, provenance, and no-network safety. The example is intentionally invalid and must be rejected at semantic validation."
DMLL-SEMANTIC_VALIDATION-06880,EX-DMLL-06880,knowledge_base,large_integrated_examples,semantic_validation,fail_as_expected,"This expert Logic Functional Language (DeepML) example teaches knowledge base. It preserves the corpus-derived source → AST → typed/policy-verified semantic record → R12 → MCRT trace and uses deterministic IDs, hashes, provenance, and no-network safety. The example is intentionally invalid and must be rejected at semantic validation."
DMLL-SEMANTIC_VALIDATION-06888,EX-DMLL-06888,scene_timeline_rules,large_integrated_examples,semantic_validation,fail_as_expected,"This expert Logic Functional Language (DeepML) example teaches scene timeline rules. It preserves the corpus-derived source → AST → typed/policy-verified semantic record → R12 → MCRT trace and uses deterministic IDs, hashes, provenance, and no-network safety. The example is intentionally invalid and must be rejected at semantic validation."
DMLL-SEMANTIC_VALIDATION-06899,EX-DMLL-06899,certification_logic,large_integrated_examples,semantic_validation,fail_as_expected,"This expert Logic Functional Language (DeepML) example teaches certification logic. It preserves the corpus-derived source → AST → typed/policy-verified semantic record → R12 → MCRT trace and uses deterministic IDs, hashes, provenance, and no-network safety. The example is intentionally invalid and must be rejected at semantic validation."
DMLL-SEMANTIC_VALIDATION-06907,EX-DMLL-06907,symbolic_neural_workflow,large_integrated_examples,semantic_validation,fail_as_expected,"This expert Logic Functional Language (DeepML) example teaches symbolic neural workflow. It preserves the corpus-derived source → AST → typed/policy-verified semantic record → R12 → MCRT trace and uses deterministic IDs, hashes, provenance, and no-network safety. The example is intentionally invalid and must be rejected at semantic validation."
DMLL-SEMANTIC_VALIDATION-06926,EX-DMLL-06926,proof_carrying_transform,large_integrated_examples,semantic_validation,fail_as_expected,"This expert Logic Functional Language (DeepML) example teaches proof carrying transform. It preserves the corpus-derived source → AST → typed/policy-verified semantic record → R12 → MCRT trace and uses deterministic IDs, hashes, provenance, and no-network safety. The example is intentionally invalid and must be rejected at semantic validation."
DMLL-SEMANTIC_VALIDATION-06934,EX-DMLL-06934,knowledge_base,large_integrated_examples,semantic_validation,fail_as_expected,"This expert Logic Functional Language (DeepML) example teaches knowledge base. It preserves the corpus-derived source → AST → typed/policy-verified semantic record → R12 → MCRT trace and uses deterministic IDs, hashes, provenance, and no-network safety. The example is intentionally invalid and must be rejected at semantic validation."
DMLL-SEMANTIC_VALIDATION-06945,EX-DMLL-06945,planning_system,large_integrated_examples,semantic_validation,fail_as_expected,"This expert Logic Functional Language (DeepML) example teaches planning system. It preserves the corpus-derived source → AST → typed/policy-verified semantic record → R12 → MCRT trace and uses deterministic IDs, hashes, provenance, and no-network safety. The example is intentionally invalid and must be rejected at semantic validation."
DMLL-SEMANTIC_VALIDATION-06953,EX-DMLL-06953,certification_logic,large_integrated_examples,semantic_validation,fail_as_expected,"This expert Logic Functional Language (DeepML) example teaches certification logic. It preserves the corpus-derived source → AST → typed/policy-verified semantic record → R12 → MCRT trace and uses deterministic IDs, hashes, provenance, and no-network safety. The example is intentionally invalid and must be rejected at semantic validation."
DMLL-SEMANTIC_VALIDATION-06961,EX-DMLL-06961,symbolic_neural_workflow,large_integrated_examples,semantic_validation,fail_as_expected,"This expert Logic Functional Language (DeepML) example teaches symbolic neural workflow. It preserves the corpus-derived source → AST → typed/policy-verified semantic record → R12 → MCRT trace and uses deterministic IDs, hashes, provenance, and no-network safety. The example is intentionally invalid and must be rejected at semantic validation."
DMLL-SEMANTIC_VALIDATION-06972,EX-DMLL-06972,scene_timeline_rules,large_integrated_examples,semantic_validation,fail_as_expected,"This expert Logic Functional Language (DeepML) example teaches scene timeline rules. It preserves the corpus-derived source → AST → typed/policy-verified semantic record → R12 → MCRT trace and uses deterministic IDs, hashes, provenance, and no-network safety. The example is intentionally invalid and must be rejected at semantic validation."
DMLL-SEMANTIC_VALIDATION-06980,EX-DMLL-06980,proof_carrying_transform,large_integrated_examples,semantic_validation,fail_as_expected,"This expert Logic Functional Language (DeepML) example teaches proof carrying transform. It preserves the corpus-derived source → AST → typed/policy-verified semantic record → R12 → MCRT trace and uses deterministic IDs, hashes, provenance, and no-network safety. The example is intentionally invalid and must be rejected at semantic validation."
DMLL-SEMANTIC_VALIDATION-06988,EX-DMLL-06988,knowledge_base,large_integrated_examples,semantic_validation,fail_as_expected,"This expert Logic Functional Language (DeepML) example teaches knowledge base. It preserves the corpus-derived source → AST → typed/policy-verified semantic record → R12 → MCRT trace and uses deterministic IDs, hashes, provenance, and no-network safety. The example is intentionally invalid and must be rejected at semantic validation."
DMLL-SEMANTIC_VALIDATION-06999,EX-DMLL-06999,planning_system,large_integrated_examples,semantic_validation,fail_as_expected,"This expert Logic Functional Language (DeepML) example teaches planning system. It preserves the corpus-derived source → AST → typed/policy-verified semantic record → R12 → MCRT trace and uses deterministic IDs, hashes, provenance, and no-network safety. The example is intentionally invalid and must be rejected at semantic validation."
DMLL-SEMANTIC_VALIDATION-07007,EX-DMLL-07007,certification_logic,large_integrated_examples,semantic_validation,fail_as_expected,"This expert Logic Functional Language (DeepML) example teaches certification logic. It preserves the corpus-derived source → AST → typed/policy-verified semantic record → R12 → MCRT trace and uses deterministic IDs, hashes, provenance, and no-network safety. The example is intentionally invalid and must be rejected at semantic validation."
DMLL-SEMANTIC_VALIDATION-07026,EX-DMLL-07026,scene_timeline_rules,large_integrated_examples,semantic_validation,fail_as_expected,"This expert Logic Functional Language (DeepML) example teaches scene timeline rules. It preserves the corpus-derived source → AST → typed/policy-verified semantic record → R12 → MCRT trace and uses deterministic IDs, hashes, provenance, and no-network safety. The example is intentionally invalid and must be rejected at semantic validation."
DMLL-SEMANTIC_VALIDATION-07034,EX-DMLL-07034,proof_carrying_transform,large_integrated_examples,semantic_validation,fail_as_expected,"This expert Logic Functional Language (DeepML) example teaches proof carrying transform. It preserves the corpus-derived source → AST → typed/policy-verified semantic record → R12 → MCRT trace and uses deterministic IDs, hashes, provenance, and no-network safety. The example is intentionally invalid and must be rejected at semantic validation."
DMLL-SEMANTIC_VALIDATION-07045,EX-DMLL-07045,symbolic_neural_workflow,large_integrated_examples,semantic_validation,fail_as_expected,"This expert Logic Functional Language (DeepML) example teaches symbolic neural workflow. It preserves the corpus-derived source → AST → typed/policy-verified semantic record → R12 → MCRT trace and uses deterministic IDs, hashes, provenance, and no-network safety. The example is intentionally invalid and must be rejected at semantic validation."
DMLL-SEMANTIC_VALIDATION-07053,EX-DMLL-07053,planning_system,large_integrated_examples,semantic_validation,fail_as_expected,"This expert Logic Functional Language (DeepML) example teaches planning system. It preserves the corpus-derived source → AST → typed/policy-verified semantic record → R12 → MCRT trace and uses deterministic IDs, hashes, provenance, and no-network safety. The example is intentionally invalid and must be rejected at semantic validation."
DMLL-SEMANTIC_VALIDATION-07061,EX-DMLL-07061,certification_logic,large_integrated_examples,semantic_validation,fail_as_expected,"This expert Logic Functional Language (DeepML) example teaches certification logic. It preserves the corpus-derived source → AST → typed/policy-verified semantic record → R12 → MCRT trace and uses deterministic IDs, hashes, provenance, and no-network safety. The example is intentionally invalid and must be rejected at semantic validation."
DMLL-SEMANTIC_VALIDATION-07072,EX-DMLL-07072,knowledge_base,large_integrated_examples,semantic_validation,fail_as_expected,"This expert Logic Functional Language (DeepML) example teaches knowledge base. It preserves the corpus-derived source → AST → typed/policy-verified semantic record → R12 → MCRT trace and uses deterministic IDs, hashes, provenance, and no-network safety. The example is intentionally invalid and must be rejected at semantic validation."
DMLL-SEMANTIC_VALIDATION-07080,EX-DMLL-07080,scene_timeline_rules,large_integrated_examples,semantic_validation,fail_as_expected,"This expert Logic Functional Language (DeepML) example teaches scene timeline rules. It preserves the corpus-derived source → AST → typed/policy-verified semantic record → R12 → MCRT trace and uses deterministic IDs, hashes, provenance, and no-network safety. The example is intentionally invalid and must be rejected at semantic validation."
DMLL-SEMANTIC_VALIDATION-07088,EX-DMLL-07088,proof_carrying_transform,large_integrated_examples,semantic_validation,fail_as_expected,"This expert Logic Functional Language (DeepML) example teaches proof carrying transform. It preserves the corpus-derived source → AST → typed/policy-verified semantic record → R12 → MCRT trace and uses deterministic IDs, hashes, provenance, and no-network safety. The example is intentionally invalid and must be rejected at semantic validation."
DMLL-SEMANTIC_VALIDATION-07099,EX-DMLL-07099,symbolic_neural_workflow,large_integrated_examples,semantic_validation,fail_as_expected,"This expert Logic Functional Language (DeepML) example teaches symbolic neural workflow. It preserves the corpus-derived source → AST → typed/policy-verified semantic record → R12 → MCRT trace and uses deterministic IDs, hashes, provenance, and no-network safety. The example is intentionally invalid and must be rejected at semantic validation."
DMLL-SEMANTIC_VALIDATION-07107,EX-DMLL-07107,planning_system,large_integrated_examples,semantic_validation,fail_as_expected,"This expert Logic Functional Language (DeepML) example teaches planning system. It preserves the corpus-derived source → AST → typed/policy-verified semantic record → R12 → MCRT trace and uses deterministic IDs, hashes, provenance, and no-network safety. The example is intentionally invalid and must be rejected at semantic validation."
DMLL-SEMANTIC_VALIDATION-07126,EX-DMLL-07126,knowledge_base,large_integrated_examples,semantic_validation,fail_as_expected,"This expert Logic Functional Language (DeepML) example teaches knowledge base. It preserves the corpus-derived source → AST → typed/policy-verified semantic record → R12 → MCRT trace and uses deterministic IDs, hashes, provenance, and no-network safety. The example is intentionally invalid and must be rejected at semantic validation."
DMLL-SEMANTIC_VALIDATION-07134,EX-DMLL-07134,scene_timeline_rules,large_integrated_examples,semantic_validation,fail_as_expected,"This expert Logic Functional Language (DeepML) example teaches scene timeline rules. It preserves the corpus-derived source → AST → typed/policy-verified semantic record → R12 → MCRT trace and uses deterministic IDs, hashes, provenance, and no-network safety. The example is intentionally invalid and must be rejected at semantic validation."
DMLL-SEMANTIC_VALIDATION-07145,EX-DMLL-07145,certification_logic,large_integrated_examples,semantic_validation,fail_as_expected,"This expert Logic Functional Language (DeepML) example teaches certification logic. It preserves the corpus-derived source → AST → typed/policy-verified semantic record → R12 → MCRT trace and uses deterministic IDs, hashes, provenance, and no-network safety. The example is intentionally invalid and must be rejected at semantic validation."
DMLL-SEMANTIC_VALIDATION-07153,EX-DMLL-07153,symbolic_neural_workflow,large_integrated_examples,semantic_validation,fail_as_expected,"This expert Logic Functional Language (DeepML) example teaches symbolic neural workflow. It preserves the corpus-derived source → AST → typed/policy-verified semantic record → R12 → MCRT trace and uses deterministic IDs, hashes, provenance, and no-network safety. The example is intentionally invalid and must be rejected at semantic validation."
DMLL-SEMANTIC_VALIDATION-07161,EX-DMLL-07161,planning_system,large_integrated_examples,semantic_validation,fail_as_expected,"This expert Logic Functional Language (DeepML) example teaches planning system. It preserves the corpus-derived source → AST → typed/policy-verified semantic record → R12 → MCRT trace and uses deterministic IDs, hashes, provenance, and no-network safety. The example is intentionally invalid and must be rejected at semantic validation."
DMLL-SEMANTIC_VALIDATION-07172,EX-DMLL-07172,proof_carrying_transform,large_integrated_examples,semantic_validation,fail_as_expected,"This expert Logic Functional Language (DeepML) example teaches proof carrying transform. It preserves the corpus-derived source → AST → typed/policy-verified semantic record → R12 → MCRT trace and uses deterministic IDs, hashes, provenance, and no-network safety. The example is intentionally invalid and must be rejected at semantic validation."
DMLL-SEMANTIC_VALIDATION-07180,EX-DMLL-07180,knowledge_base,large_integrated_examples,semantic_validation,fail_as_expected,"This expert Logic Functional Language (DeepML) example teaches knowledge base. It preserves the corpus-derived source → AST → typed/policy-verified semantic record → R12 → MCRT trace and uses deterministic IDs, hashes, provenance, and no-network safety. The example is intentionally invalid and must be rejected at semantic validation."
DMLL-SEMANTIC_VALIDATION-07188,EX-DMLL-07188,scene_timeline_rules,large_integrated_examples,semantic_validation,fail_as_expected,"This expert Logic Functional Language (DeepML) example teaches scene timeline rules. It preserves the corpus-derived source → AST → typed/policy-verified semantic record → R12 → MCRT trace and uses deterministic IDs, hashes, provenance, and no-network safety. The example is intentionally invalid and must be rejected at semantic validation."
DMLL-SEMANTIC_VALIDATION-07199,EX-DMLL-07199,certification_logic,large_integrated_examples,semantic_validation,fail_as_expected,"This expert Logic Functional Language (DeepML) example teaches certification logic. It preserves the corpus-derived source → AST → typed/policy-verified semantic record → R12 → MCRT trace and uses deterministic IDs, hashes, provenance, and no-network safety. The example is intentionally invalid and must be rejected at semantic validation."
DMLL-SEMANTIC_VALIDATION-07207,EX-DMLL-07207,symbolic_neural_workflow,large_integrated_examples,semantic_validation,fail_as_expected,"This expert Logic Functional Language (DeepML) example teaches symbolic neural workflow. It preserves the corpus-derived source → AST → typed/policy-verified semantic record → R12 → MCRT trace and uses deterministic IDs, hashes, provenance, and no-network safety. The example is intentionally invalid and must be rejected at semantic validation."
DMLL-SEMANTIC_VALIDATION-07226,EX-DMLL-07226,proof_carrying_transform,large_integrated_examples,semantic_validation,fail_as_expected,"This expert Logic Functional Language (DeepML) example teaches proof carrying transform. It preserves the corpus-derived source → AST → typed/policy-verified semantic record → R12 → MCRT trace and uses deterministic IDs, hashes, provenance, and no-network safety. The example is intentionally invalid and must be rejected at semantic validation."
DMLL-SEMANTIC_VALIDATION-07234,EX-DMLL-07234,knowledge_base,large_integrated_examples,semantic_validation,fail_as_expected,"This expert Logic Functional Language (DeepML) example teaches knowledge base. It preserves the corpus-derived source → AST → typed/policy-verified semantic record → R12 → MCRT trace and uses deterministic IDs, hashes, provenance, and no-network safety. The example is intentionally invalid and must be rejected at semantic validation."
DMLL-SEMANTIC_VALIDATION-07245,EX-DMLL-07245,planning_system,large_integrated_examples,semantic_validation,fail_as_expected,"This expert Logic Functional Language (DeepML) example teaches planning system. It preserves the corpus-derived source → AST → typed/policy-verified semantic record → R12 → MCRT trace and uses deterministic IDs, hashes, provenance, and no-network safety. The example is intentionally invalid and must be rejected at semantic validation."
DMLL-SEMANTIC_VALIDATION-07253,EX-DMLL-07253,certification_logic,large_integrated_examples,semantic_validation,fail_as_expected,"This expert Logic Functional Language (DeepML) example teaches certification logic. It preserves the corpus-derived source → AST → typed/policy-verified semantic record → R12 → MCRT trace and uses deterministic IDs, hashes, provenance, and no-network safety. The example is intentionally invalid and must be rejected at semantic validation."
DMLL-SEMANTIC_VALIDATION-07261,EX-DMLL-07261,symbolic_neural_workflow,large_integrated_examples,semantic_validation,fail_as_expected,"This expert Logic Functional Language (DeepML) example teaches symbolic neural workflow. It preserves the corpus-derived source → AST → typed/policy-verified semantic record → R12 → MCRT trace and uses deterministic IDs, hashes, provenance, and no-network safety. The example is intentionally invalid and must be rejected at semantic validation."
DMLL-SEMANTIC_VALIDATION-07272,EX-DMLL-07272,scene_timeline_rules,large_integrated_examples,semantic_validation,fail_as_expected,"This expert Logic Functional Language (DeepML) example teaches scene timeline rules. It preserves the corpus-derived source → AST → typed/policy-verified semantic record → R12 → MCRT trace and uses deterministic IDs, hashes, provenance, and no-network safety. The example is intentionally invalid and must be rejected at semantic validation."
DMLL-SEMANTIC_VALIDATION-07280,EX-DMLL-07280,proof_carrying_transform,large_integrated_examples,semantic_validation,fail_as_expected,"This expert Logic Functional Language (DeepML) example teaches proof carrying transform. It preserves the corpus-derived source → AST → typed/policy-verified semantic record → R12 → MCRT trace and uses deterministic IDs, hashes, provenance, and no-network safety. The example is intentionally invalid and must be rejected at semantic validation."
DMLL-SEMANTIC_VALIDATION-07288,EX-DMLL-07288,knowledge_base,large_integrated_examples,semantic_validation,fail_as_expected,"This expert Logic Functional Language (DeepML) example teaches knowledge base. It preserves the corpus-derived source → AST → typed/policy-verified semantic record → R12 → MCRT trace and uses deterministic IDs, hashes, provenance, and no-network safety. The example is intentionally invalid and must be rejected at semantic validation."
DMLL-SEMANTIC_VALIDATION-07299,EX-DMLL-07299,planning_system,large_integrated_examples,semantic_validation,fail_as_expected,"This expert Logic Functional Language (DeepML) example teaches planning system. It preserves the corpus-derived source → AST → typed/policy-verified semantic record → R12 → MCRT trace and uses deterministic IDs, hashes, provenance, and no-network safety. The example is intentionally invalid and must be rejected at semantic validation."
DMLL-SEMANTIC_VALIDATION-07307,EX-DMLL-07307,certification_logic,large_integrated_examples,semantic_validation,fail_as_expected,"This expert Logic Functional Language (DeepML) example teaches certification logic. It preserves the corpus-derived source → AST → typed/policy-verified semantic record → R12 → MCRT trace and uses deterministic IDs, hashes, provenance, and no-network safety. The example is intentionally invalid and must be rejected at semantic validation."
DMLL-SEMANTIC_VALIDATION-07326,EX-DMLL-07326,scene_timeline_rules,large_integrated_examples,semantic_validation,fail_as_expected,"This expert Logic Functional Language (DeepML) example teaches scene timeline rules. It preserves the corpus-derived source → AST → typed/policy-verified semantic record → R12 → MCRT trace and uses deterministic IDs, hashes, provenance, and no-network safety. The example is intentionally invalid and must be rejected at semantic validation."
DMLL-SEMANTIC_VALIDATION-07334,EX-DMLL-07334,proof_carrying_transform,large_integrated_examples,semantic_validation,fail_as_expected,"This expert Logic Functional Language (DeepML) example teaches proof carrying transform. It preserves the corpus-derived source → AST → typed/policy-verified semantic record → R12 → MCRT trace and uses deterministic IDs, hashes, provenance, and no-network safety. The example is intentionally invalid and must be rejected at semantic validation."
DMLL-SEMANTIC_VALIDATION-07345,EX-DMLL-07345,symbolic_neural_workflow,large_integrated_examples,semantic_validation,fail_as_expected,"This expert Logic Functional Language (DeepML) example teaches symbolic neural workflow. It preserves the corpus-derived source → AST → typed/policy-verified semantic record → R12 → MCRT trace and uses deterministic IDs, hashes, provenance, and no-network safety. The example is intentionally invalid and must be rejected at semantic validation."
DMLL-SEMANTIC_VALIDATION-07353,EX-DMLL-07353,planning_system,large_integrated_examples,semantic_validation,fail_as_expected,"This expert Logic Functional Language (DeepML) example teaches planning system. It preserves the corpus-derived source → AST → typed/policy-verified semantic record → R12 → MCRT trace and uses deterministic IDs, hashes, provenance, and no-network safety. The example is intentionally invalid and must be rejected at semantic validation."
DMLL-SEMANTIC_VALIDATION-07361,EX-DMLL-07361,certification_logic,large_integrated_examples,semantic_validation,fail_as_expected,"This expert Logic Functional Language (DeepML) example teaches certification logic. It preserves the corpus-derived source → AST → typed/policy-verified semantic record → R12 → MCRT trace and uses deterministic IDs, hashes, provenance, and no-network safety. The example is intentionally invalid and must be rejected at semantic validation."
DMLL-SEMANTIC_VALIDATION-07372,EX-DMLL-07372,knowledge_base,large_integrated_examples,semantic_validation,fail_as_expected,"This expert Logic Functional Language (DeepML) example teaches knowledge base. It preserves the corpus-derived source → AST → typed/policy-verified semantic record → R12 → MCRT trace and uses deterministic IDs, hashes, provenance, and no-network safety. The example is intentionally invalid and must be rejected at semantic validation."
DMLL-SEMANTIC_VALIDATION-07380,EX-DMLL-07380,scene_timeline_rules,large_integrated_examples,semantic_validation,fail_as_expected,"This expert Logic Functional Language (DeepML) example teaches scene timeline rules. It preserves the corpus-derived source → AST → typed/policy-verified semantic record → R12 → MCRT trace and uses deterministic IDs, hashes, provenance, and no-network safety. The example is intentionally invalid and must be rejected at semantic validation."
DMLL-SEMANTIC_VALIDATION-07388,EX-DMLL-07388,proof_carrying_transform,large_integrated_examples,semantic_validation,fail_as_expected,"This expert Logic Functional Language (DeepML) example teaches proof carrying transform. It preserves the corpus-derived source → AST → typed/policy-verified semantic record → R12 → MCRT trace and uses deterministic IDs, hashes, provenance, and no-network safety. The example is intentionally invalid and must be rejected at semantic validation."
DMLL-SEMANTIC_VALIDATION-07399,EX-DMLL-07399,symbolic_neural_workflow,large_integrated_examples,semantic_validation,fail_as_expected,"This expert Logic Functional Language (DeepML) example teaches symbolic neural workflow. It preserves the corpus-derived source → AST → typed/policy-verified semantic record → R12 → MCRT trace and uses deterministic IDs, hashes, provenance, and no-network safety. The example is intentionally invalid and must be rejected at semantic validation."
DMLL-SEMANTIC_VALIDATION-07407,EX-DMLL-07407,planning_system,large_integrated_examples,semantic_validation,fail_as_expected,"This expert Logic Functional Language (DeepML) example teaches planning system. It preserves the corpus-derived source → AST → typed/policy-verified semantic record → R12 → MCRT trace and uses deterministic IDs, hashes, provenance, and no-network safety. The example is intentionally invalid and must be rejected at semantic validation."
DMLL-SEMANTIC_VALIDATION-07426,EX-DMLL-07426,knowledge_base,large_integrated_examples,semantic_validation,fail_as_expected,"This expert Logic Functional Language (DeepML) example teaches knowledge base. It preserves the corpus-derived source → AST → typed/policy-verified semantic record → R12 → MCRT trace and uses deterministic IDs, hashes, provenance, and no-network safety. The example is intentionally invalid and must be rejected at semantic validation."
DMLL-SEMANTIC_VALIDATION-07434,EX-DMLL-07434,scene_timeline_rules,large_integrated_examples,semantic_validation,fail_as_expected,"This expert Logic Functional Language (DeepML) example teaches scene timeline rules. It preserves the corpus-derived source → AST → typed/policy-verified semantic record → R12 → MCRT trace and uses deterministic IDs, hashes, provenance, and no-network safety. The example is intentionally invalid and must be rejected at semantic validation."
DMLL-SEMANTIC_VALIDATION-07445,EX-DMLL-07445,certification_logic,large_integrated_examples,semantic_validation,fail_as_expected,"This expert Logic Functional Language (DeepML) example teaches certification logic. It preserves the corpus-derived source → AST → typed/policy-verified semantic record → R12 → MCRT trace and uses deterministic IDs, hashes, provenance, and no-network safety. The example is intentionally invalid and must be rejected at semantic validation."
DMLL-SEMANTIC_VALIDATION-07453,EX-DMLL-07453,symbolic_neural_workflow,large_integrated_examples,semantic_validation,fail_as_expected,"This expert Logic Functional Language (DeepML) example teaches symbolic neural workflow. It preserves the corpus-derived source → AST → typed/policy-verified semantic record → R12 → MCRT trace and uses deterministic IDs, hashes, provenance, and no-network safety. The example is intentionally invalid and must be rejected at semantic validation."
DMLL-SEMANTIC_VALIDATION-07461,EX-DMLL-07461,planning_system,large_integrated_examples,semantic_validation,fail_as_expected,"This expert Logic Functional Language (DeepML) example teaches planning system. It preserves the corpus-derived source → AST → typed/policy-verified semantic record → R12 → MCRT trace and uses deterministic IDs, hashes, provenance, and no-network safety. The example is intentionally invalid and must be rejected at semantic validation."
DMLL-SEMANTIC_VALIDATION-07472,EX-DMLL-07472,proof_carrying_transform,large_integrated_examples,semantic_validation,fail_as_expected,"This expert Logic Functional Language (DeepML) example teaches proof carrying transform. It preserves the corpus-derived source → AST → typed/policy-verified semantic record → R12 → MCRT trace and uses deterministic IDs, hashes, provenance, and no-network safety. The example is intentionally invalid and must be rejected at semantic validation."
DMLL-SEMANTIC_VALIDATION-07480,EX-DMLL-07480,knowledge_base,large_integrated_examples,semantic_validation,fail_as_expected,"This expert Logic Functional Language (DeepML) example teaches knowledge base. It preserves the corpus-derived source → AST → typed/policy-verified semantic record → R12 → MCRT trace and uses deterministic IDs, hashes, provenance, and no-network safety. The example is intentionally invalid and must be rejected at semantic validation."
DMLL-SEMANTIC_VALIDATION-07488,EX-DMLL-07488,scene_timeline_rules,large_integrated_examples,semantic_validation,fail_as_expected,"This expert Logic Functional Language (DeepML) example teaches scene timeline rules. It preserves the corpus-derived source → AST → typed/policy-verified semantic record → R12 → MCRT trace and uses deterministic IDs, hashes, provenance, and no-network safety. The example is intentionally invalid and must be rejected at semantic validation."
DMLL-SEMANTIC_VALIDATION-07499,EX-DMLL-07499,certification_logic,large_integrated_examples,semantic_validation,fail_as_expected,"This expert Logic Functional Language (DeepML) example teaches certification logic. It preserves the corpus-derived source → AST → typed/policy-verified semantic record → R12 → MCRT trace and uses deterministic IDs, hashes, provenance, and no-network safety. The example is intentionally invalid and must be rejected at semantic validation."
DMLL-SEMANTIC_VALIDATION-07504,EX-DMLL-07504,tail_call,compiler_optimization,semantic_validation,fail_as_expected,"This compiler Logic Functional Language (DeepML) example teaches tail call. It preserves the corpus-derived source → AST → typed/policy-verified semantic record → R12 → MCRT trace and uses deterministic IDs, hashes, provenance, and no-network safety. The example is intentionally invalid and must be rejected at semantic validation."
DMLL-SEMANTIC_VALIDATION-07507,EX-DMLL-07507,cse,compiler_optimization,semantic_validation,fail_as_expected,"This compiler Logic Functional Language (DeepML) example teaches cse. It preserves the corpus-derived source → AST → typed/policy-verified semantic record → R12 → MCRT trace and uses deterministic IDs, hashes, provenance, and no-network safety. The example is intentionally invalid and must be rejected at semantic validation."
DMLL-SEMANTIC_VALIDATION-07515,EX-DMLL-07515,cse,compiler_optimization,semantic_validation,fail_as_expected,"This compiler Logic Functional Language (DeepML) example teaches cse. It preserves the corpus-derived source → AST → typed/policy-verified semantic record → R12 → MCRT trace and uses deterministic IDs, hashes, provenance, and no-network safety. The example is intentionally invalid and must be rejected at semantic validation."
DMLL-SEMANTIC_VALIDATION-07523,EX-DMLL-07523,cse,compiler_optimization,semantic_validation,fail_as_expected,"This compiler Logic Functional Language (DeepML) example teaches cse. It preserves the corpus-derived source → AST → typed/policy-verified semantic record → R12 → MCRT trace and uses deterministic IDs, hashes, provenance, and no-network safety. The example is intentionally invalid and must be rejected at semantic validation."
DMLL-SEMANTIC_VALIDATION-07526,EX-DMLL-07526,r12_mcrt_lowering,compiler_optimization,semantic_validation,fail_as_expected,"This compiler Logic Functional Language (DeepML) example teaches r12 mcrt lowering. It preserves the corpus-derived source → AST → typed/policy-verified semantic record → R12 → MCRT trace and uses deterministic IDs, hashes, provenance, and no-network safety. The example is intentionally invalid and must be rejected at semantic validation."
DMLL-SEMANTIC_VALIDATION-07531,EX-DMLL-07531,cse,compiler_optimization,semantic_validation,fail_as_expected,"This compiler Logic Functional Language (DeepML) example teaches cse. It preserves the corpus-derived source → AST → typed/policy-verified semantic record → R12 → MCRT trace and uses deterministic IDs, hashes, provenance, and no-network safety. The example is intentionally invalid and must be rejected at semantic validation."
DMLL-SEMANTIC_VALIDATION-07534,EX-DMLL-07534,r12_mcrt_lowering,compiler_optimization,semantic_validation,fail_as_expected,"This compiler Logic Functional Language (DeepML) example teaches r12 mcrt lowering. It preserves the corpus-derived source → AST → typed/policy-verified semantic record → R12 → MCRT trace and uses deterministic IDs, hashes, provenance, and no-network safety. The example is intentionally invalid and must be rejected at semantic validation."
DMLL-SEMANTIC_VALIDATION-07542,EX-DMLL-07542,r12_mcrt_lowering,compiler_optimization,semantic_validation,fail_as_expected,"This compiler Logic Functional Language (DeepML) example teaches r12 mcrt lowering. It preserves the corpus-derived source → AST → typed/policy-verified semantic record → R12 → MCRT trace and uses deterministic IDs, hashes, provenance, and no-network safety. The example is intentionally invalid and must be rejected at semantic validation."
DMLL-SEMANTIC_VALIDATION-07550,EX-DMLL-07550,r12_mcrt_lowering,compiler_optimization,semantic_validation,fail_as_expected,"This compiler Logic Functional Language (DeepML) example teaches r12 mcrt lowering. It preserves the corpus-derived source → AST → typed/policy-verified semantic record → R12 → MCRT trace and uses deterministic IDs, hashes, provenance, and no-network safety. The example is intentionally invalid and must be rejected at semantic validation."
DMLL-SEMANTIC_VALIDATION-07553,EX-DMLL-07553,deforestation,compiler_optimization,semantic_validation,fail_as_expected,"This compiler Logic Functional Language (DeepML) example teaches deforestation. It preserves the corpus-derived source → AST → typed/policy-verified semantic record → R12 → MCRT trace and uses deterministic IDs, hashes, provenance, and no-network safety. The example is intentionally invalid and must be rejected at semantic validation."
DMLL-SEMANTIC_VALIDATION-07558,EX-DMLL-07558,r12_mcrt_lowering,compiler_optimization,semantic_validation,fail_as_expected,"This compiler Logic Functional Language (DeepML) example teaches r12 mcrt lowering. It preserves the corpus-derived source → AST → typed/policy-verified semantic record → R12 → MCRT trace and uses deterministic IDs, hashes, provenance, and no-network safety. The example is intentionally invalid and must be rejected at semantic validation."
DMLL-SEMANTIC_VALIDATION-07561,EX-DMLL-07561,deforestation,compiler_optimization,semantic_validation,fail_as_expected,"This compiler Logic Functional Language (DeepML) example teaches deforestation. It preserves the corpus-derived source → AST → typed/policy-verified semantic record → R12 → MCRT trace and uses deterministic IDs, hashes, provenance, and no-network safety. The example is intentionally invalid and must be rejected at semantic validation."
DMLL-SEMANTIC_VALIDATION-07569,EX-DMLL-07569,deforestation,compiler_optimization,semantic_validation,fail_as_expected,"This compiler Logic Functional Language (DeepML) example teaches deforestation. It preserves the corpus-derived source → AST → typed/policy-verified semantic record → R12 → MCRT trace and uses deterministic IDs, hashes, provenance, and no-network safety. The example is intentionally invalid and must be rejected at semantic validation."
DMLL-SEMANTIC_VALIDATION-07572,EX-DMLL-07572,tabling,compiler_optimization,semantic_validation,fail_as_expected,"This compiler Logic Functional Language (DeepML) example teaches tabling. It preserves the corpus-derived source → AST → typed/policy-verified semantic record → R12 → MCRT trace and uses deterministic IDs, hashes, provenance, and no-network safety. The example is intentionally invalid and must be rejected at semantic validation."
DMLL-SEMANTIC_VALIDATION-07577,EX-DMLL-07577,deforestation,compiler_optimization,semantic_validation,fail_as_expected,"This compiler Logic Functional Language (DeepML) example teaches deforestation. It preserves the corpus-derived source → AST → typed/policy-verified semantic record → R12 → MCRT trace and uses deterministic IDs, hashes, provenance, and no-network safety. The example is intentionally invalid and must be rejected at semantic validation."
DMLL-SEMANTIC_VALIDATION-07580,EX-DMLL-07580,tabling,compiler_optimization,semantic_validation,fail_as_expected,"This compiler Logic Functional Language (DeepML) example teaches tabling. It preserves the corpus-derived source → AST → typed/policy-verified semantic record → R12 → MCRT trace and uses deterministic IDs, hashes, provenance, and no-network safety. The example is intentionally invalid and must be rejected at semantic validation."
DMLL-SEMANTIC_VALIDATION-07585,EX-DMLL-07585,deforestation,compiler_optimization,semantic_validation,fail_as_expected,"This compiler Logic Functional Language (DeepML) example teaches deforestation. It preserves the corpus-derived source → AST → typed/policy-verified semantic record → R12 → MCRT trace and uses deterministic IDs, hashes, provenance, and no-network safety. The example is intentionally invalid and must be rejected at semantic validation."
DMLL-SEMANTIC_VALIDATION-07588,EX-DMLL-07588,tabling,compiler_optimization,semantic_validation,fail_as_expected,"This compiler Logic Functional Language (DeepML) example teaches tabling. It preserves the corpus-derived source → AST → typed/policy-verified semantic record → R12 → MCRT trace and uses deterministic IDs, hashes, provenance, and no-network safety. The example is intentionally invalid and must be rejected at semantic validation."
DMLL-SEMANTIC_VALIDATION-07596,EX-DMLL-07596,tabling,compiler_optimization,semantic_validation,fail_as_expected,"This compiler Logic Functional Language (DeepML) example teaches tabling. It preserves the corpus-derived source → AST → typed/policy-verified semantic record → R12 → MCRT trace and uses deterministic IDs, hashes, provenance, and no-network safety. The example is intentionally invalid and must be rejected at semantic validation."
DMLL-SEMANTIC_VALIDATION-07599,EX-DMLL-07599,beta_reduction,compiler_optimization,semantic_validation,fail_as_expected,"This compiler Logic Functional Language (DeepML) example teaches beta reduction. It preserves the corpus-derived source → AST → typed/policy-verified semantic record → R12 → MCRT trace and uses deterministic IDs, hashes, provenance, and no-network safety. The example is intentionally invalid and must be rejected at semantic validation."
DMLL-SEMANTIC_VALIDATION-07604,EX-DMLL-07604,tabling,compiler_optimization,semantic_validation,fail_as_expected,"This compiler Logic Functional Language (DeepML) example teaches tabling. It preserves the corpus-derived source → AST → typed/policy-verified semantic record → R12 → MCRT trace and uses deterministic IDs, hashes, provenance, and no-network safety. The example is intentionally invalid and must be rejected at semantic validation."
DMLL-SEMANTIC_VALIDATION-07607,EX-DMLL-07607,beta_reduction,compiler_optimization,semantic_validation,fail_as_expected,"This compiler Logic Functional Language (DeepML) example teaches beta reduction. It preserves the corpus-derived source → AST → typed/policy-verified semantic record → R12 → MCRT trace and uses deterministic IDs, hashes, provenance, and no-network safety. The example is intentionally invalid and must be rejected at semantic validation."
DMLL-SEMANTIC_VALIDATION-07615,EX-DMLL-07615,beta_reduction,compiler_optimization,semantic_validation,fail_as_expected,"This compiler Logic Functional Language (DeepML) example teaches beta reduction. It preserves the corpus-derived source → AST → typed/policy-verified semantic record → R12 → MCRT trace and uses deterministic IDs, hashes, provenance, and no-network safety. The example is intentionally invalid and must be rejected at semantic validation."
DMLL-SEMANTIC_VALIDATION-07623,EX-DMLL-07623,beta_reduction,compiler_optimization,semantic_validation,fail_as_expected,"This compiler Logic Functional Language (DeepML) example teaches beta reduction. It preserves the corpus-derived source → AST → typed/policy-verified semantic record → R12 → MCRT trace and uses deterministic IDs, hashes, provenance, and no-network safety. The example is intentionally invalid and must be rejected at semantic validation."
DMLL-SEMANTIC_VALIDATION-07626,EX-DMLL-07626,rule_indexing,compiler_optimization,semantic_validation,fail_as_expected,"This compiler Logic Functional Language (DeepML) example teaches rule indexing. It preserves the corpus-derived source → AST → typed/policy-verified semantic record → R12 → MCRT trace and uses deterministic IDs, hashes, provenance, and no-network safety. The example is intentionally invalid and must be rejected at semantic validation."
DMLL-SEMANTIC_VALIDATION-07631,EX-DMLL-07631,beta_reduction,compiler_optimization,semantic_validation,fail_as_expected,"This compiler Logic Functional Language (DeepML) example teaches beta reduction. It preserves the corpus-derived source → AST → typed/policy-verified semantic record → R12 → MCRT trace and uses deterministic IDs, hashes, provenance, and no-network safety. The example is intentionally invalid and must be rejected at semantic validation."
DMLL-SEMANTIC_VALIDATION-07634,EX-DMLL-07634,rule_indexing,compiler_optimization,semantic_validation,fail_as_expected,"This compiler Logic Functional Language (DeepML) example teaches rule indexing. It preserves the corpus-derived source → AST → typed/policy-verified semantic record → R12 → MCRT trace and uses deterministic IDs, hashes, provenance, and no-network safety. The example is intentionally invalid and must be rejected at semantic validation."
DMLL-SEMANTIC_VALIDATION-07642,EX-DMLL-07642,rule_indexing,compiler_optimization,semantic_validation,fail_as_expected,"This compiler Logic Functional Language (DeepML) example teaches rule indexing. It preserves the corpus-derived source → AST → typed/policy-verified semantic record → R12 → MCRT trace and uses deterministic IDs, hashes, provenance, and no-network safety. The example is intentionally invalid and must be rejected at semantic validation."
DMLL-SEMANTIC_VALIDATION-07650,EX-DMLL-07650,rule_indexing,compiler_optimization,semantic_validation,fail_as_expected,"This compiler Logic Functional Language (DeepML) example teaches rule indexing. It preserves the corpus-derived source → AST → typed/policy-verified semantic record → R12 → MCRT trace and uses deterministic IDs, hashes, provenance, and no-network safety. The example is intentionally invalid and must be rejected at semantic validation."
DMLL-SEMANTIC_VALIDATION-07653,EX-DMLL-07653,proof_normalization,compiler_optimization,semantic_validation,fail_as_expected,"This compiler Logic Functional Language (DeepML) example teaches proof normalization. It preserves the corpus-derived source → AST → typed/policy-verified semantic record → R12 → MCRT trace and uses deterministic IDs, hashes, provenance, and no-network safety. The example is intentionally invalid and must be rejected at semantic validation."
DMLL-SEMANTIC_VALIDATION-07658,EX-DMLL-07658,rule_indexing,compiler_optimization,semantic_validation,fail_as_expected,"This compiler Logic Functional Language (DeepML) example teaches rule indexing. It preserves the corpus-derived source → AST → typed/policy-verified semantic record → R12 → MCRT trace and uses deterministic IDs, hashes, provenance, and no-network safety. The example is intentionally invalid and must be rejected at semantic validation."
DMLL-SEMANTIC_VALIDATION-07661,EX-DMLL-07661,proof_normalization,compiler_optimization,semantic_validation,fail_as_expected,"This compiler Logic Functional Language (DeepML) example teaches proof normalization. It preserves the corpus-derived source → AST → typed/policy-verified semantic record → R12 → MCRT trace and uses deterministic IDs, hashes, provenance, and no-network safety. The example is intentionally invalid and must be rejected at semantic validation."
DMLL-SEMANTIC_VALIDATION-07669,EX-DMLL-07669,proof_normalization,compiler_optimization,semantic_validation,fail_as_expected,"This compiler Logic Functional Language (DeepML) example teaches proof normalization. It preserves the corpus-derived source → AST → typed/policy-verified semantic record → R12 → MCRT trace and uses deterministic IDs, hashes, provenance, and no-network safety. The example is intentionally invalid and must be rejected at semantic validation."
DMLL-SEMANTIC_VALIDATION-07672,EX-DMLL-07672,tail_call,compiler_optimization,semantic_validation,fail_as_expected,"This compiler Logic Functional Language (DeepML) example teaches tail call. It preserves the corpus-derived source → AST → typed/policy-verified semantic record → R12 → MCRT trace and uses deterministic IDs, hashes, provenance, and no-network safety. The example is intentionally invalid and must be rejected at semantic validation."
DMLL-SEMANTIC_VALIDATION-07677,EX-DMLL-07677,proof_normalization,compiler_optimization,semantic_validation,fail_as_expected,"This compiler Logic Functional Language (DeepML) example teaches proof normalization. It preserves the corpus-derived source → AST → typed/policy-verified semantic record → R12 → MCRT trace and uses deterministic IDs, hashes, provenance, and no-network safety. The example is intentionally invalid and must be rejected at semantic validation."
DMLL-SEMANTIC_VALIDATION-07680,EX-DMLL-07680,tail_call,compiler_optimization,semantic_validation,fail_as_expected,"This compiler Logic Functional Language (DeepML) example teaches tail call. It preserves the corpus-derived source → AST → typed/policy-verified semantic record → R12 → MCRT trace and uses deterministic IDs, hashes, provenance, and no-network safety. The example is intentionally invalid and must be rejected at semantic validation."
DMLL-SEMANTIC_VALIDATION-07685,EX-DMLL-07685,proof_normalization,compiler_optimization,semantic_validation,fail_as_expected,"This compiler Logic Functional Language (DeepML) example teaches proof normalization. It preserves the corpus-derived source → AST → typed/policy-verified semantic record → R12 → MCRT trace and uses deterministic IDs, hashes, provenance, and no-network safety. The example is intentionally invalid and must be rejected at semantic validation."
DMLL-SEMANTIC_VALIDATION-07688,EX-DMLL-07688,tail_call,compiler_optimization,semantic_validation,fail_as_expected,"This compiler Logic Functional Language (DeepML) example teaches tail call. It preserves the corpus-derived source → AST → typed/policy-verified semantic record → R12 → MCRT trace and uses deterministic IDs, hashes, provenance, and no-network safety. The example is intentionally invalid and must be rejected at semantic validation."
DMLL-SEMANTIC_VALIDATION-07696,EX-DMLL-07696,tail_call,compiler_optimization,semantic_validation,fail_as_expected,"This compiler Logic Functional Language (DeepML) example teaches tail call. It preserves the corpus-derived source → AST → typed/policy-verified semantic record → R12 → MCRT trace and uses deterministic IDs, hashes, provenance, and no-network safety. The example is intentionally invalid and must be rejected at semantic validation."
DMLL-SEMANTIC_VALIDATION-07699,EX-DMLL-07699,cse,compiler_optimization,semantic_validation,fail_as_expected,"This compiler Logic Functional Language (DeepML) example teaches cse. It preserves the corpus-derived source → AST → typed/policy-verified semantic record → R12 → MCRT trace and uses deterministic IDs, hashes, provenance, and no-network safety. The example is intentionally invalid and must be rejected at semantic validation."
DMLL-SEMANTIC_VALIDATION-07704,EX-DMLL-07704,tail_call,compiler_optimization,semantic_validation,fail_as_expected,"This compiler Logic Functional Language (DeepML) example teaches tail call. It preserves the corpus-derived source → AST → typed/policy-verified semantic record → R12 → MCRT trace and uses deterministic IDs, hashes, provenance, and no-network safety. The example is intentionally invalid and must be rejected at semantic validation."
DMLL-SEMANTIC_VALIDATION-07707,EX-DMLL-07707,cse,compiler_optimization,semantic_validation,fail_as_expected,"This compiler Logic Functional Language (DeepML) example teaches cse. It preserves the corpus-derived source → AST → typed/policy-verified semantic record → R12 → MCRT trace and uses deterministic IDs, hashes, provenance, and no-network safety. The example is intentionally invalid and must be rejected at semantic validation."
DMLL-SEMANTIC_VALIDATION-07715,EX-DMLL-07715,cse,compiler_optimization,semantic_validation,fail_as_expected,"This compiler Logic Functional Language (DeepML) example teaches cse. It preserves the corpus-derived source → AST → typed/policy-verified semantic record → R12 → MCRT trace and uses deterministic IDs, hashes, provenance, and no-network safety. The example is intentionally invalid and must be rejected at semantic validation."
DMLL-SEMANTIC_VALIDATION-07723,EX-DMLL-07723,cse,compiler_optimization,semantic_validation,fail_as_expected,"This compiler Logic Functional Language (DeepML) example teaches cse. It preserves the corpus-derived source → AST → typed/policy-verified semantic record → R12 → MCRT trace and uses deterministic IDs, hashes, provenance, and no-network safety. The example is intentionally invalid and must be rejected at semantic validation."
DMLL-SEMANTIC_VALIDATION-07726,EX-DMLL-07726,r12_mcrt_lowering,compiler_optimization,semantic_validation,fail_as_expected,"This compiler Logic Functional Language (DeepML) example teaches r12 mcrt lowering. It preserves the corpus-derived source → AST → typed/policy-verified semantic record → R12 → MCRT trace and uses deterministic IDs, hashes, provenance, and no-network safety. The example is intentionally invalid and must be rejected at semantic validation."
DMLL-SEMANTIC_VALIDATION-07731,EX-DMLL-07731,cse,compiler_optimization,semantic_validation,fail_as_expected,"This compiler Logic Functional Language (DeepML) example teaches cse. It preserves the corpus-derived source → AST → typed/policy-verified semantic record → R12 → MCRT trace and uses deterministic IDs, hashes, provenance, and no-network safety. The example is intentionally invalid and must be rejected at semantic validation."
DMLL-SEMANTIC_VALIDATION-07734,EX-DMLL-07734,r12_mcrt_lowering,compiler_optimization,semantic_validation,fail_as_expected,"This compiler Logic Functional Language (DeepML) example teaches r12 mcrt lowering. It preserves the corpus-derived source → AST → typed/policy-verified semantic record → R12 → MCRT trace and uses deterministic IDs, hashes, provenance, and no-network safety. The example is intentionally invalid and must be rejected at semantic validation."
DMLL-SEMANTIC_VALIDATION-07742,EX-DMLL-07742,r12_mcrt_lowering,compiler_optimization,semantic_validation,fail_as_expected,"This compiler Logic Functional Language (DeepML) example teaches r12 mcrt lowering. It preserves the corpus-derived source → AST → typed/policy-verified semantic record → R12 → MCRT trace and uses deterministic IDs, hashes, provenance, and no-network safety. The example is intentionally invalid and must be rejected at semantic validation."
DMLL-SEMANTIC_VALIDATION-07750,EX-DMLL-07750,r12_mcrt_lowering,compiler_optimization,semantic_validation,fail_as_expected,"This compiler Logic Functional Language (DeepML) example teaches r12 mcrt lowering. It preserves the corpus-derived source → AST → typed/policy-verified semantic record → R12 → MCRT trace and uses deterministic IDs, hashes, provenance, and no-network safety. The example is intentionally invalid and must be rejected at semantic validation."
DMLL-SEMANTIC_VALIDATION-07753,EX-DMLL-07753,deforestation,compiler_optimization,semantic_validation,fail_as_expected,"This compiler Logic Functional Language (DeepML) example teaches deforestation. It preserves the corpus-derived source → AST → typed/policy-verified semantic record → R12 → MCRT trace and uses deterministic IDs, hashes, provenance, and no-network safety. The example is intentionally invalid and must be rejected at semantic validation."
DMLL-SEMANTIC_VALIDATION-07758,EX-DMLL-07758,r12_mcrt_lowering,compiler_optimization,semantic_validation,fail_as_expected,"This compiler Logic Functional Language (DeepML) example teaches r12 mcrt lowering. It preserves the corpus-derived source → AST → typed/policy-verified semantic record → R12 → MCRT trace and uses deterministic IDs, hashes, provenance, and no-network safety. The example is intentionally invalid and must be rejected at semantic validation."
DMLL-SEMANTIC_VALIDATION-07761,EX-DMLL-07761,deforestation,compiler_optimization,semantic_validation,fail_as_expected,"This compiler Logic Functional Language (DeepML) example teaches deforestation. It preserves the corpus-derived source → AST → typed/policy-verified semantic record → R12 → MCRT trace and uses deterministic IDs, hashes, provenance, and no-network safety. The example is intentionally invalid and must be rejected at semantic validation."
DMLL-SEMANTIC_VALIDATION-07769,EX-DMLL-07769,deforestation,compiler_optimization,semantic_validation,fail_as_expected,"This compiler Logic Functional Language (DeepML) example teaches deforestation. It preserves the corpus-derived source → AST → typed/policy-verified semantic record → R12 → MCRT trace and uses deterministic IDs, hashes, provenance, and no-network safety. The example is intentionally invalid and must be rejected at semantic validation."
DMLL-SEMANTIC_VALIDATION-07772,EX-DMLL-07772,tabling,compiler_optimization,semantic_validation,fail_as_expected,"This compiler Logic Functional Language (DeepML) example teaches tabling. It preserves the corpus-derived source → AST → typed/policy-verified semantic record → R12 → MCRT trace and uses deterministic IDs, hashes, provenance, and no-network safety. The example is intentionally invalid and must be rejected at semantic validation."
DMLL-SEMANTIC_VALIDATION-07777,EX-DMLL-07777,deforestation,compiler_optimization,semantic_validation,fail_as_expected,"This compiler Logic Functional Language (DeepML) example teaches deforestation. It preserves the corpus-derived source → AST → typed/policy-verified semantic record → R12 → MCRT trace and uses deterministic IDs, hashes, provenance, and no-network safety. The example is intentionally invalid and must be rejected at semantic validation."
DMLL-SEMANTIC_VALIDATION-07780,EX-DMLL-07780,tabling,compiler_optimization,semantic_validation,fail_as_expected,"This compiler Logic Functional Language (DeepML) example teaches tabling. It preserves the corpus-derived source → AST → typed/policy-verified semantic record → R12 → MCRT trace and uses deterministic IDs, hashes, provenance, and no-network safety. The example is intentionally invalid and must be rejected at semantic validation."
DMLL-SEMANTIC_VALIDATION-07785,EX-DMLL-07785,deforestation,compiler_optimization,semantic_validation,fail_as_expected,"This compiler Logic Functional Language (DeepML) example teaches deforestation. It preserves the corpus-derived source → AST → typed/policy-verified semantic record → R12 → MCRT trace and uses deterministic IDs, hashes, provenance, and no-network safety. The example is intentionally invalid and must be rejected at semantic validation."
DMLL-SEMANTIC_VALIDATION-07788,EX-DMLL-07788,tabling,compiler_optimization,semantic_validation,fail_as_expected,"This compiler Logic Functional Language (DeepML) example teaches tabling. It preserves the corpus-derived source → AST → typed/policy-verified semantic record → R12 → MCRT trace and uses deterministic IDs, hashes, provenance, and no-network safety. The example is intentionally invalid and must be rejected at semantic validation."
DMLL-SEMANTIC_VALIDATION-07796,EX-DMLL-07796,tabling,compiler_optimization,semantic_validation,fail_as_expected,"This compiler Logic Functional Language (DeepML) example teaches tabling. It preserves the corpus-derived source → AST → typed/policy-verified semantic record → R12 → MCRT trace and uses deterministic IDs, hashes, provenance, and no-network safety. The example is intentionally invalid and must be rejected at semantic validation."
DMLL-SEMANTIC_VALIDATION-07799,EX-DMLL-07799,beta_reduction,compiler_optimization,semantic_validation,fail_as_expected,"This compiler Logic Functional Language (DeepML) example teaches beta reduction. It preserves the corpus-derived source → AST → typed/policy-verified semantic record → R12 → MCRT trace and uses deterministic IDs, hashes, provenance, and no-network safety. The example is intentionally invalid and must be rejected at semantic validation."
DMLL-SEMANTIC_VALIDATION-07804,EX-DMLL-07804,tabling,compiler_optimization,semantic_validation,fail_as_expected,"This compiler Logic Functional Language (DeepML) example teaches tabling. It preserves the corpus-derived source → AST → typed/policy-verified semantic record → R12 → MCRT trace and uses deterministic IDs, hashes, provenance, and no-network safety. The example is intentionally invalid and must be rejected at semantic validation."
DMLL-SEMANTIC_VALIDATION-07807,EX-DMLL-07807,beta_reduction,compiler_optimization,semantic_validation,fail_as_expected,"This compiler Logic Functional Language (DeepML) example teaches beta reduction. It preserves the corpus-derived source → AST → typed/policy-verified semantic record → R12 → MCRT trace and uses deterministic IDs, hashes, provenance, and no-network safety. The example is intentionally invalid and must be rejected at semantic validation."
DMLL-SEMANTIC_VALIDATION-07815,EX-DMLL-07815,beta_reduction,compiler_optimization,semantic_validation,fail_as_expected,"This compiler Logic Functional Language (DeepML) example teaches beta reduction. It preserves the corpus-derived source → AST → typed/policy-verified semantic record → R12 → MCRT trace and uses deterministic IDs, hashes, provenance, and no-network safety. The example is intentionally invalid and must be rejected at semantic validation."
DMLL-SEMANTIC_VALIDATION-07823,EX-DMLL-07823,beta_reduction,compiler_optimization,semantic_validation,fail_as_expected,"This compiler Logic Functional Language (DeepML) example teaches beta reduction. It preserves the corpus-derived source → AST → typed/policy-verified semantic record → R12 → MCRT trace and uses deterministic IDs, hashes, provenance, and no-network safety. The example is intentionally invalid and must be rejected at semantic validation."
DMLL-SEMANTIC_VALIDATION-07826,EX-DMLL-07826,rule_indexing,compiler_optimization,semantic_validation,fail_as_expected,"This compiler Logic Functional Language (DeepML) example teaches rule indexing. It preserves the corpus-derived source → AST → typed/policy-verified semantic record → R12 → MCRT trace and uses deterministic IDs, hashes, provenance, and no-network safety. The example is intentionally invalid and must be rejected at semantic validation."
DMLL-SEMANTIC_VALIDATION-07831,EX-DMLL-07831,beta_reduction,compiler_optimization,semantic_validation,fail_as_expected,"This compiler Logic Functional Language (DeepML) example teaches beta reduction. It preserves the corpus-derived source → AST → typed/policy-verified semantic record → R12 → MCRT trace and uses deterministic IDs, hashes, provenance, and no-network safety. The example is intentionally invalid and must be rejected at semantic validation."
DMLL-SEMANTIC_VALIDATION-07834,EX-DMLL-07834,rule_indexing,compiler_optimization,semantic_validation,fail_as_expected,"This compiler Logic Functional Language (DeepML) example teaches rule indexing. It preserves the corpus-derived source → AST → typed/policy-verified semantic record → R12 → MCRT trace and uses deterministic IDs, hashes, provenance, and no-network safety. The example is intentionally invalid and must be rejected at semantic validation."
DMLL-SEMANTIC_VALIDATION-07842,EX-DMLL-07842,rule_indexing,compiler_optimization,semantic_validation,fail_as_expected,"This compiler Logic Functional Language (DeepML) example teaches rule indexing. It preserves the corpus-derived source → AST → typed/policy-verified semantic record → R12 → MCRT trace and uses deterministic IDs, hashes, provenance, and no-network safety. The example is intentionally invalid and must be rejected at semantic validation."
DMLL-SEMANTIC_VALIDATION-07850,EX-DMLL-07850,rule_indexing,compiler_optimization,semantic_validation,fail_as_expected,"This compiler Logic Functional Language (DeepML) example teaches rule indexing. It preserves the corpus-derived source → AST → typed/policy-verified semantic record → R12 → MCRT trace and uses deterministic IDs, hashes, provenance, and no-network safety. The example is intentionally invalid and must be rejected at semantic validation."
DMLL-SEMANTIC_VALIDATION-07853,EX-DMLL-07853,proof_normalization,compiler_optimization,semantic_validation,fail_as_expected,"This compiler Logic Functional Language (DeepML) example teaches proof normalization. It preserves the corpus-derived source → AST → typed/policy-verified semantic record → R12 → MCRT trace and uses deterministic IDs, hashes, provenance, and no-network safety. The example is intentionally invalid and must be rejected at semantic validation."
DMLL-SEMANTIC_VALIDATION-07858,EX-DMLL-07858,rule_indexing,compiler_optimization,semantic_validation,fail_as_expected,"This compiler Logic Functional Language (DeepML) example teaches rule indexing. It preserves the corpus-derived source → AST → typed/policy-verified semantic record → R12 → MCRT trace and uses deterministic IDs, hashes, provenance, and no-network safety. The example is intentionally invalid and must be rejected at semantic validation."
DMLL-SEMANTIC_VALIDATION-07861,EX-DMLL-07861,proof_normalization,compiler_optimization,semantic_validation,fail_as_expected,"This compiler Logic Functional Language (DeepML) example teaches proof normalization. It preserves the corpus-derived source → AST → typed/policy-verified semantic record → R12 → MCRT trace and uses deterministic IDs, hashes, provenance, and no-network safety. The example is intentionally invalid and must be rejected at semantic validation."
DMLL-SEMANTIC_VALIDATION-07869,EX-DMLL-07869,proof_normalization,compiler_optimization,semantic_validation,fail_as_expected,"This compiler Logic Functional Language (DeepML) example teaches proof normalization. It preserves the corpus-derived source → AST → typed/policy-verified semantic record → R12 → MCRT trace and uses deterministic IDs, hashes, provenance, and no-network safety. The example is intentionally invalid and must be rejected at semantic validation."
DMLL-SEMANTIC_VALIDATION-07872,EX-DMLL-07872,tail_call,compiler_optimization,semantic_validation,fail_as_expected,"This compiler Logic Functional Language (DeepML) example teaches tail call. It preserves the corpus-derived source → AST → typed/policy-verified semantic record → R12 → MCRT trace and uses deterministic IDs, hashes, provenance, and no-network safety. The example is intentionally invalid and must be rejected at semantic validation."
DMLL-SEMANTIC_VALIDATION-07877,EX-DMLL-07877,proof_normalization,compiler_optimization,semantic_validation,fail_as_expected,"This compiler Logic Functional Language (DeepML) example teaches proof normalization. It preserves the corpus-derived source → AST → typed/policy-verified semantic record → R12 → MCRT trace and uses deterministic IDs, hashes, provenance, and no-network safety. The example is intentionally invalid and must be rejected at semantic validation."
DMLL-SEMANTIC_VALIDATION-07880,EX-DMLL-07880,tail_call,compiler_optimization,semantic_validation,fail_as_expected,"This compiler Logic Functional Language (DeepML) example teaches tail call. It preserves the corpus-derived source → AST → typed/policy-verified semantic record → R12 → MCRT trace and uses deterministic IDs, hashes, provenance, and no-network safety. The example is intentionally invalid and must be rejected at semantic validation."
DMLL-SEMANTIC_VALIDATION-07885,EX-DMLL-07885,proof_normalization,compiler_optimization,semantic_validation,fail_as_expected,"This compiler Logic Functional Language (DeepML) example teaches proof normalization. It preserves the corpus-derived source → AST → typed/policy-verified semantic record → R12 → MCRT trace and uses deterministic IDs, hashes, provenance, and no-network safety. The example is intentionally invalid and must be rejected at semantic validation."
DMLL-SEMANTIC_VALIDATION-07888,EX-DMLL-07888,tail_call,compiler_optimization,semantic_validation,fail_as_expected,"This compiler Logic Functional Language (DeepML) example teaches tail call. It preserves the corpus-derived source → AST → typed/policy-verified semantic record → R12 → MCRT trace and uses deterministic IDs, hashes, provenance, and no-network safety. The example is intentionally invalid and must be rejected at semantic validation."
DMLL-SEMANTIC_VALIDATION-07896,EX-DMLL-07896,tail_call,compiler_optimization,semantic_validation,fail_as_expected,"This compiler Logic Functional Language (DeepML) example teaches tail call. It preserves the corpus-derived source → AST → typed/policy-verified semantic record → R12 → MCRT trace and uses deterministic IDs, hashes, provenance, and no-network safety. The example is intentionally invalid and must be rejected at semantic validation."
DMLL-SEMANTIC_VALIDATION-07899,EX-DMLL-07899,cse,compiler_optimization,semantic_validation,fail_as_expected,"This compiler Logic Functional Language (DeepML) example teaches cse. It preserves the corpus-derived source → AST → typed/policy-verified semantic record → R12 → MCRT trace and uses deterministic IDs, hashes, provenance, and no-network safety. The example is intentionally invalid and must be rejected at semantic validation."
DMLL-SEMANTIC_VALIDATION-07904,EX-DMLL-07904,tail_call,compiler_optimization,semantic_validation,fail_as_expected,"This compiler Logic Functional Language (DeepML) example teaches tail call. It preserves the corpus-derived source → AST → typed/policy-verified semantic record → R12 → MCRT trace and uses deterministic IDs, hashes, provenance, and no-network safety. The example is intentionally invalid and must be rejected at semantic validation."
DMLL-SEMANTIC_VALIDATION-07907,EX-DMLL-07907,cse,compiler_optimization,semantic_validation,fail_as_expected,"This compiler Logic Functional Language (DeepML) example teaches cse. It preserves the corpus-derived source → AST → typed/policy-verified semantic record → R12 → MCRT trace and uses deterministic IDs, hashes, provenance, and no-network safety. The example is intentionally invalid and must be rejected at semantic validation."
DMLL-SEMANTIC_VALIDATION-07915,EX-DMLL-07915,cse,compiler_optimization,semantic_validation,fail_as_expected,"This compiler Logic Functional Language (DeepML) example teaches cse. It preserves the corpus-derived source → AST → typed/policy-verified semantic record → R12 → MCRT trace and uses deterministic IDs, hashes, provenance, and no-network safety. The example is intentionally invalid and must be rejected at semantic validation."
DMLL-SEMANTIC_VALIDATION-07923,EX-DMLL-07923,cse,compiler_optimization,semantic_validation,fail_as_expected,"This compiler Logic Functional Language (DeepML) example teaches cse. It preserves the corpus-derived source → AST → typed/policy-verified semantic record → R12 → MCRT trace and uses deterministic IDs, hashes, provenance, and no-network safety. The example is intentionally invalid and must be rejected at semantic validation."
DMLL-SEMANTIC_VALIDATION-07926,EX-DMLL-07926,r12_mcrt_lowering,compiler_optimization,semantic_validation,fail_as_expected,"This compiler Logic Functional Language (DeepML) example teaches r12 mcrt lowering. It preserves the corpus-derived source → AST → typed/policy-verified semantic record → R12 → MCRT trace and uses deterministic IDs, hashes, provenance, and no-network safety. The example is intentionally invalid and must be rejected at semantic validation."
DMLL-SEMANTIC_VALIDATION-07931,EX-DMLL-07931,cse,compiler_optimization,semantic_validation,fail_as_expected,"This compiler Logic Functional Language (DeepML) example teaches cse. It preserves the corpus-derived source → AST → typed/policy-verified semantic record → R12 → MCRT trace and uses deterministic IDs, hashes, provenance, and no-network safety. The example is intentionally invalid and must be rejected at semantic validation."
DMLL-SEMANTIC_VALIDATION-07934,EX-DMLL-07934,r12_mcrt_lowering,compiler_optimization,semantic_validation,fail_as_expected,"This compiler Logic Functional Language (DeepML) example teaches r12 mcrt lowering. It preserves the corpus-derived source → AST → typed/policy-verified semantic record → R12 → MCRT trace and uses deterministic IDs, hashes, provenance, and no-network safety. The example is intentionally invalid and must be rejected at semantic validation."
DMLL-SEMANTIC_VALIDATION-07942,EX-DMLL-07942,r12_mcrt_lowering,compiler_optimization,semantic_validation,fail_as_expected,"This compiler Logic Functional Language (DeepML) example teaches r12 mcrt lowering. It preserves the corpus-derived source → AST → typed/policy-verified semantic record → R12 → MCRT trace and uses deterministic IDs, hashes, provenance, and no-network safety. The example is intentionally invalid and must be rejected at semantic validation."
DMLL-SEMANTIC_VALIDATION-07950,EX-DMLL-07950,r12_mcrt_lowering,compiler_optimization,semantic_validation,fail_as_expected,"This compiler Logic Functional Language (DeepML) example teaches r12 mcrt lowering. It preserves the corpus-derived source → AST → typed/policy-verified semantic record → R12 → MCRT trace and uses deterministic IDs, hashes, provenance, and no-network safety. The example is intentionally invalid and must be rejected at semantic validation."
DMLL-SEMANTIC_VALIDATION-07953,EX-DMLL-07953,deforestation,compiler_optimization,semantic_validation,fail_as_expected,"This compiler Logic Functional Language (DeepML) example teaches deforestation. It preserves the corpus-derived source → AST → typed/policy-verified semantic record → R12 → MCRT trace and uses deterministic IDs, hashes, provenance, and no-network safety. The example is intentionally invalid and must be rejected at semantic validation."
DMLL-SEMANTIC_VALIDATION-07958,EX-DMLL-07958,r12_mcrt_lowering,compiler_optimization,semantic_validation,fail_as_expected,"This compiler Logic Functional Language (DeepML) example teaches r12 mcrt lowering. It preserves the corpus-derived source → AST → typed/policy-verified semantic record → R12 → MCRT trace and uses deterministic IDs, hashes, provenance, and no-network safety. The example is intentionally invalid and must be rejected at semantic validation."
DMLL-SEMANTIC_VALIDATION-07961,EX-DMLL-07961,deforestation,compiler_optimization,semantic_validation,fail_as_expected,"This compiler Logic Functional Language (DeepML) example teaches deforestation. It preserves the corpus-derived source → AST → typed/policy-verified semantic record → R12 → MCRT trace and uses deterministic IDs, hashes, provenance, and no-network safety. The example is intentionally invalid and must be rejected at semantic validation."
DMLL-SEMANTIC_VALIDATION-07969,EX-DMLL-07969,deforestation,compiler_optimization,semantic_validation,fail_as_expected,"This compiler Logic Functional Language (DeepML) example teaches deforestation. It preserves the corpus-derived source → AST → typed/policy-verified semantic record → R12 → MCRT trace and uses deterministic IDs, hashes, provenance, and no-network safety. The example is intentionally invalid and must be rejected at semantic validation."
DMLL-SEMANTIC_VALIDATION-07972,EX-DMLL-07972,tabling,compiler_optimization,semantic_validation,fail_as_expected,"This compiler Logic Functional Language (DeepML) example teaches tabling. It preserves the corpus-derived source → AST → typed/policy-verified semantic record → R12 → MCRT trace and uses deterministic IDs, hashes, provenance, and no-network safety. The example is intentionally invalid and must be rejected at semantic validation."
DMLL-SEMANTIC_VALIDATION-07977,EX-DMLL-07977,deforestation,compiler_optimization,semantic_validation,fail_as_expected,"This compiler Logic Functional Language (DeepML) example teaches deforestation. It preserves the corpus-derived source → AST → typed/policy-verified semantic record → R12 → MCRT trace and uses deterministic IDs, hashes, provenance, and no-network safety. The example is intentionally invalid and must be rejected at semantic validation."
DMLL-SEMANTIC_VALIDATION-07980,EX-DMLL-07980,tabling,compiler_optimization,semantic_validation,fail_as_expected,"This compiler Logic Functional Language (DeepML) example teaches tabling. It preserves the corpus-derived source → AST → typed/policy-verified semantic record → R12 → MCRT trace and uses deterministic IDs, hashes, provenance, and no-network safety. The example is intentionally invalid and must be rejected at semantic validation."
DMLL-SEMANTIC_VALIDATION-07985,EX-DMLL-07985,deforestation,compiler_optimization,semantic_validation,fail_as_expected,"This compiler Logic Functional Language (DeepML) example teaches deforestation. It preserves the corpus-derived source → AST → typed/policy-verified semantic record → R12 → MCRT trace and uses deterministic IDs, hashes, provenance, and no-network safety. The example is intentionally invalid and must be rejected at semantic validation."
DMLL-SEMANTIC_VALIDATION-07988,EX-DMLL-07988,tabling,compiler_optimization,semantic_validation,fail_as_expected,"This compiler Logic Functional Language (DeepML) example teaches tabling. It preserves the corpus-derived source → AST → typed/policy-verified semantic record → R12 → MCRT trace and uses deterministic IDs, hashes, provenance, and no-network safety. The example is intentionally invalid and must be rejected at semantic validation."
DMLL-SEMANTIC_VALIDATION-07996,EX-DMLL-07996,tabling,compiler_optimization,semantic_validation,fail_as_expected,"This compiler Logic Functional Language (DeepML) example teaches tabling. It preserves the corpus-derived source → AST → typed/policy-verified semantic record → R12 → MCRT trace and uses deterministic IDs, hashes, provenance, and no-network safety. The example is intentionally invalid and must be rejected at semantic validation."
DMLL-SEMANTIC_VALIDATION-07999,EX-DMLL-07999,beta_reduction,compiler_optimization,semantic_validation,fail_as_expected,"This compiler Logic Functional Language (DeepML) example teaches beta reduction. It preserves the corpus-derived source → AST → typed/policy-verified semantic record → R12 → MCRT trace and uses deterministic IDs, hashes, provenance, and no-network safety. The example is intentionally invalid and must be rejected at semantic validation."
DMLL-SEMANTIC_VALIDATION-08004,EX-DMLL-08004,tabling,compiler_optimization,semantic_validation,fail_as_expected,"This compiler Logic Functional Language (DeepML) example teaches tabling. It preserves the corpus-derived source → AST → typed/policy-verified semantic record → R12 → MCRT trace and uses deterministic IDs, hashes, provenance, and no-network safety. The example is intentionally invalid and must be rejected at semantic validation."
DMLL-SEMANTIC_VALIDATION-08007,EX-DMLL-08007,beta_reduction,compiler_optimization,semantic_validation,fail_as_expected,"This compiler Logic Functional Language (DeepML) example teaches beta reduction. It preserves the corpus-derived source → AST → typed/policy-verified semantic record → R12 → MCRT trace and uses deterministic IDs, hashes, provenance, and no-network safety. The example is intentionally invalid and must be rejected at semantic validation."
DMLL-SEMANTIC_VALIDATION-08015,EX-DMLL-08015,beta_reduction,compiler_optimization,semantic_validation,fail_as_expected,"This compiler Logic Functional Language (DeepML) example teaches beta reduction. It preserves the corpus-derived source → AST → typed/policy-verified semantic record → R12 → MCRT trace and uses deterministic IDs, hashes, provenance, and no-network safety. The example is intentionally invalid and must be rejected at semantic validation."
DMLL-SEMANTIC_VALIDATION-08023,EX-DMLL-08023,beta_reduction,compiler_optimization,semantic_validation,fail_as_expected,"This compiler Logic Functional Language (DeepML) example teaches beta reduction. It preserves the corpus-derived source → AST → typed/policy-verified semantic record → R12 → MCRT trace and uses deterministic IDs, hashes, provenance, and no-network safety. The example is intentionally invalid and must be rejected at semantic validation."
DMLL-SEMANTIC_VALIDATION-08026,EX-DMLL-08026,rule_indexing,compiler_optimization,semantic_validation,fail_as_expected,"This compiler Logic Functional Language (DeepML) example teaches rule indexing. It preserves the corpus-derived source → AST → typed/policy-verified semantic record → R12 → MCRT trace and uses deterministic IDs, hashes, provenance, and no-network safety. The example is intentionally invalid and must be rejected at semantic validation."
DMLL-SEMANTIC_VALIDATION-08031,EX-DMLL-08031,beta_reduction,compiler_optimization,semantic_validation,fail_as_expected,"This compiler Logic Functional Language (DeepML) example teaches beta reduction. It preserves the corpus-derived source → AST → typed/policy-verified semantic record → R12 → MCRT trace and uses deterministic IDs, hashes, provenance, and no-network safety. The example is intentionally invalid and must be rejected at semantic validation."
DMLL-SEMANTIC_VALIDATION-08034,EX-DMLL-08034,rule_indexing,compiler_optimization,semantic_validation,fail_as_expected,"This compiler Logic Functional Language (DeepML) example teaches rule indexing. It preserves the corpus-derived source → AST → typed/policy-verified semantic record → R12 → MCRT trace and uses deterministic IDs, hashes, provenance, and no-network safety. The example is intentionally invalid and must be rejected at semantic validation."
DMLL-SEMANTIC_VALIDATION-08042,EX-DMLL-08042,rule_indexing,compiler_optimization,semantic_validation,fail_as_expected,"This compiler Logic Functional Language (DeepML) example teaches rule indexing. It preserves the corpus-derived source → AST → typed/policy-verified semantic record → R12 → MCRT trace and uses deterministic IDs, hashes, provenance, and no-network safety. The example is intentionally invalid and must be rejected at semantic validation."
DMLL-SEMANTIC_VALIDATION-08050,EX-DMLL-08050,rule_indexing,compiler_optimization,semantic_validation,fail_as_expected,"This compiler Logic Functional Language (DeepML) example teaches rule indexing. It preserves the corpus-derived source → AST → typed/policy-verified semantic record → R12 → MCRT trace and uses deterministic IDs, hashes, provenance, and no-network safety. The example is intentionally invalid and must be rejected at semantic validation."
DMLL-SEMANTIC_VALIDATION-08053,EX-DMLL-08053,proof_normalization,compiler_optimization,semantic_validation,fail_as_expected,"This compiler Logic Functional Language (DeepML) example teaches proof normalization. It preserves the corpus-derived source → AST → typed/policy-verified semantic record → R12 → MCRT trace and uses deterministic IDs, hashes, provenance, and no-network safety. The example is intentionally invalid and must be rejected at semantic validation."
DMLL-SEMANTIC_VALIDATION-08058,EX-DMLL-08058,rule_indexing,compiler_optimization,semantic_validation,fail_as_expected,"This compiler Logic Functional Language (DeepML) example teaches rule indexing. It preserves the corpus-derived source → AST → typed/policy-verified semantic record → R12 → MCRT trace and uses deterministic IDs, hashes, provenance, and no-network safety. The example is intentionally invalid and must be rejected at semantic validation."
DMLL-SEMANTIC_VALIDATION-08061,EX-DMLL-08061,proof_normalization,compiler_optimization,semantic_validation,fail_as_expected,"This compiler Logic Functional Language (DeepML) example teaches proof normalization. It preserves the corpus-derived source → AST → typed/policy-verified semantic record → R12 → MCRT trace and uses deterministic IDs, hashes, provenance, and no-network safety. The example is intentionally invalid and must be rejected at semantic validation."
DMLL-SEMANTIC_VALIDATION-08069,EX-DMLL-08069,proof_normalization,compiler_optimization,semantic_validation,fail_as_expected,"This compiler Logic Functional Language (DeepML) example teaches proof normalization. It preserves the corpus-derived source → AST → typed/policy-verified semantic record → R12 → MCRT trace and uses deterministic IDs, hashes, provenance, and no-network safety. The example is intentionally invalid and must be rejected at semantic validation."
DMLL-SEMANTIC_VALIDATION-08072,EX-DMLL-08072,tail_call,compiler_optimization,semantic_validation,fail_as_expected,"This compiler Logic Functional Language (DeepML) example teaches tail call. It preserves the corpus-derived source → AST → typed/policy-verified semantic record → R12 → MCRT trace and uses deterministic IDs, hashes, provenance, and no-network safety. The example is intentionally invalid and must be rejected at semantic validation."
DMLL-SEMANTIC_VALIDATION-08077,EX-DMLL-08077,proof_normalization,compiler_optimization,semantic_validation,fail_as_expected,"This compiler Logic Functional Language (DeepML) example teaches proof normalization. It preserves the corpus-derived source → AST → typed/policy-verified semantic record → R12 → MCRT trace and uses deterministic IDs, hashes, provenance, and no-network safety. The example is intentionally invalid and must be rejected at semantic validation."
DMLL-SEMANTIC_VALIDATION-08080,EX-DMLL-08080,tail_call,compiler_optimization,semantic_validation,fail_as_expected,"This compiler Logic Functional Language (DeepML) example teaches tail call. It preserves the corpus-derived source → AST → typed/policy-verified semantic record → R12 → MCRT trace and uses deterministic IDs, hashes, provenance, and no-network safety. The example is intentionally invalid and must be rejected at semantic validation."
DMLL-SEMANTIC_VALIDATION-08085,EX-DMLL-08085,proof_normalization,compiler_optimization,semantic_validation,fail_as_expected,"This compiler Logic Functional Language (DeepML) example teaches proof normalization. It preserves the corpus-derived source → AST → typed/policy-verified semantic record → R12 → MCRT trace and uses deterministic IDs, hashes, provenance, and no-network safety. The example is intentionally invalid and must be rejected at semantic validation."
DMLL-SEMANTIC_VALIDATION-08088,EX-DMLL-08088,tail_call,compiler_optimization,semantic_validation,fail_as_expected,"This compiler Logic Functional Language (DeepML) example teaches tail call. It preserves the corpus-derived source → AST → typed/policy-verified semantic record → R12 → MCRT trace and uses deterministic IDs, hashes, provenance, and no-network safety. The example is intentionally invalid and must be rejected at semantic validation."
DMLL-SEMANTIC_VALIDATION-08096,EX-DMLL-08096,tail_call,compiler_optimization,semantic_validation,fail_as_expected,"This compiler Logic Functional Language (DeepML) example teaches tail call. It preserves the corpus-derived source → AST → typed/policy-verified semantic record → R12 → MCRT trace and uses deterministic IDs, hashes, provenance, and no-network safety. The example is intentionally invalid and must be rejected at semantic validation."
DMLL-SEMANTIC_VALIDATION-08099,EX-DMLL-08099,cse,compiler_optimization,semantic_validation,fail_as_expected,"This compiler Logic Functional Language (DeepML) example teaches cse. It preserves the corpus-derived source → AST → typed/policy-verified semantic record → R12 → MCRT trace and uses deterministic IDs, hashes, provenance, and no-network safety. The example is intentionally invalid and must be rejected at semantic validation."
DMLL-SEMANTIC_VALIDATION-08104,EX-DMLL-08104,tail_call,compiler_optimization,semantic_validation,fail_as_expected,"This compiler Logic Functional Language (DeepML) example teaches tail call. It preserves the corpus-derived source → AST → typed/policy-verified semantic record → R12 → MCRT trace and uses deterministic IDs, hashes, provenance, and no-network safety. The example is intentionally invalid and must be rejected at semantic validation."
DMLL-SEMANTIC_VALIDATION-08107,EX-DMLL-08107,cse,compiler_optimization,semantic_validation,fail_as_expected,"This compiler Logic Functional Language (DeepML) example teaches cse. It preserves the corpus-derived source → AST → typed/policy-verified semantic record → R12 → MCRT trace and uses deterministic IDs, hashes, provenance, and no-network safety. The example is intentionally invalid and must be rejected at semantic validation."
DMLL-SEMANTIC_VALIDATION-08115,EX-DMLL-08115,cse,compiler_optimization,semantic_validation,fail_as_expected,"This compiler Logic Functional Language (DeepML) example teaches cse. It preserves the corpus-derived source → AST → typed/policy-verified semantic record → R12 → MCRT trace and uses deterministic IDs, hashes, provenance, and no-network safety. The example is intentionally invalid and must be rejected at semantic validation."
DMLL-SEMANTIC_VALIDATION-08123,EX-DMLL-08123,cse,compiler_optimization,semantic_validation,fail_as_expected,"This compiler Logic Functional Language (DeepML) example teaches cse. It preserves the corpus-derived source → AST → typed/policy-verified semantic record → R12 → MCRT trace and uses deterministic IDs, hashes, provenance, and no-network safety. The example is intentionally invalid and must be rejected at semantic validation."
DMLL-SEMANTIC_VALIDATION-08126,EX-DMLL-08126,r12_mcrt_lowering,compiler_optimization,semantic_validation,fail_as_expected,"This compiler Logic Functional Language (DeepML) example teaches r12 mcrt lowering. It preserves the corpus-derived source → AST → typed/policy-verified semantic record → R12 → MCRT trace and uses deterministic IDs, hashes, provenance, and no-network safety. The example is intentionally invalid and must be rejected at semantic validation."
DMLL-SEMANTIC_VALIDATION-08131,EX-DMLL-08131,cse,compiler_optimization,semantic_validation,fail_as_expected,"This compiler Logic Functional Language (DeepML) example teaches cse. It preserves the corpus-derived source → AST → typed/policy-verified semantic record → R12 → MCRT trace and uses deterministic IDs, hashes, provenance, and no-network safety. The example is intentionally invalid and must be rejected at semantic validation."
DMLL-SEMANTIC_VALIDATION-08134,EX-DMLL-08134,r12_mcrt_lowering,compiler_optimization,semantic_validation,fail_as_expected,"This compiler Logic Functional Language (DeepML) example teaches r12 mcrt lowering. It preserves the corpus-derived source → AST → typed/policy-verified semantic record → R12 → MCRT trace and uses deterministic IDs, hashes, provenance, and no-network safety. The example is intentionally invalid and must be rejected at semantic validation."
DMLL-SEMANTIC_VALIDATION-08142,EX-DMLL-08142,r12_mcrt_lowering,compiler_optimization,semantic_validation,fail_as_expected,"This compiler Logic Functional Language (DeepML) example teaches r12 mcrt lowering. It preserves the corpus-derived source → AST → typed/policy-verified semantic record → R12 → MCRT trace and uses deterministic IDs, hashes, provenance, and no-network safety. The example is intentionally invalid and must be rejected at semantic validation."
DMLL-SEMANTIC_VALIDATION-08150,EX-DMLL-08150,r12_mcrt_lowering,compiler_optimization,semantic_validation,fail_as_expected,"This compiler Logic Functional Language (DeepML) example teaches r12 mcrt lowering. It preserves the corpus-derived source → AST → typed/policy-verified semantic record → R12 → MCRT trace and uses deterministic IDs, hashes, provenance, and no-network safety. The example is intentionally invalid and must be rejected at semantic validation."
DMLL-SEMANTIC_VALIDATION-08153,EX-DMLL-08153,deforestation,compiler_optimization,semantic_validation,fail_as_expected,"This compiler Logic Functional Language (DeepML) example teaches deforestation. It preserves the corpus-derived source → AST → typed/policy-verified semantic record → R12 → MCRT trace and uses deterministic IDs, hashes, provenance, and no-network safety. The example is intentionally invalid and must be rejected at semantic validation."
DMLL-SEMANTIC_VALIDATION-08158,EX-DMLL-08158,r12_mcrt_lowering,compiler_optimization,semantic_validation,fail_as_expected,"This compiler Logic Functional Language (DeepML) example teaches r12 mcrt lowering. It preserves the corpus-derived source → AST → typed/policy-verified semantic record → R12 → MCRT trace and uses deterministic IDs, hashes, provenance, and no-network safety. The example is intentionally invalid and must be rejected at semantic validation."
DMLL-SEMANTIC_VALIDATION-08161,EX-DMLL-08161,deforestation,compiler_optimization,semantic_validation,fail_as_expected,"This compiler Logic Functional Language (DeepML) example teaches deforestation. It preserves the corpus-derived source → AST → typed/policy-verified semantic record → R12 → MCRT trace and uses deterministic IDs, hashes, provenance, and no-network safety. The example is intentionally invalid and must be rejected at semantic validation."
DMLL-SEMANTIC_VALIDATION-08169,EX-DMLL-08169,deforestation,compiler_optimization,semantic_validation,fail_as_expected,"This compiler Logic Functional Language (DeepML) example teaches deforestation. It preserves the corpus-derived source → AST → typed/policy-verified semantic record → R12 → MCRT trace and uses deterministic IDs, hashes, provenance, and no-network safety. The example is intentionally invalid and must be rejected at semantic validation."
DMLL-SEMANTIC_VALIDATION-08172,EX-DMLL-08172,tabling,compiler_optimization,semantic_validation,fail_as_expected,"This compiler Logic Functional Language (DeepML) example teaches tabling. It preserves the corpus-derived source → AST → typed/policy-verified semantic record → R12 → MCRT trace and uses deterministic IDs, hashes, provenance, and no-network safety. The example is intentionally invalid and must be rejected at semantic validation."
DMLL-SEMANTIC_VALIDATION-08177,EX-DMLL-08177,deforestation,compiler_optimization,semantic_validation,fail_as_expected,"This compiler Logic Functional Language (DeepML) example teaches deforestation. It preserves the corpus-derived source → AST → typed/policy-verified semantic record → R12 → MCRT trace and uses deterministic IDs, hashes, provenance, and no-network safety. The example is intentionally invalid and must be rejected at semantic validation."
DMLL-SEMANTIC_VALIDATION-08180,EX-DMLL-08180,tabling,compiler_optimization,semantic_validation,fail_as_expected,"This compiler Logic Functional Language (DeepML) example teaches tabling. It preserves the corpus-derived source → AST → typed/policy-verified semantic record → R12 → MCRT trace and uses deterministic IDs, hashes, provenance, and no-network safety. The example is intentionally invalid and must be rejected at semantic validation."
DMLL-SEMANTIC_VALIDATION-08185,EX-DMLL-08185,deforestation,compiler_optimization,semantic_validation,fail_as_expected,"This compiler Logic Functional Language (DeepML) example teaches deforestation. It preserves the corpus-derived source → AST → typed/policy-verified semantic record → R12 → MCRT trace and uses deterministic IDs, hashes, provenance, and no-network safety. The example is intentionally invalid and must be rejected at semantic validation."
DMLL-SEMANTIC_VALIDATION-08188,EX-DMLL-08188,tabling,compiler_optimization,semantic_validation,fail_as_expected,"This compiler Logic Functional Language (DeepML) example teaches tabling. It preserves the corpus-derived source → AST → typed/policy-verified semantic record → R12 → MCRT trace and uses deterministic IDs, hashes, provenance, and no-network safety. The example is intentionally invalid and must be rejected at semantic validation."
DMLL-SEMANTIC_VALIDATION-08196,EX-DMLL-08196,tabling,compiler_optimization,semantic_validation,fail_as_expected,"This compiler Logic Functional Language (DeepML) example teaches tabling. It preserves the corpus-derived source → AST → typed/policy-verified semantic record → R12 → MCRT trace and uses deterministic IDs, hashes, provenance, and no-network safety. The example is intentionally invalid and must be rejected at semantic validation."
DMLL-SEMANTIC_VALIDATION-08199,EX-DMLL-08199,beta_reduction,compiler_optimization,semantic_validation,fail_as_expected,"This compiler Logic Functional Language (DeepML) example teaches beta reduction. It preserves the corpus-derived source → AST → typed/policy-verified semantic record → R12 → MCRT trace and uses deterministic IDs, hashes, provenance, and no-network safety. The example is intentionally invalid and must be rejected at semantic validation."
DMLL-SEMANTIC_VALIDATION-08204,EX-DMLL-08204,tabling,compiler_optimization,semantic_validation,fail_as_expected,"This compiler Logic Functional Language (DeepML) example teaches tabling. It preserves the corpus-derived source → AST → typed/policy-verified semantic record → R12 → MCRT trace and uses deterministic IDs, hashes, provenance, and no-network safety. The example is intentionally invalid and must be rejected at semantic validation."
DMLL-SEMANTIC_VALIDATION-08207,EX-DMLL-08207,beta_reduction,compiler_optimization,semantic_validation,fail_as_expected,"This compiler Logic Functional Language (DeepML) example teaches beta reduction. It preserves the corpus-derived source → AST → typed/policy-verified semantic record → R12 → MCRT trace and uses deterministic IDs, hashes, provenance, and no-network safety. The example is intentionally invalid and must be rejected at semantic validation."
DMLL-SEMANTIC_VALIDATION-08215,EX-DMLL-08215,beta_reduction,compiler_optimization,semantic_validation,fail_as_expected,"This compiler Logic Functional Language (DeepML) example teaches beta reduction. It preserves the corpus-derived source → AST → typed/policy-verified semantic record → R12 → MCRT trace and uses deterministic IDs, hashes, provenance, and no-network safety. The example is intentionally invalid and must be rejected at semantic validation."
DMLL-SEMANTIC_VALIDATION-08223,EX-DMLL-08223,beta_reduction,compiler_optimization,semantic_validation,fail_as_expected,"This compiler Logic Functional Language (DeepML) example teaches beta reduction. It preserves the corpus-derived source → AST → typed/policy-verified semantic record → R12 → MCRT trace and uses deterministic IDs, hashes, provenance, and no-network safety. The example is intentionally invalid and must be rejected at semantic validation."
DMLL-SEMANTIC_VALIDATION-08226,EX-DMLL-08226,rule_indexing,compiler_optimization,semantic_validation,fail_as_expected,"This compiler Logic Functional Language (DeepML) example teaches rule indexing. It preserves the corpus-derived source → AST → typed/policy-verified semantic record → R12 → MCRT trace and uses deterministic IDs, hashes, provenance, and no-network safety. The example is intentionally invalid and must be rejected at semantic validation."
DMLL-SEMANTIC_VALIDATION-08231,EX-DMLL-08231,beta_reduction,compiler_optimization,semantic_validation,fail_as_expected,"This compiler Logic Functional Language (DeepML) example teaches beta reduction. It preserves the corpus-derived source → AST → typed/policy-verified semantic record → R12 → MCRT trace and uses deterministic IDs, hashes, provenance, and no-network safety. The example is intentionally invalid and must be rejected at semantic validation."
DMLL-SEMANTIC_VALIDATION-08234,EX-DMLL-08234,rule_indexing,compiler_optimization,semantic_validation,fail_as_expected,"This compiler Logic Functional Language (DeepML) example teaches rule indexing. It preserves the corpus-derived source → AST → typed/policy-verified semantic record → R12 → MCRT trace and uses deterministic IDs, hashes, provenance, and no-network safety. The example is intentionally invalid and must be rejected at semantic validation."
DMLL-SEMANTIC_VALIDATION-08242,EX-DMLL-08242,rule_indexing,compiler_optimization,semantic_validation,fail_as_expected,"This compiler Logic Functional Language (DeepML) example teaches rule indexing. It preserves the corpus-derived source → AST → typed/policy-verified semantic record → R12 → MCRT trace and uses deterministic IDs, hashes, provenance, and no-network safety. The example is intentionally invalid and must be rejected at semantic validation."
DMLL-SEMANTIC_VALIDATION-08250,EX-DMLL-08250,rule_indexing,compiler_optimization,semantic_validation,fail_as_expected,"This compiler Logic Functional Language (DeepML) example teaches rule indexing. It preserves the corpus-derived source → AST → typed/policy-verified semantic record → R12 → MCRT trace and uses deterministic IDs, hashes, provenance, and no-network safety. The example is intentionally invalid and must be rejected at semantic validation."
DMLL-SEMANTIC_VALIDATION-08253,EX-DMLL-08253,proof_normalization,compiler_optimization,semantic_validation,fail_as_expected,"This compiler Logic Functional Language (DeepML) example teaches proof normalization. It preserves the corpus-derived source → AST → typed/policy-verified semantic record → R12 → MCRT trace and uses deterministic IDs, hashes, provenance, and no-network safety. The example is intentionally invalid and must be rejected at semantic validation."
DMLL-SEMANTIC_VALIDATION-08258,EX-DMLL-08258,rule_indexing,compiler_optimization,semantic_validation,fail_as_expected,"This compiler Logic Functional Language (DeepML) example teaches rule indexing. It preserves the corpus-derived source → AST → typed/policy-verified semantic record → R12 → MCRT trace and uses deterministic IDs, hashes, provenance, and no-network safety. The example is intentionally invalid and must be rejected at semantic validation."
DMLL-SEMANTIC_VALIDATION-08261,EX-DMLL-08261,proof_normalization,compiler_optimization,semantic_validation,fail_as_expected,"This compiler Logic Functional Language (DeepML) example teaches proof normalization. It preserves the corpus-derived source → AST → typed/policy-verified semantic record → R12 → MCRT trace and uses deterministic IDs, hashes, provenance, and no-network safety. The example is intentionally invalid and must be rejected at semantic validation."
DMLL-SEMANTIC_VALIDATION-08269,EX-DMLL-08269,proof_normalization,compiler_optimization,semantic_validation,fail_as_expected,"This compiler Logic Functional Language (DeepML) example teaches proof normalization. It preserves the corpus-derived source → AST → typed/policy-verified semantic record → R12 → MCRT trace and uses deterministic IDs, hashes, provenance, and no-network safety. The example is intentionally invalid and must be rejected at semantic validation."
DMLL-SEMANTIC_VALIDATION-08272,EX-DMLL-08272,tail_call,compiler_optimization,semantic_validation,fail_as_expected,"This compiler Logic Functional Language (DeepML) example teaches tail call. It preserves the corpus-derived source → AST → typed/policy-verified semantic record → R12 → MCRT trace and uses deterministic IDs, hashes, provenance, and no-network safety. The example is intentionally invalid and must be rejected at semantic validation."
DMLL-SEMANTIC_VALIDATION-08277,EX-DMLL-08277,proof_normalization,compiler_optimization,semantic_validation,fail_as_expected,"This compiler Logic Functional Language (DeepML) example teaches proof normalization. It preserves the corpus-derived source → AST → typed/policy-verified semantic record → R12 → MCRT trace and uses deterministic IDs, hashes, provenance, and no-network safety. The example is intentionally invalid and must be rejected at semantic validation."
DMLL-SEMANTIC_VALIDATION-08280,EX-DMLL-08280,tail_call,compiler_optimization,semantic_validation,fail_as_expected,"This compiler Logic Functional Language (DeepML) example teaches tail call. It preserves the corpus-derived source → AST → typed/policy-verified semantic record → R12 → MCRT trace and uses deterministic IDs, hashes, provenance, and no-network safety. The example is intentionally invalid and must be rejected at semantic validation."
DMLL-SEMANTIC_VALIDATION-08285,EX-DMLL-08285,proof_normalization,compiler_optimization,semantic_validation,fail_as_expected,"This compiler Logic Functional Language (DeepML) example teaches proof normalization. It preserves the corpus-derived source → AST → typed/policy-verified semantic record → R12 → MCRT trace and uses deterministic IDs, hashes, provenance, and no-network safety. The example is intentionally invalid and must be rejected at semantic validation."
DMLL-SEMANTIC_VALIDATION-08288,EX-DMLL-08288,tail_call,compiler_optimization,semantic_validation,fail_as_expected,"This compiler Logic Functional Language (DeepML) example teaches tail call. It preserves the corpus-derived source → AST → typed/policy-verified semantic record → R12 → MCRT trace and uses deterministic IDs, hashes, provenance, and no-network safety. The example is intentionally invalid and must be rejected at semantic validation."
DMLL-SEMANTIC_VALIDATION-08296,EX-DMLL-08296,tail_call,compiler_optimization,semantic_validation,fail_as_expected,"This compiler Logic Functional Language (DeepML) example teaches tail call. It preserves the corpus-derived source → AST → typed/policy-verified semantic record → R12 → MCRT trace and uses deterministic IDs, hashes, provenance, and no-network safety. The example is intentionally invalid and must be rejected at semantic validation."
DMLL-SEMANTIC_VALIDATION-08299,EX-DMLL-08299,cse,compiler_optimization,semantic_validation,fail_as_expected,"This compiler Logic Functional Language (DeepML) example teaches cse. It preserves the corpus-derived source → AST → typed/policy-verified semantic record → R12 → MCRT trace and uses deterministic IDs, hashes, provenance, and no-network safety. The example is intentionally invalid and must be rejected at semantic validation."
DMLL-SEMANTIC_VALIDATION-08304,EX-DMLL-08304,tail_call,compiler_optimization,semantic_validation,fail_as_expected,"This compiler Logic Functional Language (DeepML) example teaches tail call. It preserves the corpus-derived source → AST → typed/policy-verified semantic record → R12 → MCRT trace and uses deterministic IDs, hashes, provenance, and no-network safety. The example is intentionally invalid and must be rejected at semantic validation."
DMLL-SEMANTIC_VALIDATION-08307,EX-DMLL-08307,cse,compiler_optimization,semantic_validation,fail_as_expected,"This compiler Logic Functional Language (DeepML) example teaches cse. It preserves the corpus-derived source → AST → typed/policy-verified semantic record → R12 → MCRT trace and uses deterministic IDs, hashes, provenance, and no-network safety. The example is intentionally invalid and must be rejected at semantic validation."
DMLL-SEMANTIC_VALIDATION-08315,EX-DMLL-08315,cse,compiler_optimization,semantic_validation,fail_as_expected,"This compiler Logic Functional Language (DeepML) example teaches cse. It preserves the corpus-derived source → AST → typed/policy-verified semantic record → R12 → MCRT trace and uses deterministic IDs, hashes, provenance, and no-network safety. The example is intentionally invalid and must be rejected at semantic validation."
DMLL-SEMANTIC_VALIDATION-08323,EX-DMLL-08323,cse,compiler_optimization,semantic_validation,fail_as_expected,"This compiler Logic Functional Language (DeepML) example teaches cse. It preserves the corpus-derived source → AST → typed/policy-verified semantic record → R12 → MCRT trace and uses deterministic IDs, hashes, provenance, and no-network safety. The example is intentionally invalid and must be rejected at semantic validation."
DMLL-SEMANTIC_VALIDATION-08326,EX-DMLL-08326,r12_mcrt_lowering,compiler_optimization,semantic_validation,fail_as_expected,"This compiler Logic Functional Language (DeepML) example teaches r12 mcrt lowering. It preserves the corpus-derived source → AST → typed/policy-verified semantic record → R12 → MCRT trace and uses deterministic IDs, hashes, provenance, and no-network safety. The example is intentionally invalid and must be rejected at semantic validation."
DMLL-SEMANTIC_VALIDATION-08331,EX-DMLL-08331,cse,compiler_optimization,semantic_validation,fail_as_expected,"This compiler Logic Functional Language (DeepML) example teaches cse. It preserves the corpus-derived source → AST → typed/policy-verified semantic record → R12 → MCRT trace and uses deterministic IDs, hashes, provenance, and no-network safety. The example is intentionally invalid and must be rejected at semantic validation."
DMLL-SEMANTIC_VALIDATION-08334,EX-DMLL-08334,r12_mcrt_lowering,compiler_optimization,semantic_validation,fail_as_expected,"This compiler Logic Functional Language (DeepML) example teaches r12 mcrt lowering. It preserves the corpus-derived source → AST → typed/policy-verified semantic record → R12 → MCRT trace and uses deterministic IDs, hashes, provenance, and no-network safety. The example is intentionally invalid and must be rejected at semantic validation."
DMLL-SEMANTIC_VALIDATION-08342,EX-DMLL-08342,r12_mcrt_lowering,compiler_optimization,semantic_validation,fail_as_expected,"This compiler Logic Functional Language (DeepML) example teaches r12 mcrt lowering. It preserves the corpus-derived source → AST → typed/policy-verified semantic record → R12 → MCRT trace and uses deterministic IDs, hashes, provenance, and no-network safety. The example is intentionally invalid and must be rejected at semantic validation."
DMLL-SEMANTIC_VALIDATION-08350,EX-DMLL-08350,r12_mcrt_lowering,compiler_optimization,semantic_validation,fail_as_expected,"This compiler Logic Functional Language (DeepML) example teaches r12 mcrt lowering. It preserves the corpus-derived source → AST → typed/policy-verified semantic record → R12 → MCRT trace and uses deterministic IDs, hashes, provenance, and no-network safety. The example is intentionally invalid and must be rejected at semantic validation."
DMLL-SEMANTIC_VALIDATION-08353,EX-DMLL-08353,deforestation,compiler_optimization,semantic_validation,fail_as_expected,"This compiler Logic Functional Language (DeepML) example teaches deforestation. It preserves the corpus-derived source → AST → typed/policy-verified semantic record → R12 → MCRT trace and uses deterministic IDs, hashes, provenance, and no-network safety. The example is intentionally invalid and must be rejected at semantic validation."
DMLL-SEMANTIC_VALIDATION-08358,EX-DMLL-08358,r12_mcrt_lowering,compiler_optimization,semantic_validation,fail_as_expected,"This compiler Logic Functional Language (DeepML) example teaches r12 mcrt lowering. It preserves the corpus-derived source → AST → typed/policy-verified semantic record → R12 → MCRT trace and uses deterministic IDs, hashes, provenance, and no-network safety. The example is intentionally invalid and must be rejected at semantic validation."
DMLL-SEMANTIC_VALIDATION-08361,EX-DMLL-08361,deforestation,compiler_optimization,semantic_validation,fail_as_expected,"This compiler Logic Functional Language (DeepML) example teaches deforestation. It preserves the corpus-derived source → AST → typed/policy-verified semantic record → R12 → MCRT trace and uses deterministic IDs, hashes, provenance, and no-network safety. The example is intentionally invalid and must be rejected at semantic validation."
DMLL-SEMANTIC_VALIDATION-08369,EX-DMLL-08369,deforestation,compiler_optimization,semantic_validation,fail_as_expected,"This compiler Logic Functional Language (DeepML) example teaches deforestation. It preserves the corpus-derived source → AST → typed/policy-verified semantic record → R12 → MCRT trace and uses deterministic IDs, hashes, provenance, and no-network safety. The example is intentionally invalid and must be rejected at semantic validation."
DMLL-SEMANTIC_VALIDATION-08372,EX-DMLL-08372,tabling,compiler_optimization,semantic_validation,fail_as_expected,"This compiler Logic Functional Language (DeepML) example teaches tabling. It preserves the corpus-derived source → AST → typed/policy-verified semantic record → R12 → MCRT trace and uses deterministic IDs, hashes, provenance, and no-network safety. The example is intentionally invalid and must be rejected at semantic validation."
DMLL-SEMANTIC_VALIDATION-08377,EX-DMLL-08377,deforestation,compiler_optimization,semantic_validation,fail_as_expected,"This compiler Logic Functional Language (DeepML) example teaches deforestation. It preserves the corpus-derived source → AST → typed/policy-verified semantic record → R12 → MCRT trace and uses deterministic IDs, hashes, provenance, and no-network safety. The example is intentionally invalid and must be rejected at semantic validation."
DMLL-SEMANTIC_VALIDATION-08380,EX-DMLL-08380,tabling,compiler_optimization,semantic_validation,fail_as_expected,"This compiler Logic Functional Language (DeepML) example teaches tabling. It preserves the corpus-derived source → AST → typed/policy-verified semantic record → R12 → MCRT trace and uses deterministic IDs, hashes, provenance, and no-network safety. The example is intentionally invalid and must be rejected at semantic validation."
DMLL-SEMANTIC_VALIDATION-08385,EX-DMLL-08385,deforestation,compiler_optimization,semantic_validation,fail_as_expected,"This compiler Logic Functional Language (DeepML) example teaches deforestation. It preserves the corpus-derived source → AST → typed/policy-verified semantic record → R12 → MCRT trace and uses deterministic IDs, hashes, provenance, and no-network safety. The example is intentionally invalid and must be rejected at semantic validation."
DMLL-SEMANTIC_VALIDATION-08388,EX-DMLL-08388,tabling,compiler_optimization,semantic_validation,fail_as_expected,"This compiler Logic Functional Language (DeepML) example teaches tabling. It preserves the corpus-derived source → AST → typed/policy-verified semantic record → R12 → MCRT trace and uses deterministic IDs, hashes, provenance, and no-network safety. The example is intentionally invalid and must be rejected at semantic validation."
DMLL-SEMANTIC_VALIDATION-08396,EX-DMLL-08396,tabling,compiler_optimization,semantic_validation,fail_as_expected,"This compiler Logic Functional Language (DeepML) example teaches tabling. It preserves the corpus-derived source → AST → typed/policy-verified semantic record → R12 → MCRT trace and uses deterministic IDs, hashes, provenance, and no-network safety. The example is intentionally invalid and must be rejected at semantic validation."
DMLL-SEMANTIC_VALIDATION-08399,EX-DMLL-08399,beta_reduction,compiler_optimization,semantic_validation,fail_as_expected,"This compiler Logic Functional Language (DeepML) example teaches beta reduction. It preserves the corpus-derived source → AST → typed/policy-verified semantic record → R12 → MCRT trace and uses deterministic IDs, hashes, provenance, and no-network safety. The example is intentionally invalid and must be rejected at semantic validation."
DMLL-SEMANTIC_VALIDATION-08404,EX-DMLL-08404,tabling,compiler_optimization,semantic_validation,fail_as_expected,"This compiler Logic Functional Language (DeepML) example teaches tabling. It preserves the corpus-derived source → AST → typed/policy-verified semantic record → R12 → MCRT trace and uses deterministic IDs, hashes, provenance, and no-network safety. The example is intentionally invalid and must be rejected at semantic validation."
DMLL-SEMANTIC_VALIDATION-08407,EX-DMLL-08407,beta_reduction,compiler_optimization,semantic_validation,fail_as_expected,"This compiler Logic Functional Language (DeepML) example teaches beta reduction. It preserves the corpus-derived source → AST → typed/policy-verified semantic record → R12 → MCRT trace and uses deterministic IDs, hashes, provenance, and no-network safety. The example is intentionally invalid and must be rejected at semantic validation."
DMLL-SEMANTIC_VALIDATION-08415,EX-DMLL-08415,beta_reduction,compiler_optimization,semantic_validation,fail_as_expected,"This compiler Logic Functional Language (DeepML) example teaches beta reduction. It preserves the corpus-derived source → AST → typed/policy-verified semantic record → R12 → MCRT trace and uses deterministic IDs, hashes, provenance, and no-network safety. The example is intentionally invalid and must be rejected at semantic validation."
DMLL-SEMANTIC_VALIDATION-08423,EX-DMLL-08423,beta_reduction,compiler_optimization,semantic_validation,fail_as_expected,"This compiler Logic Functional Language (DeepML) example teaches beta reduction. It preserves the corpus-derived source → AST → typed/policy-verified semantic record → R12 → MCRT trace and uses deterministic IDs, hashes, provenance, and no-network safety. The example is intentionally invalid and must be rejected at semantic validation."
DMLL-SEMANTIC_VALIDATION-08426,EX-DMLL-08426,rule_indexing,compiler_optimization,semantic_validation,fail_as_expected,"This compiler Logic Functional Language (DeepML) example teaches rule indexing. It preserves the corpus-derived source → AST → typed/policy-verified semantic record → R12 → MCRT trace and uses deterministic IDs, hashes, provenance, and no-network safety. The example is intentionally invalid and must be rejected at semantic validation."
DMLL-SEMANTIC_VALIDATION-08431,EX-DMLL-08431,beta_reduction,compiler_optimization,semantic_validation,fail_as_expected,"This compiler Logic Functional Language (DeepML) example teaches beta reduction. It preserves the corpus-derived source → AST → typed/policy-verified semantic record → R12 → MCRT trace and uses deterministic IDs, hashes, provenance, and no-network safety. The example is intentionally invalid and must be rejected at semantic validation."
DMLL-SEMANTIC_VALIDATION-08434,EX-DMLL-08434,rule_indexing,compiler_optimization,semantic_validation,fail_as_expected,"This compiler Logic Functional Language (DeepML) example teaches rule indexing. It preserves the corpus-derived source → AST → typed/policy-verified semantic record → R12 → MCRT trace and uses deterministic IDs, hashes, provenance, and no-network safety. The example is intentionally invalid and must be rejected at semantic validation."
DMLL-SEMANTIC_VALIDATION-08442,EX-DMLL-08442,rule_indexing,compiler_optimization,semantic_validation,fail_as_expected,"This compiler Logic Functional Language (DeepML) example teaches rule indexing. It preserves the corpus-derived source → AST → typed/policy-verified semantic record → R12 → MCRT trace and uses deterministic IDs, hashes, provenance, and no-network safety. The example is intentionally invalid and must be rejected at semantic validation."
DMLL-SEMANTIC_VALIDATION-08450,EX-DMLL-08450,rule_indexing,compiler_optimization,semantic_validation,fail_as_expected,"This compiler Logic Functional Language (DeepML) example teaches rule indexing. It preserves the corpus-derived source → AST → typed/policy-verified semantic record → R12 → MCRT trace and uses deterministic IDs, hashes, provenance, and no-network safety. The example is intentionally invalid and must be rejected at semantic validation."
DMLL-SEMANTIC_VALIDATION-08453,EX-DMLL-08453,proof_normalization,compiler_optimization,semantic_validation,fail_as_expected,"This compiler Logic Functional Language (DeepML) example teaches proof normalization. It preserves the corpus-derived source → AST → typed/policy-verified semantic record → R12 → MCRT trace and uses deterministic IDs, hashes, provenance, and no-network safety. The example is intentionally invalid and must be rejected at semantic validation."
DMLL-SEMANTIC_VALIDATION-08458,EX-DMLL-08458,rule_indexing,compiler_optimization,semantic_validation,fail_as_expected,"This compiler Logic Functional Language (DeepML) example teaches rule indexing. It preserves the corpus-derived source → AST → typed/policy-verified semantic record → R12 → MCRT trace and uses deterministic IDs, hashes, provenance, and no-network safety. The example is intentionally invalid and must be rejected at semantic validation."
DMLL-SEMANTIC_VALIDATION-08461,EX-DMLL-08461,proof_normalization,compiler_optimization,semantic_validation,fail_as_expected,"This compiler Logic Functional Language (DeepML) example teaches proof normalization. It preserves the corpus-derived source → AST → typed/policy-verified semantic record → R12 → MCRT trace and uses deterministic IDs, hashes, provenance, and no-network safety. The example is intentionally invalid and must be rejected at semantic validation."
DMLL-SEMANTIC_VALIDATION-08469,EX-DMLL-08469,proof_normalization,compiler_optimization,semantic_validation,fail_as_expected,"This compiler Logic Functional Language (DeepML) example teaches proof normalization. It preserves the corpus-derived source → AST → typed/policy-verified semantic record → R12 → MCRT trace and uses deterministic IDs, hashes, provenance, and no-network safety. The example is intentionally invalid and must be rejected at semantic validation."
DMLL-SEMANTIC_VALIDATION-08472,EX-DMLL-08472,tail_call,compiler_optimization,semantic_validation,fail_as_expected,"This compiler Logic Functional Language (DeepML) example teaches tail call. It preserves the corpus-derived source → AST → typed/policy-verified semantic record → R12 → MCRT trace and uses deterministic IDs, hashes, provenance, and no-network safety. The example is intentionally invalid and must be rejected at semantic validation."
DMLL-SEMANTIC_VALIDATION-08477,EX-DMLL-08477,proof_normalization,compiler_optimization,semantic_validation,fail_as_expected,"This compiler Logic Functional Language (DeepML) example teaches proof normalization. It preserves the corpus-derived source → AST → typed/policy-verified semantic record → R12 → MCRT trace and uses deterministic IDs, hashes, provenance, and no-network safety. The example is intentionally invalid and must be rejected at semantic validation."
DMLL-SEMANTIC_VALIDATION-08480,EX-DMLL-08480,tail_call,compiler_optimization,semantic_validation,fail_as_expected,"This compiler Logic Functional Language (DeepML) example teaches tail call. It preserves the corpus-derived source → AST → typed/policy-verified semantic record → R12 → MCRT trace and uses deterministic IDs, hashes, provenance, and no-network safety. The example is intentionally invalid and must be rejected at semantic validation."
DMLL-SEMANTIC_VALIDATION-08485,EX-DMLL-08485,proof_normalization,compiler_optimization,semantic_validation,fail_as_expected,"This compiler Logic Functional Language (DeepML) example teaches proof normalization. It preserves the corpus-derived source → AST → typed/policy-verified semantic record → R12 → MCRT trace and uses deterministic IDs, hashes, provenance, and no-network safety. The example is intentionally invalid and must be rejected at semantic validation."
DMLL-SEMANTIC_VALIDATION-08488,EX-DMLL-08488,tail_call,compiler_optimization,semantic_validation,fail_as_expected,"This compiler Logic Functional Language (DeepML) example teaches tail call. It preserves the corpus-derived source → AST → typed/policy-verified semantic record → R12 → MCRT trace and uses deterministic IDs, hashes, provenance, and no-network safety. The example is intentionally invalid and must be rejected at semantic validation."
DMLL-SEMANTIC_VALIDATION-08496,EX-DMLL-08496,tail_call,compiler_optimization,semantic_validation,fail_as_expected,"This compiler Logic Functional Language (DeepML) example teaches tail call. It preserves the corpus-derived source → AST → typed/policy-verified semantic record → R12 → MCRT trace and uses deterministic IDs, hashes, provenance, and no-network safety. The example is intentionally invalid and must be rejected at semantic validation."
DMLL-SEMANTIC_VALIDATION-08499,EX-DMLL-08499,cse,compiler_optimization,semantic_validation,fail_as_expected,"This compiler Logic Functional Language (DeepML) example teaches cse. It preserves the corpus-derived source → AST → typed/policy-verified semantic record → R12 → MCRT trace and uses deterministic IDs, hashes, provenance, and no-network safety. The example is intentionally invalid and must be rejected at semantic validation."
DMLL-SEMANTIC_VALIDATION-08504,EX-DMLL-08504,tail_call,compiler_optimization,semantic_validation,fail_as_expected,"This compiler Logic Functional Language (DeepML) example teaches tail call. It preserves the corpus-derived source → AST → typed/policy-verified semantic record → R12 → MCRT trace and uses deterministic IDs, hashes, provenance, and no-network safety. The example is intentionally invalid and must be rejected at semantic validation."
DMLL-SEMANTIC_VALIDATION-08507,EX-DMLL-08507,cse,compiler_optimization,semantic_validation,fail_as_expected,"This compiler Logic Functional Language (DeepML) example teaches cse. It preserves the corpus-derived source → AST → typed/policy-verified semantic record → R12 → MCRT trace and uses deterministic IDs, hashes, provenance, and no-network safety. The example is intentionally invalid and must be rejected at semantic validation."
DMLL-SEMANTIC_VALIDATION-08515,EX-DMLL-08515,cse,compiler_optimization,semantic_validation,fail_as_expected,"This compiler Logic Functional Language (DeepML) example teaches cse. It preserves the corpus-derived source → AST → typed/policy-verified semantic record → R12 → MCRT trace and uses deterministic IDs, hashes, provenance, and no-network safety. The example is intentionally invalid and must be rejected at semantic validation."
DMLL-SEMANTIC_VALIDATION-08523,EX-DMLL-08523,cse,compiler_optimization,semantic_validation,fail_as_expected,"This compiler Logic Functional Language (DeepML) example teaches cse. It preserves the corpus-derived source → AST → typed/policy-verified semantic record → R12 → MCRT trace and uses deterministic IDs, hashes, provenance, and no-network safety. The example is intentionally invalid and must be rejected at semantic validation."
DMLL-SEMANTIC_VALIDATION-08526,EX-DMLL-08526,r12_mcrt_lowering,compiler_optimization,semantic_validation,fail_as_expected,"This compiler Logic Functional Language (DeepML) example teaches r12 mcrt lowering. It preserves the corpus-derived source → AST → typed/policy-verified semantic record → R12 → MCRT trace and uses deterministic IDs, hashes, provenance, and no-network safety. The example is intentionally invalid and must be rejected at semantic validation."
DMLL-SEMANTIC_VALIDATION-08531,EX-DMLL-08531,cse,compiler_optimization,semantic_validation,fail_as_expected,"This compiler Logic Functional Language (DeepML) example teaches cse. It preserves the corpus-derived source → AST → typed/policy-verified semantic record → R12 → MCRT trace and uses deterministic IDs, hashes, provenance, and no-network safety. The example is intentionally invalid and must be rejected at semantic validation."
DMLL-SEMANTIC_VALIDATION-08534,EX-DMLL-08534,r12_mcrt_lowering,compiler_optimization,semantic_validation,fail_as_expected,"This compiler Logic Functional Language (DeepML) example teaches r12 mcrt lowering. It preserves the corpus-derived source → AST → typed/policy-verified semantic record → R12 → MCRT trace and uses deterministic IDs, hashes, provenance, and no-network safety. The example is intentionally invalid and must be rejected at semantic validation."
DMLL-SEMANTIC_VALIDATION-08542,EX-DMLL-08542,r12_mcrt_lowering,compiler_optimization,semantic_validation,fail_as_expected,"This compiler Logic Functional Language (DeepML) example teaches r12 mcrt lowering. It preserves the corpus-derived source → AST → typed/policy-verified semantic record → R12 → MCRT trace and uses deterministic IDs, hashes, provenance, and no-network safety. The example is intentionally invalid and must be rejected at semantic validation."
DMLL-SEMANTIC_VALIDATION-08550,EX-DMLL-08550,r12_mcrt_lowering,compiler_optimization,semantic_validation,fail_as_expected,"This compiler Logic Functional Language (DeepML) example teaches r12 mcrt lowering. It preserves the corpus-derived source → AST → typed/policy-verified semantic record → R12 → MCRT trace and uses deterministic IDs, hashes, provenance, and no-network safety. The example is intentionally invalid and must be rejected at semantic validation."
DMLL-SEMANTIC_VALIDATION-08553,EX-DMLL-08553,deforestation,compiler_optimization,semantic_validation,fail_as_expected,"This compiler Logic Functional Language (DeepML) example teaches deforestation. It preserves the corpus-derived source → AST → typed/policy-verified semantic record → R12 → MCRT trace and uses deterministic IDs, hashes, provenance, and no-network safety. The example is intentionally invalid and must be rejected at semantic validation."
DMLL-SEMANTIC_VALIDATION-08558,EX-DMLL-08558,r12_mcrt_lowering,compiler_optimization,semantic_validation,fail_as_expected,"This compiler Logic Functional Language (DeepML) example teaches r12 mcrt lowering. It preserves the corpus-derived source → AST → typed/policy-verified semantic record → R12 → MCRT trace and uses deterministic IDs, hashes, provenance, and no-network safety. The example is intentionally invalid and must be rejected at semantic validation."
DMLL-SEMANTIC_VALIDATION-08561,EX-DMLL-08561,deforestation,compiler_optimization,semantic_validation,fail_as_expected,"This compiler Logic Functional Language (DeepML) example teaches deforestation. It preserves the corpus-derived source → AST → typed/policy-verified semantic record → R12 → MCRT trace and uses deterministic IDs, hashes, provenance, and no-network safety. The example is intentionally invalid and must be rejected at semantic validation."
DMLL-SEMANTIC_VALIDATION-08569,EX-DMLL-08569,deforestation,compiler_optimization,semantic_validation,fail_as_expected,"This compiler Logic Functional Language (DeepML) example teaches deforestation. It preserves the corpus-derived source → AST → typed/policy-verified semantic record → R12 → MCRT trace and uses deterministic IDs, hashes, provenance, and no-network safety. The example is intentionally invalid and must be rejected at semantic validation."
DMLL-SEMANTIC_VALIDATION-08572,EX-DMLL-08572,tabling,compiler_optimization,semantic_validation,fail_as_expected,"This compiler Logic Functional Language (DeepML) example teaches tabling. It preserves the corpus-derived source → AST → typed/policy-verified semantic record → R12 → MCRT trace and uses deterministic IDs, hashes, provenance, and no-network safety. The example is intentionally invalid and must be rejected at semantic validation."
DMLL-SEMANTIC_VALIDATION-08577,EX-DMLL-08577,deforestation,compiler_optimization,semantic_validation,fail_as_expected,"This compiler Logic Functional Language (DeepML) example teaches deforestation. It preserves the corpus-derived source → AST → typed/policy-verified semantic record → R12 → MCRT trace and uses deterministic IDs, hashes, provenance, and no-network safety. The example is intentionally invalid and must be rejected at semantic validation."
DMLL-SEMANTIC_VALIDATION-08580,EX-DMLL-08580,tabling,compiler_optimization,semantic_validation,fail_as_expected,"This compiler Logic Functional Language (DeepML) example teaches tabling. It preserves the corpus-derived source → AST → typed/policy-verified semantic record → R12 → MCRT trace and uses deterministic IDs, hashes, provenance, and no-network safety. The example is intentionally invalid and must be rejected at semantic validation."
DMLL-SEMANTIC_VALIDATION-08585,EX-DMLL-08585,deforestation,compiler_optimization,semantic_validation,fail_as_expected,"This compiler Logic Functional Language (DeepML) example teaches deforestation. It preserves the corpus-derived source → AST → typed/policy-verified semantic record → R12 → MCRT trace and uses deterministic IDs, hashes, provenance, and no-network safety. The example is intentionally invalid and must be rejected at semantic validation."
DMLL-SEMANTIC_VALIDATION-08588,EX-DMLL-08588,tabling,compiler_optimization,semantic_validation,fail_as_expected,"This compiler Logic Functional Language (DeepML) example teaches tabling. It preserves the corpus-derived source → AST → typed/policy-verified semantic record → R12 → MCRT trace and uses deterministic IDs, hashes, provenance, and no-network safety. The example is intentionally invalid and must be rejected at semantic validation."
DMLL-SEMANTIC_VALIDATION-08596,EX-DMLL-08596,tabling,compiler_optimization,semantic_validation,fail_as_expected,"This compiler Logic Functional Language (DeepML) example teaches tabling. It preserves the corpus-derived source → AST → typed/policy-verified semantic record → R12 → MCRT trace and uses deterministic IDs, hashes, provenance, and no-network safety. The example is intentionally invalid and must be rejected at semantic validation."
DMLL-SEMANTIC_VALIDATION-08599,EX-DMLL-08599,beta_reduction,compiler_optimization,semantic_validation,fail_as_expected,"This compiler Logic Functional Language (DeepML) example teaches beta reduction. It preserves the corpus-derived source → AST → typed/policy-verified semantic record → R12 → MCRT trace and uses deterministic IDs, hashes, provenance, and no-network safety. The example is intentionally invalid and must be rejected at semantic validation."
DMLL-SEMANTIC_VALIDATION-08604,EX-DMLL-08604,tabling,compiler_optimization,semantic_validation,fail_as_expected,"This compiler Logic Functional Language (DeepML) example teaches tabling. It preserves the corpus-derived source → AST → typed/policy-verified semantic record → R12 → MCRT trace and uses deterministic IDs, hashes, provenance, and no-network safety. The example is intentionally invalid and must be rejected at semantic validation."
DMLL-SEMANTIC_VALIDATION-08607,EX-DMLL-08607,beta_reduction,compiler_optimization,semantic_validation,fail_as_expected,"This compiler Logic Functional Language (DeepML) example teaches beta reduction. It preserves the corpus-derived source → AST → typed/policy-verified semantic record → R12 → MCRT trace and uses deterministic IDs, hashes, provenance, and no-network safety. The example is intentionally invalid and must be rejected at semantic validation."
DMLL-SEMANTIC_VALIDATION-08615,EX-DMLL-08615,beta_reduction,compiler_optimization,semantic_validation,fail_as_expected,"This compiler Logic Functional Language (DeepML) example teaches beta reduction. It preserves the corpus-derived source → AST → typed/policy-verified semantic record → R12 → MCRT trace and uses deterministic IDs, hashes, provenance, and no-network safety. The example is intentionally invalid and must be rejected at semantic validation."
DMLL-SEMANTIC_VALIDATION-08623,EX-DMLL-08623,beta_reduction,compiler_optimization,semantic_validation,fail_as_expected,"This compiler Logic Functional Language (DeepML) example teaches beta reduction. It preserves the corpus-derived source → AST → typed/policy-verified semantic record → R12 → MCRT trace and uses deterministic IDs, hashes, provenance, and no-network safety. The example is intentionally invalid and must be rejected at semantic validation."
DMLL-SEMANTIC_VALIDATION-08626,EX-DMLL-08626,rule_indexing,compiler_optimization,semantic_validation,fail_as_expected,"This compiler Logic Functional Language (DeepML) example teaches rule indexing. It preserves the corpus-derived source → AST → typed/policy-verified semantic record → R12 → MCRT trace and uses deterministic IDs, hashes, provenance, and no-network safety. The example is intentionally invalid and must be rejected at semantic validation."
DMLL-SEMANTIC_VALIDATION-08631,EX-DMLL-08631,beta_reduction,compiler_optimization,semantic_validation,fail_as_expected,"This compiler Logic Functional Language (DeepML) example teaches beta reduction. It preserves the corpus-derived source → AST → typed/policy-verified semantic record → R12 → MCRT trace and uses deterministic IDs, hashes, provenance, and no-network safety. The example is intentionally invalid and must be rejected at semantic validation."
DMLL-SEMANTIC_VALIDATION-08634,EX-DMLL-08634,rule_indexing,compiler_optimization,semantic_validation,fail_as_expected,"This compiler Logic Functional Language (DeepML) example teaches rule indexing. It preserves the corpus-derived source → AST → typed/policy-verified semantic record → R12 → MCRT trace and uses deterministic IDs, hashes, provenance, and no-network safety. The example is intentionally invalid and must be rejected at semantic validation."
DMLL-SEMANTIC_VALIDATION-08642,EX-DMLL-08642,rule_indexing,compiler_optimization,semantic_validation,fail_as_expected,"This compiler Logic Functional Language (DeepML) example teaches rule indexing. It preserves the corpus-derived source → AST → typed/policy-verified semantic record → R12 → MCRT trace and uses deterministic IDs, hashes, provenance, and no-network safety. The example is intentionally invalid and must be rejected at semantic validation."
DMLL-SEMANTIC_VALIDATION-08650,EX-DMLL-08650,rule_indexing,compiler_optimization,semantic_validation,fail_as_expected,"This compiler Logic Functional Language (DeepML) example teaches rule indexing. It preserves the corpus-derived source → AST → typed/policy-verified semantic record → R12 → MCRT trace and uses deterministic IDs, hashes, provenance, and no-network safety. The example is intentionally invalid and must be rejected at semantic validation."
DMLL-SEMANTIC_VALIDATION-08653,EX-DMLL-08653,proof_normalization,compiler_optimization,semantic_validation,fail_as_expected,"This compiler Logic Functional Language (DeepML) example teaches proof normalization. It preserves the corpus-derived source → AST → typed/policy-verified semantic record → R12 → MCRT trace and uses deterministic IDs, hashes, provenance, and no-network safety. The example is intentionally invalid and must be rejected at semantic validation."
DMLL-SEMANTIC_VALIDATION-08658,EX-DMLL-08658,rule_indexing,compiler_optimization,semantic_validation,fail_as_expected,"This compiler Logic Functional Language (DeepML) example teaches rule indexing. It preserves the corpus-derived source → AST → typed/policy-verified semantic record → R12 → MCRT trace and uses deterministic IDs, hashes, provenance, and no-network safety. The example is intentionally invalid and must be rejected at semantic validation."
DMLL-SEMANTIC_VALIDATION-08661,EX-DMLL-08661,proof_normalization,compiler_optimization,semantic_validation,fail_as_expected,"This compiler Logic Functional Language (DeepML) example teaches proof normalization. It preserves the corpus-derived source → AST → typed/policy-verified semantic record → R12 → MCRT trace and uses deterministic IDs, hashes, provenance, and no-network safety. The example is intentionally invalid and must be rejected at semantic validation."
DMLL-SEMANTIC_VALIDATION-08669,EX-DMLL-08669,proof_normalization,compiler_optimization,semantic_validation,fail_as_expected,"This compiler Logic Functional Language (DeepML) example teaches proof normalization. It preserves the corpus-derived source → AST → typed/policy-verified semantic record → R12 → MCRT trace and uses deterministic IDs, hashes, provenance, and no-network safety. The example is intentionally invalid and must be rejected at semantic validation."
DMLL-SEMANTIC_VALIDATION-08672,EX-DMLL-08672,tail_call,compiler_optimization,semantic_validation,fail_as_expected,"This compiler Logic Functional Language (DeepML) example teaches tail call. It preserves the corpus-derived source → AST → typed/policy-verified semantic record → R12 → MCRT trace and uses deterministic IDs, hashes, provenance, and no-network safety. The example is intentionally invalid and must be rejected at semantic validation."
DMLL-SEMANTIC_VALIDATION-08677,EX-DMLL-08677,proof_normalization,compiler_optimization,semantic_validation,fail_as_expected,"This compiler Logic Functional Language (DeepML) example teaches proof normalization. It preserves the corpus-derived source → AST → typed/policy-verified semantic record → R12 → MCRT trace and uses deterministic IDs, hashes, provenance, and no-network safety. The example is intentionally invalid and must be rejected at semantic validation."
DMLL-SEMANTIC_VALIDATION-08680,EX-DMLL-08680,tail_call,compiler_optimization,semantic_validation,fail_as_expected,"This compiler Logic Functional Language (DeepML) example teaches tail call. It preserves the corpus-derived source → AST → typed/policy-verified semantic record → R12 → MCRT trace and uses deterministic IDs, hashes, provenance, and no-network safety. The example is intentionally invalid and must be rejected at semantic validation."
DMLL-SEMANTIC_VALIDATION-08685,EX-DMLL-08685,proof_normalization,compiler_optimization,semantic_validation,fail_as_expected,"This compiler Logic Functional Language (DeepML) example teaches proof normalization. It preserves the corpus-derived source → AST → typed/policy-verified semantic record → R12 → MCRT trace and uses deterministic IDs, hashes, provenance, and no-network safety. The example is intentionally invalid and must be rejected at semantic validation."
DMLL-SEMANTIC_VALIDATION-08688,EX-DMLL-08688,tail_call,compiler_optimization,semantic_validation,fail_as_expected,"This compiler Logic Functional Language (DeepML) example teaches tail call. It preserves the corpus-derived source → AST → typed/policy-verified semantic record → R12 → MCRT trace and uses deterministic IDs, hashes, provenance, and no-network safety. The example is intentionally invalid and must be rejected at semantic validation."
DMLL-SEMANTIC_VALIDATION-08696,EX-DMLL-08696,tail_call,compiler_optimization,semantic_validation,fail_as_expected,"This compiler Logic Functional Language (DeepML) example teaches tail call. It preserves the corpus-derived source → AST → typed/policy-verified semantic record → R12 → MCRT trace and uses deterministic IDs, hashes, provenance, and no-network safety. The example is intentionally invalid and must be rejected at semantic validation."
DMLL-SEMANTIC_VALIDATION-08699,EX-DMLL-08699,cse,compiler_optimization,semantic_validation,fail_as_expected,"This compiler Logic Functional Language (DeepML) example teaches cse. It preserves the corpus-derived source → AST → typed/policy-verified semantic record → R12 → MCRT trace and uses deterministic IDs, hashes, provenance, and no-network safety. The example is intentionally invalid and must be rejected at semantic validation."
DMLL-SEMANTIC_VALIDATION-08704,EX-DMLL-08704,tail_call,compiler_optimization,semantic_validation,fail_as_expected,"This compiler Logic Functional Language (DeepML) example teaches tail call. It preserves the corpus-derived source → AST → typed/policy-verified semantic record → R12 → MCRT trace and uses deterministic IDs, hashes, provenance, and no-network safety. The example is intentionally invalid and must be rejected at semantic validation."
DMLL-SEMANTIC_VALIDATION-08707,EX-DMLL-08707,cse,compiler_optimization,semantic_validation,fail_as_expected,"This compiler Logic Functional Language (DeepML) example teaches cse. It preserves the corpus-derived source → AST → typed/policy-verified semantic record → R12 → MCRT trace and uses deterministic IDs, hashes, provenance, and no-network safety. The example is intentionally invalid and must be rejected at semantic validation."
DMLL-SEMANTIC_VALIDATION-08715,EX-DMLL-08715,cse,compiler_optimization,semantic_validation,fail_as_expected,"This compiler Logic Functional Language (DeepML) example teaches cse. It preserves the corpus-derived source → AST → typed/policy-verified semantic record → R12 → MCRT trace and uses deterministic IDs, hashes, provenance, and no-network safety. The example is intentionally invalid and must be rejected at semantic validation."
DMLL-SEMANTIC_VALIDATION-08723,EX-DMLL-08723,cse,compiler_optimization,semantic_validation,fail_as_expected,"This compiler Logic Functional Language (DeepML) example teaches cse. It preserves the corpus-derived source → AST → typed/policy-verified semantic record → R12 → MCRT trace and uses deterministic IDs, hashes, provenance, and no-network safety. The example is intentionally invalid and must be rejected at semantic validation."
DMLL-SEMANTIC_VALIDATION-08726,EX-DMLL-08726,r12_mcrt_lowering,compiler_optimization,semantic_validation,fail_as_expected,"This compiler Logic Functional Language (DeepML) example teaches r12 mcrt lowering. It preserves the corpus-derived source → AST → typed/policy-verified semantic record → R12 → MCRT trace and uses deterministic IDs, hashes, provenance, and no-network safety. The example is intentionally invalid and must be rejected at semantic validation."
DMLL-SEMANTIC_VALIDATION-08731,EX-DMLL-08731,cse,compiler_optimization,semantic_validation,fail_as_expected,"This compiler Logic Functional Language (DeepML) example teaches cse. It preserves the corpus-derived source → AST → typed/policy-verified semantic record → R12 → MCRT trace and uses deterministic IDs, hashes, provenance, and no-network safety. The example is intentionally invalid and must be rejected at semantic validation."
DMLL-SEMANTIC_VALIDATION-08734,EX-DMLL-08734,r12_mcrt_lowering,compiler_optimization,semantic_validation,fail_as_expected,"This compiler Logic Functional Language (DeepML) example teaches r12 mcrt lowering. It preserves the corpus-derived source → AST → typed/policy-verified semantic record → R12 → MCRT trace and uses deterministic IDs, hashes, provenance, and no-network safety. The example is intentionally invalid and must be rejected at semantic validation."
DMLL-SEMANTIC_VALIDATION-08742,EX-DMLL-08742,r12_mcrt_lowering,compiler_optimization,semantic_validation,fail_as_expected,"This compiler Logic Functional Language (DeepML) example teaches r12 mcrt lowering. It preserves the corpus-derived source → AST → typed/policy-verified semantic record → R12 → MCRT trace and uses deterministic IDs, hashes, provenance, and no-network safety. The example is intentionally invalid and must be rejected at semantic validation."
DMLL-SEMANTIC_VALIDATION-08750,EX-DMLL-08750,r12_mcrt_lowering,compiler_optimization,semantic_validation,fail_as_expected,"This compiler Logic Functional Language (DeepML) example teaches r12 mcrt lowering. It preserves the corpus-derived source → AST → typed/policy-verified semantic record → R12 → MCRT trace and uses deterministic IDs, hashes, provenance, and no-network safety. The example is intentionally invalid and must be rejected at semantic validation."
DMLL-SEMANTIC_VALIDATION-08753,EX-DMLL-08753,deforestation,compiler_optimization,semantic_validation,fail_as_expected,"This compiler Logic Functional Language (DeepML) example teaches deforestation. It preserves the corpus-derived source → AST → typed/policy-verified semantic record → R12 → MCRT trace and uses deterministic IDs, hashes, provenance, and no-network safety. The example is intentionally invalid and must be rejected at semantic validation."
DMLL-SEMANTIC_VALIDATION-08758,EX-DMLL-08758,r12_mcrt_lowering,compiler_optimization,semantic_validation,fail_as_expected,"This compiler Logic Functional Language (DeepML) example teaches r12 mcrt lowering. It preserves the corpus-derived source → AST → typed/policy-verified semantic record → R12 → MCRT trace and uses deterministic IDs, hashes, provenance, and no-network safety. The example is intentionally invalid and must be rejected at semantic validation."
DMLL-SEMANTIC_VALIDATION-08761,EX-DMLL-08761,deforestation,compiler_optimization,semantic_validation,fail_as_expected,"This compiler Logic Functional Language (DeepML) example teaches deforestation. It preserves the corpus-derived source → AST → typed/policy-verified semantic record → R12 → MCRT trace and uses deterministic IDs, hashes, provenance, and no-network safety. The example is intentionally invalid and must be rejected at semantic validation."
DMLL-SEMANTIC_VALIDATION-08769,EX-DMLL-08769,deforestation,compiler_optimization,semantic_validation,fail_as_expected,"This compiler Logic Functional Language (DeepML) example teaches deforestation. It preserves the corpus-derived source → AST → typed/policy-verified semantic record → R12 → MCRT trace and uses deterministic IDs, hashes, provenance, and no-network safety. The example is intentionally invalid and must be rejected at semantic validation."
DMLL-SEMANTIC_VALIDATION-08772,EX-DMLL-08772,tabling,compiler_optimization,semantic_validation,fail_as_expected,"This compiler Logic Functional Language (DeepML) example teaches tabling. It preserves the corpus-derived source → AST → typed/policy-verified semantic record → R12 → MCRT trace and uses deterministic IDs, hashes, provenance, and no-network safety. The example is intentionally invalid and must be rejected at semantic validation."
DMLL-SEMANTIC_VALIDATION-08777,EX-DMLL-08777,deforestation,compiler_optimization,semantic_validation,fail_as_expected,"This compiler Logic Functional Language (DeepML) example teaches deforestation. It preserves the corpus-derived source → AST → typed/policy-verified semantic record → R12 → MCRT trace and uses deterministic IDs, hashes, provenance, and no-network safety. The example is intentionally invalid and must be rejected at semantic validation."
DMLL-SEMANTIC_VALIDATION-08780,EX-DMLL-08780,tabling,compiler_optimization,semantic_validation,fail_as_expected,"This compiler Logic Functional Language (DeepML) example teaches tabling. It preserves the corpus-derived source → AST → typed/policy-verified semantic record → R12 → MCRT trace and uses deterministic IDs, hashes, provenance, and no-network safety. The example is intentionally invalid and must be rejected at semantic validation."
DMLL-SEMANTIC_VALIDATION-08785,EX-DMLL-08785,deforestation,compiler_optimization,semantic_validation,fail_as_expected,"This compiler Logic Functional Language (DeepML) example teaches deforestation. It preserves the corpus-derived source → AST → typed/policy-verified semantic record → R12 → MCRT trace and uses deterministic IDs, hashes, provenance, and no-network safety. The example is intentionally invalid and must be rejected at semantic validation."
DMLL-SEMANTIC_VALIDATION-08788,EX-DMLL-08788,tabling,compiler_optimization,semantic_validation,fail_as_expected,"This compiler Logic Functional Language (DeepML) example teaches tabling. It preserves the corpus-derived source → AST → typed/policy-verified semantic record → R12 → MCRT trace and uses deterministic IDs, hashes, provenance, and no-network safety. The example is intentionally invalid and must be rejected at semantic validation."
DMLL-SEMANTIC_VALIDATION-08796,EX-DMLL-08796,tabling,compiler_optimization,semantic_validation,fail_as_expected,"This compiler Logic Functional Language (DeepML) example teaches tabling. It preserves the corpus-derived source → AST → typed/policy-verified semantic record → R12 → MCRT trace and uses deterministic IDs, hashes, provenance, and no-network safety. The example is intentionally invalid and must be rejected at semantic validation."
DMLL-SEMANTIC_VALIDATION-08799,EX-DMLL-08799,beta_reduction,compiler_optimization,semantic_validation,fail_as_expected,"This compiler Logic Functional Language (DeepML) example teaches beta reduction. It preserves the corpus-derived source → AST → typed/policy-verified semantic record → R12 → MCRT trace and uses deterministic IDs, hashes, provenance, and no-network safety. The example is intentionally invalid and must be rejected at semantic validation."
DMLL-SEMANTIC_VALIDATION-08804,EX-DMLL-08804,tabling,compiler_optimization,semantic_validation,fail_as_expected,"This compiler Logic Functional Language (DeepML) example teaches tabling. It preserves the corpus-derived source → AST → typed/policy-verified semantic record → R12 → MCRT trace and uses deterministic IDs, hashes, provenance, and no-network safety. The example is intentionally invalid and must be rejected at semantic validation."
DMLL-SEMANTIC_VALIDATION-08807,EX-DMLL-08807,beta_reduction,compiler_optimization,semantic_validation,fail_as_expected,"This compiler Logic Functional Language (DeepML) example teaches beta reduction. It preserves the corpus-derived source → AST → typed/policy-verified semantic record → R12 → MCRT trace and uses deterministic IDs, hashes, provenance, and no-network safety. The example is intentionally invalid and must be rejected at semantic validation."
DMLL-SEMANTIC_VALIDATION-08815,EX-DMLL-08815,beta_reduction,compiler_optimization,semantic_validation,fail_as_expected,"This compiler Logic Functional Language (DeepML) example teaches beta reduction. It preserves the corpus-derived source → AST → typed/policy-verified semantic record → R12 → MCRT trace and uses deterministic IDs, hashes, provenance, and no-network safety. The example is intentionally invalid and must be rejected at semantic validation."
DMLL-SEMANTIC_VALIDATION-08823,EX-DMLL-08823,beta_reduction,compiler_optimization,semantic_validation,fail_as_expected,"This compiler Logic Functional Language (DeepML) example teaches beta reduction. It preserves the corpus-derived source → AST → typed/policy-verified semantic record → R12 → MCRT trace and uses deterministic IDs, hashes, provenance, and no-network safety. The example is intentionally invalid and must be rejected at semantic validation."
DMLL-SEMANTIC_VALIDATION-08826,EX-DMLL-08826,rule_indexing,compiler_optimization,semantic_validation,fail_as_expected,"This compiler Logic Functional Language (DeepML) example teaches rule indexing. It preserves the corpus-derived source → AST → typed/policy-verified semantic record → R12 → MCRT trace and uses deterministic IDs, hashes, provenance, and no-network safety. The example is intentionally invalid and must be rejected at semantic validation."
DMLL-SEMANTIC_VALIDATION-08831,EX-DMLL-08831,beta_reduction,compiler_optimization,semantic_validation,fail_as_expected,"This compiler Logic Functional Language (DeepML) example teaches beta reduction. It preserves the corpus-derived source → AST → typed/policy-verified semantic record → R12 → MCRT trace and uses deterministic IDs, hashes, provenance, and no-network safety. The example is intentionally invalid and must be rejected at semantic validation."
DMLL-SEMANTIC_VALIDATION-08834,EX-DMLL-08834,rule_indexing,compiler_optimization,semantic_validation,fail_as_expected,"This compiler Logic Functional Language (DeepML) example teaches rule indexing. It preserves the corpus-derived source → AST → typed/policy-verified semantic record → R12 → MCRT trace and uses deterministic IDs, hashes, provenance, and no-network safety. The example is intentionally invalid and must be rejected at semantic validation."
DMLL-SEMANTIC_VALIDATION-08842,EX-DMLL-08842,rule_indexing,compiler_optimization,semantic_validation,fail_as_expected,"This compiler Logic Functional Language (DeepML) example teaches rule indexing. It preserves the corpus-derived source → AST → typed/policy-verified semantic record → R12 → MCRT trace and uses deterministic IDs, hashes, provenance, and no-network safety. The example is intentionally invalid and must be rejected at semantic validation."
DMLL-SEMANTIC_VALIDATION-08850,EX-DMLL-08850,rule_indexing,compiler_optimization,semantic_validation,fail_as_expected,"This compiler Logic Functional Language (DeepML) example teaches rule indexing. It preserves the corpus-derived source → AST → typed/policy-verified semantic record → R12 → MCRT trace and uses deterministic IDs, hashes, provenance, and no-network safety. The example is intentionally invalid and must be rejected at semantic validation."
DMLL-SEMANTIC_VALIDATION-08853,EX-DMLL-08853,proof_normalization,compiler_optimization,semantic_validation,fail_as_expected,"This compiler Logic Functional Language (DeepML) example teaches proof normalization. It preserves the corpus-derived source → AST → typed/policy-verified semantic record → R12 → MCRT trace and uses deterministic IDs, hashes, provenance, and no-network safety. The example is intentionally invalid and must be rejected at semantic validation."
DMLL-SEMANTIC_VALIDATION-08858,EX-DMLL-08858,rule_indexing,compiler_optimization,semantic_validation,fail_as_expected,"This compiler Logic Functional Language (DeepML) example teaches rule indexing. It preserves the corpus-derived source → AST → typed/policy-verified semantic record → R12 → MCRT trace and uses deterministic IDs, hashes, provenance, and no-network safety. The example is intentionally invalid and must be rejected at semantic validation."
DMLL-SEMANTIC_VALIDATION-08861,EX-DMLL-08861,proof_normalization,compiler_optimization,semantic_validation,fail_as_expected,"This compiler Logic Functional Language (DeepML) example teaches proof normalization. It preserves the corpus-derived source → AST → typed/policy-verified semantic record → R12 → MCRT trace and uses deterministic IDs, hashes, provenance, and no-network safety. The example is intentionally invalid and must be rejected at semantic validation."
DMLL-SEMANTIC_VALIDATION-08869,EX-DMLL-08869,proof_normalization,compiler_optimization,semantic_validation,fail_as_expected,"This compiler Logic Functional Language (DeepML) example teaches proof normalization. It preserves the corpus-derived source → AST → typed/policy-verified semantic record → R12 → MCRT trace and uses deterministic IDs, hashes, provenance, and no-network safety. The example is intentionally invalid and must be rejected at semantic validation."
DMLL-SEMANTIC_VALIDATION-08872,EX-DMLL-08872,tail_call,compiler_optimization,semantic_validation,fail_as_expected,"This compiler Logic Functional Language (DeepML) example teaches tail call. It preserves the corpus-derived source → AST → typed/policy-verified semantic record → R12 → MCRT trace and uses deterministic IDs, hashes, provenance, and no-network safety. The example is intentionally invalid and must be rejected at semantic validation."
DMLL-SEMANTIC_VALIDATION-08877,EX-DMLL-08877,proof_normalization,compiler_optimization,semantic_validation,fail_as_expected,"This compiler Logic Functional Language (DeepML) example teaches proof normalization. It preserves the corpus-derived source → AST → typed/policy-verified semantic record → R12 → MCRT trace and uses deterministic IDs, hashes, provenance, and no-network safety. The example is intentionally invalid and must be rejected at semantic validation."
DMLL-SEMANTIC_VALIDATION-08880,EX-DMLL-08880,tail_call,compiler_optimization,semantic_validation,fail_as_expected,"This compiler Logic Functional Language (DeepML) example teaches tail call. It preserves the corpus-derived source → AST → typed/policy-verified semantic record → R12 → MCRT trace and uses deterministic IDs, hashes, provenance, and no-network safety. The example is intentionally invalid and must be rejected at semantic validation."
DMLL-SEMANTIC_VALIDATION-08885,EX-DMLL-08885,proof_normalization,compiler_optimization,semantic_validation,fail_as_expected,"This compiler Logic Functional Language (DeepML) example teaches proof normalization. It preserves the corpus-derived source → AST → typed/policy-verified semantic record → R12 → MCRT trace and uses deterministic IDs, hashes, provenance, and no-network safety. The example is intentionally invalid and must be rejected at semantic validation."
DMLL-SEMANTIC_VALIDATION-08888,EX-DMLL-08888,tail_call,compiler_optimization,semantic_validation,fail_as_expected,"This compiler Logic Functional Language (DeepML) example teaches tail call. It preserves the corpus-derived source → AST → typed/policy-verified semantic record → R12 → MCRT trace and uses deterministic IDs, hashes, provenance, and no-network safety. The example is intentionally invalid and must be rejected at semantic validation."
DMLL-SEMANTIC_VALIDATION-08896,EX-DMLL-08896,tail_call,compiler_optimization,semantic_validation,fail_as_expected,"This compiler Logic Functional Language (DeepML) example teaches tail call. It preserves the corpus-derived source → AST → typed/policy-verified semantic record → R12 → MCRT trace and uses deterministic IDs, hashes, provenance, and no-network safety. The example is intentionally invalid and must be rejected at semantic validation."
DMLL-SEMANTIC_VALIDATION-08899,EX-DMLL-08899,cse,compiler_optimization,semantic_validation,fail_as_expected,"This compiler Logic Functional Language (DeepML) example teaches cse. It preserves the corpus-derived source → AST → typed/policy-verified semantic record → R12 → MCRT trace and uses deterministic IDs, hashes, provenance, and no-network safety. The example is intentionally invalid and must be rejected at semantic validation."
DMLL-SEMANTIC_VALIDATION-08904,EX-DMLL-08904,tail_call,compiler_optimization,semantic_validation,fail_as_expected,"This compiler Logic Functional Language (DeepML) example teaches tail call. It preserves the corpus-derived source → AST → typed/policy-verified semantic record → R12 → MCRT trace and uses deterministic IDs, hashes, provenance, and no-network safety. The example is intentionally invalid and must be rejected at semantic validation."
DMLL-SEMANTIC_VALIDATION-08907,EX-DMLL-08907,cse,compiler_optimization,semantic_validation,fail_as_expected,"This compiler Logic Functional Language (DeepML) example teaches cse. It preserves the corpus-derived source → AST → typed/policy-verified semantic record → R12 → MCRT trace and uses deterministic IDs, hashes, provenance, and no-network safety. The example is intentionally invalid and must be rejected at semantic validation."
DMLL-SEMANTIC_VALIDATION-08915,EX-DMLL-08915,cse,compiler_optimization,semantic_validation,fail_as_expected,"This compiler Logic Functional Language (DeepML) example teaches cse. It preserves the corpus-derived source → AST → typed/policy-verified semantic record → R12 → MCRT trace and uses deterministic IDs, hashes, provenance, and no-network safety. The example is intentionally invalid and must be rejected at semantic validation."
DMLL-SEMANTIC_VALIDATION-08923,EX-DMLL-08923,cse,compiler_optimization,semantic_validation,fail_as_expected,"This compiler Logic Functional Language (DeepML) example teaches cse. It preserves the corpus-derived source → AST → typed/policy-verified semantic record → R12 → MCRT trace and uses deterministic IDs, hashes, provenance, and no-network safety. The example is intentionally invalid and must be rejected at semantic validation."
DMLL-SEMANTIC_VALIDATION-08926,EX-DMLL-08926,r12_mcrt_lowering,compiler_optimization,semantic_validation,fail_as_expected,"This compiler Logic Functional Language (DeepML) example teaches r12 mcrt lowering. It preserves the corpus-derived source → AST → typed/policy-verified semantic record → R12 → MCRT trace and uses deterministic IDs, hashes, provenance, and no-network safety. The example is intentionally invalid and must be rejected at semantic validation."
DMLL-SEMANTIC_VALIDATION-08931,EX-DMLL-08931,cse,compiler_optimization,semantic_validation,fail_as_expected,"This compiler Logic Functional Language (DeepML) example teaches cse. It preserves the corpus-derived source → AST → typed/policy-verified semantic record → R12 → MCRT trace and uses deterministic IDs, hashes, provenance, and no-network safety. The example is intentionally invalid and must be rejected at semantic validation."
DMLL-SEMANTIC_VALIDATION-08934,EX-DMLL-08934,r12_mcrt_lowering,compiler_optimization,semantic_validation,fail_as_expected,"This compiler Logic Functional Language (DeepML) example teaches r12 mcrt lowering. It preserves the corpus-derived source → AST → typed/policy-verified semantic record → R12 → MCRT trace and uses deterministic IDs, hashes, provenance, and no-network safety. The example is intentionally invalid and must be rejected at semantic validation."
DMLL-SEMANTIC_VALIDATION-08942,EX-DMLL-08942,r12_mcrt_lowering,compiler_optimization,semantic_validation,fail_as_expected,"This compiler Logic Functional Language (DeepML) example teaches r12 mcrt lowering. It preserves the corpus-derived source → AST → typed/policy-verified semantic record → R12 → MCRT trace and uses deterministic IDs, hashes, provenance, and no-network safety. The example is intentionally invalid and must be rejected at semantic validation."
DMLL-SEMANTIC_VALIDATION-08950,EX-DMLL-08950,r12_mcrt_lowering,compiler_optimization,semantic_validation,fail_as_expected,"This compiler Logic Functional Language (DeepML) example teaches r12 mcrt lowering. It preserves the corpus-derived source → AST → typed/policy-verified semantic record → R12 → MCRT trace and uses deterministic IDs, hashes, provenance, and no-network safety. The example is intentionally invalid and must be rejected at semantic validation."
DMLL-SEMANTIC_VALIDATION-08953,EX-DMLL-08953,deforestation,compiler_optimization,semantic_validation,fail_as_expected,"This compiler Logic Functional Language (DeepML) example teaches deforestation. It preserves the corpus-derived source → AST → typed/policy-verified semantic record → R12 → MCRT trace and uses deterministic IDs, hashes, provenance, and no-network safety. The example is intentionally invalid and must be rejected at semantic validation."
DMLL-SEMANTIC_VALIDATION-08958,EX-DMLL-08958,r12_mcrt_lowering,compiler_optimization,semantic_validation,fail_as_expected,"This compiler Logic Functional Language (DeepML) example teaches r12 mcrt lowering. It preserves the corpus-derived source → AST → typed/policy-verified semantic record → R12 → MCRT trace and uses deterministic IDs, hashes, provenance, and no-network safety. The example is intentionally invalid and must be rejected at semantic validation."
DMLL-SEMANTIC_VALIDATION-08961,EX-DMLL-08961,deforestation,compiler_optimization,semantic_validation,fail_as_expected,"This compiler Logic Functional Language (DeepML) example teaches deforestation. It preserves the corpus-derived source → AST → typed/policy-verified semantic record → R12 → MCRT trace and uses deterministic IDs, hashes, provenance, and no-network safety. The example is intentionally invalid and must be rejected at semantic validation."
DMLL-SEMANTIC_VALIDATION-08969,EX-DMLL-08969,deforestation,compiler_optimization,semantic_validation,fail_as_expected,"This compiler Logic Functional Language (DeepML) example teaches deforestation. It preserves the corpus-derived source → AST → typed/policy-verified semantic record → R12 → MCRT trace and uses deterministic IDs, hashes, provenance, and no-network safety. The example is intentionally invalid and must be rejected at semantic validation."
DMLL-SEMANTIC_VALIDATION-08972,EX-DMLL-08972,tabling,compiler_optimization,semantic_validation,fail_as_expected,"This compiler Logic Functional Language (DeepML) example teaches tabling. It preserves the corpus-derived source → AST → typed/policy-verified semantic record → R12 → MCRT trace and uses deterministic IDs, hashes, provenance, and no-network safety. The example is intentionally invalid and must be rejected at semantic validation."
DMLL-SEMANTIC_VALIDATION-08977,EX-DMLL-08977,deforestation,compiler_optimization,semantic_validation,fail_as_expected,"This compiler Logic Functional Language (DeepML) example teaches deforestation. It preserves the corpus-derived source → AST → typed/policy-verified semantic record → R12 → MCRT trace and uses deterministic IDs, hashes, provenance, and no-network safety. The example is intentionally invalid and must be rejected at semantic validation."
DMLL-SEMANTIC_VALIDATION-08980,EX-DMLL-08980,tabling,compiler_optimization,semantic_validation,fail_as_expected,"This compiler Logic Functional Language (DeepML) example teaches tabling. It preserves the corpus-derived source → AST → typed/policy-verified semantic record → R12 → MCRT trace and uses deterministic IDs, hashes, provenance, and no-network safety. The example is intentionally invalid and must be rejected at semantic validation."
DMLL-SEMANTIC_VALIDATION-08985,EX-DMLL-08985,deforestation,compiler_optimization,semantic_validation,fail_as_expected,"This compiler Logic Functional Language (DeepML) example teaches deforestation. It preserves the corpus-derived source → AST → typed/policy-verified semantic record → R12 → MCRT trace and uses deterministic IDs, hashes, provenance, and no-network safety. The example is intentionally invalid and must be rejected at semantic validation."
DMLL-SEMANTIC_VALIDATION-08988,EX-DMLL-08988,tabling,compiler_optimization,semantic_validation,fail_as_expected,"This compiler Logic Functional Language (DeepML) example teaches tabling. It preserves the corpus-derived source → AST → typed/policy-verified semantic record → R12 → MCRT trace and uses deterministic IDs, hashes, provenance, and no-network safety. The example is intentionally invalid and must be rejected at semantic validation."
DMLL-SEMANTIC_VALIDATION-08996,EX-DMLL-08996,tabling,compiler_optimization,semantic_validation,fail_as_expected,"This compiler Logic Functional Language (DeepML) example teaches tabling. It preserves the corpus-derived source → AST → typed/policy-verified semantic record → R12 → MCRT trace and uses deterministic IDs, hashes, provenance, and no-network safety. The example is intentionally invalid and must be rejected at semantic validation."
DMLL-SEMANTIC_VALIDATION-08999,EX-DMLL-08999,beta_reduction,compiler_optimization,semantic_validation,fail_as_expected,"This compiler Logic Functional Language (DeepML) example teaches beta reduction. It preserves the corpus-derived source → AST → typed/policy-verified semantic record → R12 → MCRT trace and uses deterministic IDs, hashes, provenance, and no-network safety. The example is intentionally invalid and must be rejected at semantic validation."
DMLL-SEMANTIC_VALIDATION-09001,EX-DMLL-09001,inference_divergence,validation_certification,semantic_validation,fail_as_expected,"This certification Logic Functional Language (DeepML) example teaches inference divergence. It preserves the corpus-derived source → AST → typed/policy-verified semantic record → R12 → MCRT trace and uses deterministic IDs, hashes, provenance, and no-network safety. The example is intentionally invalid and must be rejected at semantic validation."
DMLL-SEMANTIC_VALIDATION-09002,EX-DMLL-09002,nontermination,validation_certification,semantic_validation,fail_as_expected,"This certification Logic Functional Language (DeepML) example teaches nontermination. It preserves the corpus-derived source → AST → typed/policy-verified semantic record → R12 → MCRT trace and uses deterministic IDs, hashes, provenance, and no-network safety. The example is intentionally invalid and must be rejected at semantic validation."
DMLL-SEMANTIC_VALIDATION-09003,EX-DMLL-09003,occurs_check,validation_certification,semantic_validation,fail_as_expected,"This certification Logic Functional Language (DeepML) example teaches occurs check. It preserves the corpus-derived source → AST → typed/policy-verified semantic record → R12 → MCRT trace and uses deterministic IDs, hashes, provenance, and no-network safety. The example is intentionally invalid and must be rejected at semantic validation."
DMLL-TYPE_CHECK-09004,EX-DMLL-09004,ambiguous_instance,validation_certification,type_check,fail_as_expected,"This certification Logic Functional Language (DeepML) example teaches ambiguous instance. It preserves the corpus-derived source → AST → typed/policy-verified semantic record → R12 → MCRT trace and uses deterministic IDs, hashes, provenance, and no-network safety. The example is intentionally invalid and must be rejected at type check."
DMLL-SAFETY_GATE-09005,EX-DMLL-09005,impure_effect,validation_certification,safety_gate,fail_as_expected,"This certification Logic Functional Language (DeepML) example teaches impure effect. It preserves the corpus-derived source → AST → typed/policy-verified semantic record → R12 → MCRT trace and uses deterministic IDs, hashes, provenance, and no-network safety. The example is intentionally invalid and must be rejected at safety gate."
DMLL-SEMANTIC_VALIDATION-09006,EX-DMLL-09006,unsound_proof,validation_certification,semantic_validation,fail_as_expected,"This certification Logic Functional Language (DeepML) example teaches unsound proof. It preserves the corpus-derived source → AST → typed/policy-verified semantic record → R12 → MCRT trace and uses deterministic IDs, hashes, provenance, and no-network safety. The example is intentionally invalid and must be rejected at semantic validation."
DMLL-SEMANTIC_VALIDATION-09007,EX-DMLL-09007,contradictory_facts,validation_certification,semantic_validation,fail_as_expected,"This certification Logic Functional Language (DeepML) example teaches contradictory facts. It preserves the corpus-derived source → AST → typed/policy-verified semantic record → R12 → MCRT trace and uses deterministic IDs, hashes, provenance, and no-network safety. The example is intentionally invalid and must be rejected at semantic validation."
DMLL-TYPE_CHECK-09008,EX-DMLL-09008,incomplete_match,validation_certification,type_check,fail_as_expected,"This certification Logic Functional Language (DeepML) example teaches incomplete match. It preserves the corpus-derived source → AST → typed/policy-verified semantic record → R12 → MCRT trace and uses deterministic IDs, hashes, provenance, and no-network safety. The example is intentionally invalid and must be rejected at type check."
DMLL-SEMANTIC_VALIDATION-09009,EX-DMLL-09009,inference_divergence,validation_certification,semantic_validation,fail_as_expected,"This certification Logic Functional Language (DeepML) example teaches inference divergence. It preserves the corpus-derived source → AST → typed/policy-verified semantic record → R12 → MCRT trace and uses deterministic IDs, hashes, provenance, and no-network safety. The example is intentionally invalid and must be rejected at semantic validation."
DMLL-SEMANTIC_VALIDATION-09010,EX-DMLL-09010,nontermination,validation_certification,semantic_validation,fail_as_expected,"This certification Logic Functional Language (DeepML) example teaches nontermination. It preserves the corpus-derived source → AST → typed/policy-verified semantic record → R12 → MCRT trace and uses deterministic IDs, hashes, provenance, and no-network safety. The example is intentionally invalid and must be rejected at semantic validation."
DMLL-SEMANTIC_VALIDATION-09011,EX-DMLL-09011,occurs_check,validation_certification,semantic_validation,fail_as_expected,"This certification Logic Functional Language (DeepML) example teaches occurs check. It preserves the corpus-derived source → AST → typed/policy-verified semantic record → R12 → MCRT trace and uses deterministic IDs, hashes, provenance, and no-network safety. The example is intentionally invalid and must be rejected at semantic validation."
DMLL-TYPE_CHECK-09012,EX-DMLL-09012,ambiguous_instance,validation_certification,type_check,fail_as_expected,"This certification Logic Functional Language (DeepML) example teaches ambiguous instance. It preserves the corpus-derived source → AST → typed/policy-verified semantic record → R12 → MCRT trace and uses deterministic IDs, hashes, provenance, and no-network safety. The example is intentionally invalid and must be rejected at type check."
DMLL-SAFETY_GATE-09013,EX-DMLL-09013,impure_effect,validation_certification,safety_gate,fail_as_expected,"This certification Logic Functional Language (DeepML) example teaches impure effect. It preserves the corpus-derived source → AST → typed/policy-verified semantic record → R12 → MCRT trace and uses deterministic IDs, hashes, provenance, and no-network safety. The example is intentionally invalid and must be rejected at safety gate."
DMLL-SEMANTIC_VALIDATION-09014,EX-DMLL-09014,unsound_proof,validation_certification,semantic_validation,fail_as_expected,"This certification Logic Functional Language (DeepML) example teaches unsound proof. It preserves the corpus-derived source → AST → typed/policy-verified semantic record → R12 → MCRT trace and uses deterministic IDs, hashes, provenance, and no-network safety. The example is intentionally invalid and must be rejected at semantic validation."
DMLL-SEMANTIC_VALIDATION-09015,EX-DMLL-09015,contradictory_facts,validation_certification,semantic_validation,fail_as_expected,"This certification Logic Functional Language (DeepML) example teaches contradictory facts. It preserves the corpus-derived source → AST → typed/policy-verified semantic record → R12 → MCRT trace and uses deterministic IDs, hashes, provenance, and no-network safety. The example is intentionally invalid and must be rejected at semantic validation."
DMLL-TYPE_CHECK-09016,EX-DMLL-09016,incomplete_match,validation_certification,type_check,fail_as_expected,"This certification Logic Functional Language (DeepML) example teaches incomplete match. It preserves the corpus-derived source → AST → typed/policy-verified semantic record → R12 → MCRT trace and uses deterministic IDs, hashes, provenance, and no-network safety. The example is intentionally invalid and must be rejected at type check."
DMLL-SEMANTIC_VALIDATION-09017,EX-DMLL-09017,inference_divergence,validation_certification,semantic_validation,fail_as_expected,"This certification Logic Functional Language (DeepML) example teaches inference divergence. It preserves the corpus-derived source → AST → typed/policy-verified semantic record → R12 → MCRT trace and uses deterministic IDs, hashes, provenance, and no-network safety. The example is intentionally invalid and must be rejected at semantic validation."
DMLL-SEMANTIC_VALIDATION-09018,EX-DMLL-09018,nontermination,validation_certification,semantic_validation,fail_as_expected,"This certification Logic Functional Language (DeepML) example teaches nontermination. It preserves the corpus-derived source → AST → typed/policy-verified semantic record → R12 → MCRT trace and uses deterministic IDs, hashes, provenance, and no-network safety. The example is intentionally invalid and must be rejected at semantic validation."
DMLL-SEMANTIC_VALIDATION-09019,EX-DMLL-09019,occurs_check,validation_certification,semantic_validation,fail_as_expected,"This certification Logic Functional Language (DeepML) example teaches occurs check. It preserves the corpus-derived source → AST → typed/policy-verified semantic record → R12 → MCRT trace and uses deterministic IDs, hashes, provenance, and no-network safety. The example is intentionally invalid and must be rejected at semantic validation."
DMLL-TYPE_CHECK-09020,EX-DMLL-09020,ambiguous_instance,validation_certification,type_check,fail_as_expected,"This certification Logic Functional Language (DeepML) example teaches ambiguous instance. It preserves the corpus-derived source → AST → typed/policy-verified semantic record → R12 → MCRT trace and uses deterministic IDs, hashes, provenance, and no-network safety. The example is intentionally invalid and must be rejected at type check."
DMLL-SAFETY_GATE-09021,EX-DMLL-09021,impure_effect,validation_certification,safety_gate,fail_as_expected,"This certification Logic Functional Language (DeepML) example teaches impure effect. It preserves the corpus-derived source → AST → typed/policy-verified semantic record → R12 → MCRT trace and uses deterministic IDs, hashes, provenance, and no-network safety. The example is intentionally invalid and must be rejected at safety gate."
DMLL-SEMANTIC_VALIDATION-09022,EX-DMLL-09022,unsound_proof,validation_certification,semantic_validation,fail_as_expected,"This certification Logic Functional Language (DeepML) example teaches unsound proof. It preserves the corpus-derived source → AST → typed/policy-verified semantic record → R12 → MCRT trace and uses deterministic IDs, hashes, provenance, and no-network safety. The example is intentionally invalid and must be rejected at semantic validation."
DMLL-SEMANTIC_VALIDATION-09023,EX-DMLL-09023,contradictory_facts,validation_certification,semantic_validation,fail_as_expected,"This certification Logic Functional Language (DeepML) example teaches contradictory facts. It preserves the corpus-derived source → AST → typed/policy-verified semantic record → R12 → MCRT trace and uses deterministic IDs, hashes, provenance, and no-network safety. The example is intentionally invalid and must be rejected at semantic validation."
DMLL-TYPE_CHECK-09024,EX-DMLL-09024,incomplete_match,validation_certification,type_check,fail_as_expected,"This certification Logic Functional Language (DeepML) example teaches incomplete match. It preserves the corpus-derived source → AST → typed/policy-verified semantic record → R12 → MCRT trace and uses deterministic IDs, hashes, provenance, and no-network safety. The example is intentionally invalid and must be rejected at type check."
DMLL-SEMANTIC_VALIDATION-09025,EX-DMLL-09025,inference_divergence,validation_certification,semantic_validation,fail_as_expected,"This certification Logic Functional Language (DeepML) example teaches inference divergence. It preserves the corpus-derived source → AST → typed/policy-verified semantic record → R12 → MCRT trace and uses deterministic IDs, hashes, provenance, and no-network safety. The example is intentionally invalid and must be rejected at semantic validation."
DMLL-SEMANTIC_VALIDATION-09026,EX-DMLL-09026,nontermination,validation_certification,semantic_validation,fail_as_expected,"This certification Logic Functional Language (DeepML) example teaches nontermination. It preserves the corpus-derived source → AST → typed/policy-verified semantic record → R12 → MCRT trace and uses deterministic IDs, hashes, provenance, and no-network safety. The example is intentionally invalid and must be rejected at semantic validation."
DMLL-SEMANTIC_VALIDATION-09027,EX-DMLL-09027,occurs_check,validation_certification,semantic_validation,fail_as_expected,"This certification Logic Functional Language (DeepML) example teaches occurs check. It preserves the corpus-derived source → AST → typed/policy-verified semantic record → R12 → MCRT trace and uses deterministic IDs, hashes, provenance, and no-network safety. The example is intentionally invalid and must be rejected at semantic validation."
DMLL-TYPE_CHECK-09028,EX-DMLL-09028,ambiguous_instance,validation_certification,type_check,fail_as_expected,"This certification Logic Functional Language (DeepML) example teaches ambiguous instance. It preserves the corpus-derived source → AST → typed/policy-verified semantic record → R12 → MCRT trace and uses deterministic IDs, hashes, provenance, and no-network safety. The example is intentionally invalid and must be rejected at type check."
DMLL-SAFETY_GATE-09029,EX-DMLL-09029,impure_effect,validation_certification,safety_gate,fail_as_expected,"This certification Logic Functional Language (DeepML) example teaches impure effect. It preserves the corpus-derived source → AST → typed/policy-verified semantic record → R12 → MCRT trace and uses deterministic IDs, hashes, provenance, and no-network safety. The example is intentionally invalid and must be rejected at safety gate."
DMLL-SEMANTIC_VALIDATION-09030,EX-DMLL-09030,unsound_proof,validation_certification,semantic_validation,fail_as_expected,"This certification Logic Functional Language (DeepML) example teaches unsound proof. It preserves the corpus-derived source → AST → typed/policy-verified semantic record → R12 → MCRT trace and uses deterministic IDs, hashes, provenance, and no-network safety. The example is intentionally invalid and must be rejected at semantic validation."
DMLL-SEMANTIC_VALIDATION-09031,EX-DMLL-09031,contradictory_facts,validation_certification,semantic_validation,fail_as_expected,"This certification Logic Functional Language (DeepML) example teaches contradictory facts. It preserves the corpus-derived source → AST → typed/policy-verified semantic record → R12 → MCRT trace and uses deterministic IDs, hashes, provenance, and no-network safety. The example is intentionally invalid and must be rejected at semantic validation."
DMLL-TYPE_CHECK-09032,EX-DMLL-09032,incomplete_match,validation_certification,type_check,fail_as_expected,"This certification Logic Functional Language (DeepML) example teaches incomplete match. It preserves the corpus-derived source → AST → typed/policy-verified semantic record → R12 → MCRT trace and uses deterministic IDs, hashes, provenance, and no-network safety. The example is intentionally invalid and must be rejected at type check."
DMLL-SEMANTIC_VALIDATION-09033,EX-DMLL-09033,inference_divergence,validation_certification,semantic_validation,fail_as_expected,"This certification Logic Functional Language (DeepML) example teaches inference divergence. It preserves the corpus-derived source → AST → typed/policy-verified semantic record → R12 → MCRT trace and uses deterministic IDs, hashes, provenance, and no-network safety. The example is intentionally invalid and must be rejected at semantic validation."
DMLL-SEMANTIC_VALIDATION-09034,EX-DMLL-09034,nontermination,validation_certification,semantic_validation,fail_as_expected,"This certification Logic Functional Language (DeepML) example teaches nontermination. It preserves the corpus-derived source → AST → typed/policy-verified semantic record → R12 → MCRT trace and uses deterministic IDs, hashes, provenance, and no-network safety. The example is intentionally invalid and must be rejected at semantic validation."
DMLL-SEMANTIC_VALIDATION-09035,EX-DMLL-09035,occurs_check,validation_certification,semantic_validation,fail_as_expected,"This certification Logic Functional Language (DeepML) example teaches occurs check. It preserves the corpus-derived source → AST → typed/policy-verified semantic record → R12 → MCRT trace and uses deterministic IDs, hashes, provenance, and no-network safety. The example is intentionally invalid and must be rejected at semantic validation."
DMLL-SAFETY_GATE-09037,EX-DMLL-09037,impure_effect,validation_certification,safety_gate,fail_as_expected,"This certification Logic Functional Language (DeepML) example teaches impure effect. It preserves the corpus-derived source → AST → typed/policy-verified semantic record → R12 → MCRT trace and uses deterministic IDs, hashes, provenance, and no-network safety. The example is intentionally invalid and must be rejected at safety gate."
DMLL-SEMANTIC_VALIDATION-09038,EX-DMLL-09038,unsound_proof,validation_certification,semantic_validation,fail_as_expected,"This certification Logic Functional Language (DeepML) example teaches unsound proof. It preserves the corpus-derived source → AST → typed/policy-verified semantic record → R12 → MCRT trace and uses deterministic IDs, hashes, provenance, and no-network safety. The example is intentionally invalid and must be rejected at semantic validation."
DMLL-SEMANTIC_VALIDATION-09039,EX-DMLL-09039,contradictory_facts,validation_certification,semantic_validation,fail_as_expected,"This certification Logic Functional Language (DeepML) example teaches contradictory facts. It preserves the corpus-derived source → AST → typed/policy-verified semantic record → R12 → MCRT trace and uses deterministic IDs, hashes, provenance, and no-network safety. The example is intentionally invalid and must be rejected at semantic validation."
DMLL-TYPE_CHECK-09040,EX-DMLL-09040,incomplete_match,validation_certification,type_check,fail_as_expected,"This certification Logic Functional Language (DeepML) example teaches incomplete match. It preserves the corpus-derived source → AST → typed/policy-verified semantic record → R12 → MCRT trace and uses deterministic IDs, hashes, provenance, and no-network safety. The example is intentionally invalid and must be rejected at type check."
DMLL-SEMANTIC_VALIDATION-09041,EX-DMLL-09041,inference_divergence,validation_certification,semantic_validation,fail_as_expected,"This certification Logic Functional Language (DeepML) example teaches inference divergence. It preserves the corpus-derived source → AST → typed/policy-verified semantic record → R12 → MCRT trace and uses deterministic IDs, hashes, provenance, and no-network safety. The example is intentionally invalid and must be rejected at semantic validation."
DMLL-SEMANTIC_VALIDATION-09042,EX-DMLL-09042,nontermination,validation_certification,semantic_validation,fail_as_expected,"This certification Logic Functional Language (DeepML) example teaches nontermination. It preserves the corpus-derived source → AST → typed/policy-verified semantic record → R12 → MCRT trace and uses deterministic IDs, hashes, provenance, and no-network safety. The example is intentionally invalid and must be rejected at semantic validation."
DMLL-SEMANTIC_VALIDATION-09043,EX-DMLL-09043,occurs_check,validation_certification,semantic_validation,fail_as_expected,"This certification Logic Functional Language (DeepML) example teaches occurs check. It preserves the corpus-derived source → AST → typed/policy-verified semantic record → R12 → MCRT trace and uses deterministic IDs, hashes, provenance, and no-network safety. The example is intentionally invalid and must be rejected at semantic validation."
DMLL-SAFETY_GATE-09045,EX-DMLL-09045,impure_effect,validation_certification,safety_gate,fail_as_expected,"This certification Logic Functional Language (DeepML) example teaches impure effect. It preserves the corpus-derived source → AST → typed/policy-verified semantic record → R12 → MCRT trace and uses deterministic IDs, hashes, provenance, and no-network safety. The example is intentionally invalid and must be rejected at safety gate."
DMLL-SEMANTIC_VALIDATION-09046,EX-DMLL-09046,unsound_proof,validation_certification,semantic_validation,fail_as_expected,"This certification Logic Functional Language (DeepML) example teaches unsound proof. It preserves the corpus-derived source → AST → typed/policy-verified semantic record → R12 → MCRT trace and uses deterministic IDs, hashes, provenance, and no-network safety. The example is intentionally invalid and must be rejected at semantic validation."
DMLL-SEMANTIC_VALIDATION-09047,EX-DMLL-09047,contradictory_facts,validation_certification,semantic_validation,fail_as_expected,"This certification Logic Functional Language (DeepML) example teaches contradictory facts. It preserves the corpus-derived source → AST → typed/policy-verified semantic record → R12 → MCRT trace and uses deterministic IDs, hashes, provenance, and no-network safety. The example is intentionally invalid and must be rejected at semantic validation."
DMLL-TYPE_CHECK-09048,EX-DMLL-09048,incomplete_match,validation_certification,type_check,fail_as_expected,"This certification Logic Functional Language (DeepML) example teaches incomplete match. It preserves the corpus-derived source → AST → typed/policy-verified semantic record → R12 → MCRT trace and uses deterministic IDs, hashes, provenance, and no-network safety. The example is intentionally invalid and must be rejected at type check."
DMLL-SEMANTIC_VALIDATION-09049,EX-DMLL-09049,inference_divergence,validation_certification,semantic_validation,fail_as_expected,"This certification Logic Functional Language (DeepML) example teaches inference divergence. It preserves the corpus-derived source → AST → typed/policy-verified semantic record → R12 → MCRT trace and uses deterministic IDs, hashes, provenance, and no-network safety. The example is intentionally invalid and must be rejected at semantic validation."
DMLL-SEMANTIC_VALIDATION-09050,EX-DMLL-09050,nontermination,validation_certification,semantic_validation,fail_as_expected,"This certification Logic Functional Language (DeepML) example teaches nontermination. It preserves the corpus-derived source → AST → typed/policy-verified semantic record → R12 → MCRT trace and uses deterministic IDs, hashes, provenance, and no-network safety. The example is intentionally invalid and must be rejected at semantic validation."
DMLL-SEMANTIC_VALIDATION-09051,EX-DMLL-09051,occurs_check,validation_certification,semantic_validation,fail_as_expected,"This certification Logic Functional Language (DeepML) example teaches occurs check. It preserves the corpus-derived source → AST → typed/policy-verified semantic record → R12 → MCRT trace and uses deterministic IDs, hashes, provenance, and no-network safety. The example is intentionally invalid and must be rejected at semantic validation."
DMLL-SAFETY_GATE-09053,EX-DMLL-09053,impure_effect,validation_certification,safety_gate,fail_as_expected,"This certification Logic Functional Language (DeepML) example teaches impure effect. It preserves the corpus-derived source → AST → typed/policy-verified semantic record → R12 → MCRT trace and uses deterministic IDs, hashes, provenance, and no-network safety. The example is intentionally invalid and must be rejected at safety gate."
DMLL-SEMANTIC_VALIDATION-09054,EX-DMLL-09054,unsound_proof,validation_certification,semantic_validation,fail_as_expected,"This certification Logic Functional Language (DeepML) example teaches unsound proof. It preserves the corpus-derived source → AST → typed/policy-verified semantic record → R12 → MCRT trace and uses deterministic IDs, hashes, provenance, and no-network safety. The example is intentionally invalid and must be rejected at semantic validation."
DMLL-SEMANTIC_VALIDATION-09055,EX-DMLL-09055,contradictory_facts,validation_certification,semantic_validation,fail_as_expected,"This certification Logic Functional Language (DeepML) example teaches contradictory facts. It preserves the corpus-derived source → AST → typed/policy-verified semantic record → R12 → MCRT trace and uses deterministic IDs, hashes, provenance, and no-network safety. The example is intentionally invalid and must be rejected at semantic validation."
DMLL-TYPE_CHECK-09056,EX-DMLL-09056,incomplete_match,validation_certification,type_check,fail_as_expected,"This certification Logic Functional Language (DeepML) example teaches incomplete match. It preserves the corpus-derived source → AST → typed/policy-verified semantic record → R12 → MCRT trace and uses deterministic IDs, hashes, provenance, and no-network safety. The example is intentionally invalid and must be rejected at type check."
DMLL-SEMANTIC_VALIDATION-09057,EX-DMLL-09057,inference_divergence,validation_certification,semantic_validation,fail_as_expected,"This certification Logic Functional Language (DeepML) example teaches inference divergence. It preserves the corpus-derived source → AST → typed/policy-verified semantic record → R12 → MCRT trace and uses deterministic IDs, hashes, provenance, and no-network safety. The example is intentionally invalid and must be rejected at semantic validation."
DMLL-SEMANTIC_VALIDATION-09058,EX-DMLL-09058,nontermination,validation_certification,semantic_validation,fail_as_expected,"This certification Logic Functional Language (DeepML) example teaches nontermination. It preserves the corpus-derived source → AST → typed/policy-verified semantic record → R12 → MCRT trace and uses deterministic IDs, hashes, provenance, and no-network safety. The example is intentionally invalid and must be rejected at semantic validation."
DMLL-SEMANTIC_VALIDATION-09059,EX-DMLL-09059,occurs_check,validation_certification,semantic_validation,fail_as_expected,"This certification Logic Functional Language (DeepML) example teaches occurs check. It preserves the corpus-derived source → AST → typed/policy-verified semantic record → R12 → MCRT trace and uses deterministic IDs, hashes, provenance, and no-network safety. The example is intentionally invalid and must be rejected at semantic validation."
DMLL-SAFETY_GATE-09061,EX-DMLL-09061,impure_effect,validation_certification,safety_gate,fail_as_expected,"This certification Logic Functional Language (DeepML) example teaches impure effect. It preserves the corpus-derived source → AST → typed/policy-verified semantic record → R12 → MCRT trace and uses deterministic IDs, hashes, provenance, and no-network safety. The example is intentionally invalid and must be rejected at safety gate."
DMLL-SEMANTIC_VALIDATION-09062,EX-DMLL-09062,unsound_proof,validation_certification,semantic_validation,fail_as_expected,"This certification Logic Functional Language (DeepML) example teaches unsound proof. It preserves the corpus-derived source → AST → typed/policy-verified semantic record → R12 → MCRT trace and uses deterministic IDs, hashes, provenance, and no-network safety. The example is intentionally invalid and must be rejected at semantic validation."
DMLL-SEMANTIC_VALIDATION-09063,EX-DMLL-09063,contradictory_facts,validation_certification,semantic_validation,fail_as_expected,"This certification Logic Functional Language (DeepML) example teaches contradictory facts. It preserves the corpus-derived source → AST → typed/policy-verified semantic record → R12 → MCRT trace and uses deterministic IDs, hashes, provenance, and no-network safety. The example is intentionally invalid and must be rejected at semantic validation."
DMLL-TYPE_CHECK-09064,EX-DMLL-09064,incomplete_match,validation_certification,type_check,fail_as_expected,"This certification Logic Functional Language (DeepML) example teaches incomplete match. It preserves the corpus-derived source → AST → typed/policy-verified semantic record → R12 → MCRT trace and uses deterministic IDs, hashes, provenance, and no-network safety. The example is intentionally invalid and must be rejected at type check."
DMLL-SEMANTIC_VALIDATION-09065,EX-DMLL-09065,inference_divergence,validation_certification,semantic_validation,fail_as_expected,"This certification Logic Functional Language (DeepML) example teaches inference divergence. It preserves the corpus-derived source → AST → typed/policy-verified semantic record → R12 → MCRT trace and uses deterministic IDs, hashes, provenance, and no-network safety. The example is intentionally invalid and must be rejected at semantic validation."
DMLL-SEMANTIC_VALIDATION-09066,EX-DMLL-09066,nontermination,validation_certification,semantic_validation,fail_as_expected,"This certification Logic Functional Language (DeepML) example teaches nontermination. It preserves the corpus-derived source → AST → typed/policy-verified semantic record → R12 → MCRT trace and uses deterministic IDs, hashes, provenance, and no-network safety. The example is intentionally invalid and must be rejected at semantic validation."
DMLL-SEMANTIC_VALIDATION-09067,EX-DMLL-09067,occurs_check,validation_certification,semantic_validation,fail_as_expected,"This certification Logic Functional Language (DeepML) example teaches occurs check. It preserves the corpus-derived source → AST → typed/policy-verified semantic record → R12 → MCRT trace and uses deterministic IDs, hashes, provenance, and no-network safety. The example is intentionally invalid and must be rejected at semantic validation."
DMLL-SAFETY_GATE-09069,EX-DMLL-09069,impure_effect,validation_certification,safety_gate,fail_as_expected,"This certification Logic Functional Language (DeepML) example teaches impure effect. It preserves the corpus-derived source → AST → typed/policy-verified semantic record → R12 → MCRT trace and uses deterministic IDs, hashes, provenance, and no-network safety. The example is intentionally invalid and must be rejected at safety gate."
DMLL-SEMANTIC_VALIDATION-09070,EX-DMLL-09070,unsound_proof,validation_certification,semantic_validation,fail_as_expected,"This certification Logic Functional Language (DeepML) example teaches unsound proof. It preserves the corpus-derived source → AST → typed/policy-verified semantic record → R12 → MCRT trace and uses deterministic IDs, hashes, provenance, and no-network safety. The example is intentionally invalid and must be rejected at semantic validation."
DMLL-SEMANTIC_VALIDATION-09071,EX-DMLL-09071,contradictory_facts,validation_certification,semantic_validation,fail_as_expected,"This certification Logic Functional Language (DeepML) example teaches contradictory facts. It preserves the corpus-derived source → AST → typed/policy-verified semantic record → R12 → MCRT trace and uses deterministic IDs, hashes, provenance, and no-network safety. The example is intentionally invalid and must be rejected at semantic validation."
DMLL-TYPE_CHECK-09072,EX-DMLL-09072,incomplete_match,validation_certification,type_check,fail_as_expected,"This certification Logic Functional Language (DeepML) example teaches incomplete match. It preserves the corpus-derived source → AST → typed/policy-verified semantic record → R12 → MCRT trace and uses deterministic IDs, hashes, provenance, and no-network safety. The example is intentionally invalid and must be rejected at type check."
DMLL-SEMANTIC_VALIDATION-09073,EX-DMLL-09073,inference_divergence,validation_certification,semantic_validation,fail_as_expected,"This certification Logic Functional Language (DeepML) example teaches inference divergence. It preserves the corpus-derived source → AST → typed/policy-verified semantic record → R12 → MCRT trace and uses deterministic IDs, hashes, provenance, and no-network safety. The example is intentionally invalid and must be rejected at semantic validation."
DMLL-SEMANTIC_VALIDATION-09074,EX-DMLL-09074,nontermination,validation_certification,semantic_validation,fail_as_expected,"This certification Logic Functional Language (DeepML) example teaches nontermination. It preserves the corpus-derived source → AST → typed/policy-verified semantic record → R12 → MCRT trace and uses deterministic IDs, hashes, provenance, and no-network safety. The example is intentionally invalid and must be rejected at semantic validation."
DMLL-SEMANTIC_VALIDATION-09075,EX-DMLL-09075,occurs_check,validation_certification,semantic_validation,fail_as_expected,"This certification Logic Functional Language (DeepML) example teaches occurs check. It preserves the corpus-derived source → AST → typed/policy-verified semantic record → R12 → MCRT trace and uses deterministic IDs, hashes, provenance, and no-network safety. The example is intentionally invalid and must be rejected at semantic validation."
DMLL-SAFETY_GATE-09077,EX-DMLL-09077,impure_effect,validation_certification,safety_gate,fail_as_expected,"This certification Logic Functional Language (DeepML) example teaches impure effect. It preserves the corpus-derived source → AST → typed/policy-verified semantic record → R12 → MCRT trace and uses deterministic IDs, hashes, provenance, and no-network safety. The example is intentionally invalid and must be rejected at safety gate."
DMLL-SEMANTIC_VALIDATION-09078,EX-DMLL-09078,unsound_proof,validation_certification,semantic_validation,fail_as_expected,"This certification Logic Functional Language (DeepML) example teaches unsound proof. It preserves the corpus-derived source → AST → typed/policy-verified semantic record → R12 → MCRT trace and uses deterministic IDs, hashes, provenance, and no-network safety. The example is intentionally invalid and must be rejected at semantic validation."
DMLL-SEMANTIC_VALIDATION-09079,EX-DMLL-09079,contradictory_facts,validation_certification,semantic_validation,fail_as_expected,"This certification Logic Functional Language (DeepML) example teaches contradictory facts. It preserves the corpus-derived source → AST → typed/policy-verified semantic record → R12 → MCRT trace and uses deterministic IDs, hashes, provenance, and no-network safety. The example is intentionally invalid and must be rejected at semantic validation."
DMLL-TYPE_CHECK-09080,EX-DMLL-09080,incomplete_match,validation_certification,type_check,fail_as_expected,"This certification Logic Functional Language (DeepML) example teaches incomplete match. It preserves the corpus-derived source → AST → typed/policy-verified semantic record → R12 → MCRT trace and uses deterministic IDs, hashes, provenance, and no-network safety. The example is intentionally invalid and must be rejected at type check."
DMLL-SEMANTIC_VALIDATION-09081,EX-DMLL-09081,inference_divergence,validation_certification,semantic_validation,fail_as_expected,"This certification Logic Functional Language (DeepML) example teaches inference divergence. It preserves the corpus-derived source → AST → typed/policy-verified semantic record → R12 → MCRT trace and uses deterministic IDs, hashes, provenance, and no-network safety. The example is intentionally invalid and must be rejected at semantic validation."
DMLL-SEMANTIC_VALIDATION-09082,EX-DMLL-09082,nontermination,validation_certification,semantic_validation,fail_as_expected,"This certification Logic Functional Language (DeepML) example teaches nontermination. It preserves the corpus-derived source → AST → typed/policy-verified semantic record → R12 → MCRT trace and uses deterministic IDs, hashes, provenance, and no-network safety. The example is intentionally invalid and must be rejected at semantic validation."
DMLL-SEMANTIC_VALIDATION-09083,EX-DMLL-09083,occurs_check,validation_certification,semantic_validation,fail_as_expected,"This certification Logic Functional Language (DeepML) example teaches occurs check. It preserves the corpus-derived source → AST → typed/policy-verified semantic record → R12 → MCRT trace and uses deterministic IDs, hashes, provenance, and no-network safety. The example is intentionally invalid and must be rejected at semantic validation."
DMLL-TYPE_CHECK-09084,EX-DMLL-09084,ambiguous_instance,validation_certification,type_check,fail_as_expected,"This certification Logic Functional Language (DeepML) example teaches ambiguous instance. It preserves the corpus-derived source → AST → typed/policy-verified semantic record → R12 → MCRT trace and uses deterministic IDs, hashes, provenance, and no-network safety. The example is intentionally invalid and must be rejected at type check."
DMLL-SAFETY_GATE-09085,EX-DMLL-09085,impure_effect,validation_certification,safety_gate,fail_as_expected,"This certification Logic Functional Language (DeepML) example teaches impure effect. It preserves the corpus-derived source → AST → typed/policy-verified semantic record → R12 → MCRT trace and uses deterministic IDs, hashes, provenance, and no-network safety. The example is intentionally invalid and must be rejected at safety gate."
DMLL-SEMANTIC_VALIDATION-09086,EX-DMLL-09086,unsound_proof,validation_certification,semantic_validation,fail_as_expected,"This certification Logic Functional Language (DeepML) example teaches unsound proof. It preserves the corpus-derived source → AST → typed/policy-verified semantic record → R12 → MCRT trace and uses deterministic IDs, hashes, provenance, and no-network safety. The example is intentionally invalid and must be rejected at semantic validation."
DMLL-SEMANTIC_VALIDATION-09087,EX-DMLL-09087,contradictory_facts,validation_certification,semantic_validation,fail_as_expected,"This certification Logic Functional Language (DeepML) example teaches contradictory facts. It preserves the corpus-derived source → AST → typed/policy-verified semantic record → R12 → MCRT trace and uses deterministic IDs, hashes, provenance, and no-network safety. The example is intentionally invalid and must be rejected at semantic validation."
DMLL-TYPE_CHECK-09088,EX-DMLL-09088,incomplete_match,validation_certification,type_check,fail_as_expected,"This certification Logic Functional Language (DeepML) example teaches incomplete match. It preserves the corpus-derived source → AST → typed/policy-verified semantic record → R12 → MCRT trace and uses deterministic IDs, hashes, provenance, and no-network safety. The example is intentionally invalid and must be rejected at type check."
DMLL-SEMANTIC_VALIDATION-09089,EX-DMLL-09089,inference_divergence,validation_certification,semantic_validation,fail_as_expected,"This certification Logic Functional Language (DeepML) example teaches inference divergence. It preserves the corpus-derived source → AST → typed/policy-verified semantic record → R12 → MCRT trace and uses deterministic IDs, hashes, provenance, and no-network safety. The example is intentionally invalid and must be rejected at semantic validation."
DMLL-SEMANTIC_VALIDATION-09090,EX-DMLL-09090,nontermination,validation_certification,semantic_validation,fail_as_expected,"This certification Logic Functional Language (DeepML) example teaches nontermination. It preserves the corpus-derived source → AST → typed/policy-verified semantic record → R12 → MCRT trace and uses deterministic IDs, hashes, provenance, and no-network safety. The example is intentionally invalid and must be rejected at semantic validation."
DMLL-SEMANTIC_VALIDATION-09091,EX-DMLL-09091,occurs_check,validation_certification,semantic_validation,fail_as_expected,"This certification Logic Functional Language (DeepML) example teaches occurs check. It preserves the corpus-derived source → AST → typed/policy-verified semantic record → R12 → MCRT trace and uses deterministic IDs, hashes, provenance, and no-network safety. The example is intentionally invalid and must be rejected at semantic validation."
DMLL-TYPE_CHECK-09092,EX-DMLL-09092,ambiguous_instance,validation_certification,type_check,fail_as_expected,"This certification Logic Functional Language (DeepML) example teaches ambiguous instance. It preserves the corpus-derived source → AST → typed/policy-verified semantic record → R12 → MCRT trace and uses deterministic IDs, hashes, provenance, and no-network safety. The example is intentionally invalid and must be rejected at type check."
DMLL-SAFETY_GATE-09093,EX-DMLL-09093,impure_effect,validation_certification,safety_gate,fail_as_expected,"This certification Logic Functional Language (DeepML) example teaches impure effect. It preserves the corpus-derived source → AST → typed/policy-verified semantic record → R12 → MCRT trace and uses deterministic IDs, hashes, provenance, and no-network safety. The example is intentionally invalid and must be rejected at safety gate."
DMLL-SEMANTIC_VALIDATION-09094,EX-DMLL-09094,unsound_proof,validation_certification,semantic_validation,fail_as_expected,"This certification Logic Functional Language (DeepML) example teaches unsound proof. It preserves the corpus-derived source → AST → typed/policy-verified semantic record → R12 → MCRT trace and uses deterministic IDs, hashes, provenance, and no-network safety. The example is intentionally invalid and must be rejected at semantic validation."
DMLL-SEMANTIC_VALIDATION-09095,EX-DMLL-09095,contradictory_facts,validation_certification,semantic_validation,fail_as_expected,"This certification Logic Functional Language (DeepML) example teaches contradictory facts. It preserves the corpus-derived source → AST → typed/policy-verified semantic record → R12 → MCRT trace and uses deterministic IDs, hashes, provenance, and no-network safety. The example is intentionally invalid and must be rejected at semantic validation."
DMLL-TYPE_CHECK-09096,EX-DMLL-09096,incomplete_match,validation_certification,type_check,fail_as_expected,"This certification Logic Functional Language (DeepML) example teaches incomplete match. It preserves the corpus-derived source → AST → typed/policy-verified semantic record → R12 → MCRT trace and uses deterministic IDs, hashes, provenance, and no-network safety. The example is intentionally invalid and must be rejected at type check."
DMLL-SEMANTIC_VALIDATION-09097,EX-DMLL-09097,inference_divergence,validation_certification,semantic_validation,fail_as_expected,"This certification Logic Functional Language (DeepML) example teaches inference divergence. It preserves the corpus-derived source → AST → typed/policy-verified semantic record → R12 → MCRT trace and uses deterministic IDs, hashes, provenance, and no-network safety. The example is intentionally invalid and must be rejected at semantic validation."
DMLL-SEMANTIC_VALIDATION-09098,EX-DMLL-09098,nontermination,validation_certification,semantic_validation,fail_as_expected,"This certification Logic Functional Language (DeepML) example teaches nontermination. It preserves the corpus-derived source → AST → typed/policy-verified semantic record → R12 → MCRT trace and uses deterministic IDs, hashes, provenance, and no-network safety. The example is intentionally invalid and must be rejected at semantic validation."
DMLL-SEMANTIC_VALIDATION-09099,EX-DMLL-09099,occurs_check,validation_certification,semantic_validation,fail_as_expected,"This certification Logic Functional Language (DeepML) example teaches occurs check. It preserves the corpus-derived source → AST → typed/policy-verified semantic record → R12 → MCRT trace and uses deterministic IDs, hashes, provenance, and no-network safety. The example is intentionally invalid and must be rejected at semantic validation."
DMLL-TYPE_CHECK-09100,EX-DMLL-09100,ambiguous_instance,validation_certification,type_check,fail_as_expected,"This certification Logic Functional Language (DeepML) example teaches ambiguous instance. It preserves the corpus-derived source → AST → typed/policy-verified semantic record → R12 → MCRT trace and uses deterministic IDs, hashes, provenance, and no-network safety. The example is intentionally invalid and must be rejected at type check."
DMLL-SAFETY_GATE-09101,EX-DMLL-09101,impure_effect,validation_certification,safety_gate,fail_as_expected,"This certification Logic Functional Language (DeepML) example teaches impure effect. It preserves the corpus-derived source → AST → typed/policy-verified semantic record → R12 → MCRT trace and uses deterministic IDs, hashes, provenance, and no-network safety. The example is intentionally invalid and must be rejected at safety gate."
DMLL-SEMANTIC_VALIDATION-09102,EX-DMLL-09102,unsound_proof,validation_certification,semantic_validation,fail_as_expected,"This certification Logic Functional Language (DeepML) example teaches unsound proof. It preserves the corpus-derived source → AST → typed/policy-verified semantic record → R12 → MCRT trace and uses deterministic IDs, hashes, provenance, and no-network safety. The example is intentionally invalid and must be rejected at semantic validation."
DMLL-SEMANTIC_VALIDATION-09103,EX-DMLL-09103,contradictory_facts,validation_certification,semantic_validation,fail_as_expected,"This certification Logic Functional Language (DeepML) example teaches contradictory facts. It preserves the corpus-derived source → AST → typed/policy-verified semantic record → R12 → MCRT trace and uses deterministic IDs, hashes, provenance, and no-network safety. The example is intentionally invalid and must be rejected at semantic validation."
DMLL-TYPE_CHECK-09104,EX-DMLL-09104,incomplete_match,validation_certification,type_check,fail_as_expected,"This certification Logic Functional Language (DeepML) example teaches incomplete match. It preserves the corpus-derived source → AST → typed/policy-verified semantic record → R12 → MCRT trace and uses deterministic IDs, hashes, provenance, and no-network safety. The example is intentionally invalid and must be rejected at type check."
DMLL-SEMANTIC_VALIDATION-09105,EX-DMLL-09105,inference_divergence,validation_certification,semantic_validation,fail_as_expected,"This certification Logic Functional Language (DeepML) example teaches inference divergence. It preserves the corpus-derived source → AST → typed/policy-verified semantic record → R12 → MCRT trace and uses deterministic IDs, hashes, provenance, and no-network safety. The example is intentionally invalid and must be rejected at semantic validation."
DMLL-SEMANTIC_VALIDATION-09106,EX-DMLL-09106,nontermination,validation_certification,semantic_validation,fail_as_expected,"This certification Logic Functional Language (DeepML) example teaches nontermination. It preserves the corpus-derived source → AST → typed/policy-verified semantic record → R12 → MCRT trace and uses deterministic IDs, hashes, provenance, and no-network safety. The example is intentionally invalid and must be rejected at semantic validation."
DMLL-SEMANTIC_VALIDATION-09107,EX-DMLL-09107,occurs_check,validation_certification,semantic_validation,fail_as_expected,"This certification Logic Functional Language (DeepML) example teaches occurs check. It preserves the corpus-derived source → AST → typed/policy-verified semantic record → R12 → MCRT trace and uses deterministic IDs, hashes, provenance, and no-network safety. The example is intentionally invalid and must be rejected at semantic validation."
DMLL-TYPE_CHECK-09108,EX-DMLL-09108,ambiguous_instance,validation_certification,type_check,fail_as_expected,"This certification Logic Functional Language (DeepML) example teaches ambiguous instance. It preserves the corpus-derived source → AST → typed/policy-verified semantic record → R12 → MCRT trace and uses deterministic IDs, hashes, provenance, and no-network safety. The example is intentionally invalid and must be rejected at type check."
DMLL-SEMANTIC_VALIDATION-09110,EX-DMLL-09110,unsound_proof,validation_certification,semantic_validation,fail_as_expected,"This certification Logic Functional Language (DeepML) example teaches unsound proof. It preserves the corpus-derived source → AST → typed/policy-verified semantic record → R12 → MCRT trace and uses deterministic IDs, hashes, provenance, and no-network safety. The example is intentionally invalid and must be rejected at semantic validation."
DMLL-SEMANTIC_VALIDATION-09111,EX-DMLL-09111,contradictory_facts,validation_certification,semantic_validation,fail_as_expected,"This certification Logic Functional Language (DeepML) example teaches contradictory facts. It preserves the corpus-derived source → AST → typed/policy-verified semantic record → R12 → MCRT trace and uses deterministic IDs, hashes, provenance, and no-network safety. The example is intentionally invalid and must be rejected at semantic validation."
DMLL-TYPE_CHECK-09112,EX-DMLL-09112,incomplete_match,validation_certification,type_check,fail_as_expected,"This certification Logic Functional Language (DeepML) example teaches incomplete match. It preserves the corpus-derived source → AST → typed/policy-verified semantic record → R12 → MCRT trace and uses deterministic IDs, hashes, provenance, and no-network safety. The example is intentionally invalid and must be rejected at type check."
DMLL-SEMANTIC_VALIDATION-09113,EX-DMLL-09113,inference_divergence,validation_certification,semantic_validation,fail_as_expected,"This certification Logic Functional Language (DeepML) example teaches inference divergence. It preserves the corpus-derived source → AST → typed/policy-verified semantic record → R12 → MCRT trace and uses deterministic IDs, hashes, provenance, and no-network safety. The example is intentionally invalid and must be rejected at semantic validation."
DMLL-SEMANTIC_VALIDATION-09114,EX-DMLL-09114,nontermination,validation_certification,semantic_validation,fail_as_expected,"This certification Logic Functional Language (DeepML) example teaches nontermination. It preserves the corpus-derived source → AST → typed/policy-verified semantic record → R12 → MCRT trace and uses deterministic IDs, hashes, provenance, and no-network safety. The example is intentionally invalid and must be rejected at semantic validation."
DMLL-SEMANTIC_VALIDATION-09115,EX-DMLL-09115,occurs_check,validation_certification,semantic_validation,fail_as_expected,"This certification Logic Functional Language (DeepML) example teaches occurs check. It preserves the corpus-derived source → AST → typed/policy-verified semantic record → R12 → MCRT trace and uses deterministic IDs, hashes, provenance, and no-network safety. The example is intentionally invalid and must be rejected at semantic validation."
DMLL-TYPE_CHECK-09116,EX-DMLL-09116,ambiguous_instance,validation_certification,type_check,fail_as_expected,"This certification Logic Functional Language (DeepML) example teaches ambiguous instance. It preserves the corpus-derived source → AST → typed/policy-verified semantic record → R12 → MCRT trace and uses deterministic IDs, hashes, provenance, and no-network safety. The example is intentionally invalid and must be rejected at type check."
DMLL-SEMANTIC_VALIDATION-09118,EX-DMLL-09118,unsound_proof,validation_certification,semantic_validation,fail_as_expected,"This certification Logic Functional Language (DeepML) example teaches unsound proof. It preserves the corpus-derived source → AST → typed/policy-verified semantic record → R12 → MCRT trace and uses deterministic IDs, hashes, provenance, and no-network safety. The example is intentionally invalid and must be rejected at semantic validation."
DMLL-SEMANTIC_VALIDATION-09119,EX-DMLL-09119,contradictory_facts,validation_certification,semantic_validation,fail_as_expected,"This certification Logic Functional Language (DeepML) example teaches contradictory facts. It preserves the corpus-derived source → AST → typed/policy-verified semantic record → R12 → MCRT trace and uses deterministic IDs, hashes, provenance, and no-network safety. The example is intentionally invalid and must be rejected at semantic validation."
DMLL-TYPE_CHECK-09120,EX-DMLL-09120,incomplete_match,validation_certification,type_check,fail_as_expected,"This certification Logic Functional Language (DeepML) example teaches incomplete match. It preserves the corpus-derived source → AST → typed/policy-verified semantic record → R12 → MCRT trace and uses deterministic IDs, hashes, provenance, and no-network safety. The example is intentionally invalid and must be rejected at type check."
DMLL-SEMANTIC_VALIDATION-09121,EX-DMLL-09121,inference_divergence,validation_certification,semantic_validation,fail_as_expected,"This certification Logic Functional Language (DeepML) example teaches inference divergence. It preserves the corpus-derived source → AST → typed/policy-verified semantic record → R12 → MCRT trace and uses deterministic IDs, hashes, provenance, and no-network safety. The example is intentionally invalid and must be rejected at semantic validation."
DMLL-SEMANTIC_VALIDATION-09122,EX-DMLL-09122,nontermination,validation_certification,semantic_validation,fail_as_expected,"This certification Logic Functional Language (DeepML) example teaches nontermination. It preserves the corpus-derived source → AST → typed/policy-verified semantic record → R12 → MCRT trace and uses deterministic IDs, hashes, provenance, and no-network safety. The example is intentionally invalid and must be rejected at semantic validation."
DMLL-SEMANTIC_VALIDATION-09123,EX-DMLL-09123,occurs_check,validation_certification,semantic_validation,fail_as_expected,"This certification Logic Functional Language (DeepML) example teaches occurs check. It preserves the corpus-derived source → AST → typed/policy-verified semantic record → R12 → MCRT trace and uses deterministic IDs, hashes, provenance, and no-network safety. The example is intentionally invalid and must be rejected at semantic validation."
DMLL-TYPE_CHECK-09124,EX-DMLL-09124,ambiguous_instance,validation_certification,type_check,fail_as_expected,"This certification Logic Functional Language (DeepML) example teaches ambiguous instance. It preserves the corpus-derived source → AST → typed/policy-verified semantic record → R12 → MCRT trace and uses deterministic IDs, hashes, provenance, and no-network safety. The example is intentionally invalid and must be rejected at type check."
DMLL-SEMANTIC_VALIDATION-09126,EX-DMLL-09126,unsound_proof,validation_certification,semantic_validation,fail_as_expected,"This certification Logic Functional Language (DeepML) example teaches unsound proof. It preserves the corpus-derived source → AST → typed/policy-verified semantic record → R12 → MCRT trace and uses deterministic IDs, hashes, provenance, and no-network safety. The example is intentionally invalid and must be rejected at semantic validation."
DMLL-SEMANTIC_VALIDATION-09127,EX-DMLL-09127,contradictory_facts,validation_certification,semantic_validation,fail_as_expected,"This certification Logic Functional Language (DeepML) example teaches contradictory facts. It preserves the corpus-derived source → AST → typed/policy-verified semantic record → R12 → MCRT trace and uses deterministic IDs, hashes, provenance, and no-network safety. The example is intentionally invalid and must be rejected at semantic validation."
DMLL-TYPE_CHECK-09128,EX-DMLL-09128,incomplete_match,validation_certification,type_check,fail_as_expected,"This certification Logic Functional Language (DeepML) example teaches incomplete match. It preserves the corpus-derived source → AST → typed/policy-verified semantic record → R12 → MCRT trace and uses deterministic IDs, hashes, provenance, and no-network safety. The example is intentionally invalid and must be rejected at type check."
DMLL-SEMANTIC_VALIDATION-09129,EX-DMLL-09129,inference_divergence,validation_certification,semantic_validation,fail_as_expected,"This certification Logic Functional Language (DeepML) example teaches inference divergence. It preserves the corpus-derived source → AST → typed/policy-verified semantic record → R12 → MCRT trace and uses deterministic IDs, hashes, provenance, and no-network safety. The example is intentionally invalid and must be rejected at semantic validation."
DMLL-SEMANTIC_VALIDATION-09130,EX-DMLL-09130,nontermination,validation_certification,semantic_validation,fail_as_expected,"This certification Logic Functional Language (DeepML) example teaches nontermination. It preserves the corpus-derived source → AST → typed/policy-verified semantic record → R12 → MCRT trace and uses deterministic IDs, hashes, provenance, and no-network safety. The example is intentionally invalid and must be rejected at semantic validation."
DMLL-SEMANTIC_VALIDATION-09131,EX-DMLL-09131,occurs_check,validation_certification,semantic_validation,fail_as_expected,"This certification Logic Functional Language (DeepML) example teaches occurs check. It preserves the corpus-derived source → AST → typed/policy-verified semantic record → R12 → MCRT trace and uses deterministic IDs, hashes, provenance, and no-network safety. The example is intentionally invalid and must be rejected at semantic validation."
DMLL-TYPE_CHECK-09132,EX-DMLL-09132,ambiguous_instance,validation_certification,type_check,fail_as_expected,"This certification Logic Functional Language (DeepML) example teaches ambiguous instance. It preserves the corpus-derived source → AST → typed/policy-verified semantic record → R12 → MCRT trace and uses deterministic IDs, hashes, provenance, and no-network safety. The example is intentionally invalid and must be rejected at type check."
DMLL-SEMANTIC_VALIDATION-09134,EX-DMLL-09134,unsound_proof,validation_certification,semantic_validation,fail_as_expected,"This certification Logic Functional Language (DeepML) example teaches unsound proof. It preserves the corpus-derived source → AST → typed/policy-verified semantic record → R12 → MCRT trace and uses deterministic IDs, hashes, provenance, and no-network safety. The example is intentionally invalid and must be rejected at semantic validation."
DMLL-SEMANTIC_VALIDATION-09135,EX-DMLL-09135,contradictory_facts,validation_certification,semantic_validation,fail_as_expected,"This certification Logic Functional Language (DeepML) example teaches contradictory facts. It preserves the corpus-derived source → AST → typed/policy-verified semantic record → R12 → MCRT trace and uses deterministic IDs, hashes, provenance, and no-network safety. The example is intentionally invalid and must be rejected at semantic validation."
DMLL-TYPE_CHECK-09136,EX-DMLL-09136,incomplete_match,validation_certification,type_check,fail_as_expected,"This certification Logic Functional Language (DeepML) example teaches incomplete match. It preserves the corpus-derived source → AST → typed/policy-verified semantic record → R12 → MCRT trace and uses deterministic IDs, hashes, provenance, and no-network safety. The example is intentionally invalid and must be rejected at type check."
DMLL-SEMANTIC_VALIDATION-09137,EX-DMLL-09137,inference_divergence,validation_certification,semantic_validation,fail_as_expected,"This certification Logic Functional Language (DeepML) example teaches inference divergence. It preserves the corpus-derived source → AST → typed/policy-verified semantic record → R12 → MCRT trace and uses deterministic IDs, hashes, provenance, and no-network safety. The example is intentionally invalid and must be rejected at semantic validation."
DMLL-SEMANTIC_VALIDATION-09138,EX-DMLL-09138,nontermination,validation_certification,semantic_validation,fail_as_expected,"This certification Logic Functional Language (DeepML) example teaches nontermination. It preserves the corpus-derived source → AST → typed/policy-verified semantic record → R12 → MCRT trace and uses deterministic IDs, hashes, provenance, and no-network safety. The example is intentionally invalid and must be rejected at semantic validation."
DMLL-SEMANTIC_VALIDATION-09139,EX-DMLL-09139,occurs_check,validation_certification,semantic_validation,fail_as_expected,"This certification Logic Functional Language (DeepML) example teaches occurs check. It preserves the corpus-derived source → AST → typed/policy-verified semantic record → R12 → MCRT trace and uses deterministic IDs, hashes, provenance, and no-network safety. The example is intentionally invalid and must be rejected at semantic validation."
DMLL-TYPE_CHECK-09140,EX-DMLL-09140,ambiguous_instance,validation_certification,type_check,fail_as_expected,"This certification Logic Functional Language (DeepML) example teaches ambiguous instance. It preserves the corpus-derived source → AST → typed/policy-verified semantic record → R12 → MCRT trace and uses deterministic IDs, hashes, provenance, and no-network safety. The example is intentionally invalid and must be rejected at type check."
DMLL-SEMANTIC_VALIDATION-09142,EX-DMLL-09142,unsound_proof,validation_certification,semantic_validation,fail_as_expected,"This certification Logic Functional Language (DeepML) example teaches unsound proof. It preserves the corpus-derived source → AST → typed/policy-verified semantic record → R12 → MCRT trace and uses deterministic IDs, hashes, provenance, and no-network safety. The example is intentionally invalid and must be rejected at semantic validation."
DMLL-SEMANTIC_VALIDATION-09143,EX-DMLL-09143,contradictory_facts,validation_certification,semantic_validation,fail_as_expected,"This certification Logic Functional Language (DeepML) example teaches contradictory facts. It preserves the corpus-derived source → AST → typed/policy-verified semantic record → R12 → MCRT trace and uses deterministic IDs, hashes, provenance, and no-network safety. The example is intentionally invalid and must be rejected at semantic validation."
DMLL-TYPE_CHECK-09144,EX-DMLL-09144,incomplete_match,validation_certification,type_check,fail_as_expected,"This certification Logic Functional Language (DeepML) example teaches incomplete match. It preserves the corpus-derived source → AST → typed/policy-verified semantic record → R12 → MCRT trace and uses deterministic IDs, hashes, provenance, and no-network safety. The example is intentionally invalid and must be rejected at type check."
DMLL-SEMANTIC_VALIDATION-09145,EX-DMLL-09145,inference_divergence,validation_certification,semantic_validation,fail_as_expected,"This certification Logic Functional Language (DeepML) example teaches inference divergence. It preserves the corpus-derived source → AST → typed/policy-verified semantic record → R12 → MCRT trace and uses deterministic IDs, hashes, provenance, and no-network safety. The example is intentionally invalid and must be rejected at semantic validation."
DMLL-SEMANTIC_VALIDATION-09146,EX-DMLL-09146,nontermination,validation_certification,semantic_validation,fail_as_expected,"This certification Logic Functional Language (DeepML) example teaches nontermination. It preserves the corpus-derived source → AST → typed/policy-verified semantic record → R12 → MCRT trace and uses deterministic IDs, hashes, provenance, and no-network safety. The example is intentionally invalid and must be rejected at semantic validation."
DMLL-SEMANTIC_VALIDATION-09147,EX-DMLL-09147,occurs_check,validation_certification,semantic_validation,fail_as_expected,"This certification Logic Functional Language (DeepML) example teaches occurs check. It preserves the corpus-derived source → AST → typed/policy-verified semantic record → R12 → MCRT trace and uses deterministic IDs, hashes, provenance, and no-network safety. The example is intentionally invalid and must be rejected at semantic validation."
DMLL-TYPE_CHECK-09148,EX-DMLL-09148,ambiguous_instance,validation_certification,type_check,fail_as_expected,"This certification Logic Functional Language (DeepML) example teaches ambiguous instance. It preserves the corpus-derived source → AST → typed/policy-verified semantic record → R12 → MCRT trace and uses deterministic IDs, hashes, provenance, and no-network safety. The example is intentionally invalid and must be rejected at type check."
DMLL-SEMANTIC_VALIDATION-09150,EX-DMLL-09150,unsound_proof,validation_certification,semantic_validation,fail_as_expected,"This certification Logic Functional Language (DeepML) example teaches unsound proof. It preserves the corpus-derived source → AST → typed/policy-verified semantic record → R12 → MCRT trace and uses deterministic IDs, hashes, provenance, and no-network safety. The example is intentionally invalid and must be rejected at semantic validation."
DMLL-SEMANTIC_VALIDATION-09151,EX-DMLL-09151,contradictory_facts,validation_certification,semantic_validation,fail_as_expected,"This certification Logic Functional Language (DeepML) example teaches contradictory facts. It preserves the corpus-derived source → AST → typed/policy-verified semantic record → R12 → MCRT trace and uses deterministic IDs, hashes, provenance, and no-network safety. The example is intentionally invalid and must be rejected at semantic validation."
DMLL-TYPE_CHECK-09152,EX-DMLL-09152,incomplete_match,validation_certification,type_check,fail_as_expected,"This certification Logic Functional Language (DeepML) example teaches incomplete match. It preserves the corpus-derived source → AST → typed/policy-verified semantic record → R12 → MCRT trace and uses deterministic IDs, hashes, provenance, and no-network safety. The example is intentionally invalid and must be rejected at type check."
DMLL-SEMANTIC_VALIDATION-09153,EX-DMLL-09153,inference_divergence,validation_certification,semantic_validation,fail_as_expected,"This certification Logic Functional Language (DeepML) example teaches inference divergence. It preserves the corpus-derived source → AST → typed/policy-verified semantic record → R12 → MCRT trace and uses deterministic IDs, hashes, provenance, and no-network safety. The example is intentionally invalid and must be rejected at semantic validation."
DMLL-SEMANTIC_VALIDATION-09154,EX-DMLL-09154,nontermination,validation_certification,semantic_validation,fail_as_expected,"This certification Logic Functional Language (DeepML) example teaches nontermination. It preserves the corpus-derived source → AST → typed/policy-verified semantic record → R12 → MCRT trace and uses deterministic IDs, hashes, provenance, and no-network safety. The example is intentionally invalid and must be rejected at semantic validation."
DMLL-SEMANTIC_VALIDATION-09155,EX-DMLL-09155,occurs_check,validation_certification,semantic_validation,fail_as_expected,"This certification Logic Functional Language (DeepML) example teaches occurs check. It preserves the corpus-derived source → AST → typed/policy-verified semantic record → R12 → MCRT trace and uses deterministic IDs, hashes, provenance, and no-network safety. The example is intentionally invalid and must be rejected at semantic validation."
DMLL-TYPE_CHECK-09156,EX-DMLL-09156,ambiguous_instance,validation_certification,type_check,fail_as_expected,"This certification Logic Functional Language (DeepML) example teaches ambiguous instance. It preserves the corpus-derived source → AST → typed/policy-verified semantic record → R12 → MCRT trace and uses deterministic IDs, hashes, provenance, and no-network safety. The example is intentionally invalid and must be rejected at type check."
DMLL-SEMANTIC_VALIDATION-09158,EX-DMLL-09158,unsound_proof,validation_certification,semantic_validation,fail_as_expected,"This certification Logic Functional Language (DeepML) example teaches unsound proof. It preserves the corpus-derived source → AST → typed/policy-verified semantic record → R12 → MCRT trace and uses deterministic IDs, hashes, provenance, and no-network safety. The example is intentionally invalid and must be rejected at semantic validation."
DMLL-SEMANTIC_VALIDATION-09159,EX-DMLL-09159,contradictory_facts,validation_certification,semantic_validation,fail_as_expected,"This certification Logic Functional Language (DeepML) example teaches contradictory facts. It preserves the corpus-derived source → AST → typed/policy-verified semantic record → R12 → MCRT trace and uses deterministic IDs, hashes, provenance, and no-network safety. The example is intentionally invalid and must be rejected at semantic validation."
DMLL-TYPE_CHECK-09160,EX-DMLL-09160,incomplete_match,validation_certification,type_check,fail_as_expected,"This certification Logic Functional Language (DeepML) example teaches incomplete match. It preserves the corpus-derived source → AST → typed/policy-verified semantic record → R12 → MCRT trace and uses deterministic IDs, hashes, provenance, and no-network safety. The example is intentionally invalid and must be rejected at type check."
DMLL-SEMANTIC_VALIDATION-09161,EX-DMLL-09161,inference_divergence,validation_certification,semantic_validation,fail_as_expected,"This certification Logic Functional Language (DeepML) example teaches inference divergence. It preserves the corpus-derived source → AST → typed/policy-verified semantic record → R12 → MCRT trace and uses deterministic IDs, hashes, provenance, and no-network safety. The example is intentionally invalid and must be rejected at semantic validation."
DMLL-SEMANTIC_VALIDATION-09162,EX-DMLL-09162,nontermination,validation_certification,semantic_validation,fail_as_expected,"This certification Logic Functional Language (DeepML) example teaches nontermination. It preserves the corpus-derived source → AST → typed/policy-verified semantic record → R12 → MCRT trace and uses deterministic IDs, hashes, provenance, and no-network safety. The example is intentionally invalid and must be rejected at semantic validation."
DMLL-SEMANTIC_VALIDATION-09163,EX-DMLL-09163,occurs_check,validation_certification,semantic_validation,fail_as_expected,"This certification Logic Functional Language (DeepML) example teaches occurs check. It preserves the corpus-derived source → AST → typed/policy-verified semantic record → R12 → MCRT trace and uses deterministic IDs, hashes, provenance, and no-network safety. The example is intentionally invalid and must be rejected at semantic validation."
DMLL-TYPE_CHECK-09164,EX-DMLL-09164,ambiguous_instance,validation_certification,type_check,fail_as_expected,"This certification Logic Functional Language (DeepML) example teaches ambiguous instance. It preserves the corpus-derived source → AST → typed/policy-verified semantic record → R12 → MCRT trace and uses deterministic IDs, hashes, provenance, and no-network safety. The example is intentionally invalid and must be rejected at type check."
DMLL-SAFETY_GATE-09165,EX-DMLL-09165,impure_effect,validation_certification,safety_gate,fail_as_expected,"This certification Logic Functional Language (DeepML) example teaches impure effect. It preserves the corpus-derived source → AST → typed/policy-verified semantic record → R12 → MCRT trace and uses deterministic IDs, hashes, provenance, and no-network safety. The example is intentionally invalid and must be rejected at safety gate."
DMLL-SEMANTIC_VALIDATION-09166,EX-DMLL-09166,unsound_proof,validation_certification,semantic_validation,fail_as_expected,"This certification Logic Functional Language (DeepML) example teaches unsound proof. It preserves the corpus-derived source → AST → typed/policy-verified semantic record → R12 → MCRT trace and uses deterministic IDs, hashes, provenance, and no-network safety. The example is intentionally invalid and must be rejected at semantic validation."
DMLL-SEMANTIC_VALIDATION-09167,EX-DMLL-09167,contradictory_facts,validation_certification,semantic_validation,fail_as_expected,"This certification Logic Functional Language (DeepML) example teaches contradictory facts. It preserves the corpus-derived source → AST → typed/policy-verified semantic record → R12 → MCRT trace and uses deterministic IDs, hashes, provenance, and no-network safety. The example is intentionally invalid and must be rejected at semantic validation."
DMLL-TYPE_CHECK-09168,EX-DMLL-09168,incomplete_match,validation_certification,type_check,fail_as_expected,"This certification Logic Functional Language (DeepML) example teaches incomplete match. It preserves the corpus-derived source → AST → typed/policy-verified semantic record → R12 → MCRT trace and uses deterministic IDs, hashes, provenance, and no-network safety. The example is intentionally invalid and must be rejected at type check."
DMLL-SEMANTIC_VALIDATION-09169,EX-DMLL-09169,inference_divergence,validation_certification,semantic_validation,fail_as_expected,"This certification Logic Functional Language (DeepML) example teaches inference divergence. It preserves the corpus-derived source → AST → typed/policy-verified semantic record → R12 → MCRT trace and uses deterministic IDs, hashes, provenance, and no-network safety. The example is intentionally invalid and must be rejected at semantic validation."
DMLL-SEMANTIC_VALIDATION-09170,EX-DMLL-09170,nontermination,validation_certification,semantic_validation,fail_as_expected,"This certification Logic Functional Language (DeepML) example teaches nontermination. It preserves the corpus-derived source → AST → typed/policy-verified semantic record → R12 → MCRT trace and uses deterministic IDs, hashes, provenance, and no-network safety. The example is intentionally invalid and must be rejected at semantic validation."
DMLL-SEMANTIC_VALIDATION-09171,EX-DMLL-09171,occurs_check,validation_certification,semantic_validation,fail_as_expected,"This certification Logic Functional Language (DeepML) example teaches occurs check. It preserves the corpus-derived source → AST → typed/policy-verified semantic record → R12 → MCRT trace and uses deterministic IDs, hashes, provenance, and no-network safety. The example is intentionally invalid and must be rejected at semantic validation."
DMLL-TYPE_CHECK-09172,EX-DMLL-09172,ambiguous_instance,validation_certification,type_check,fail_as_expected,"This certification Logic Functional Language (DeepML) example teaches ambiguous instance. It preserves the corpus-derived source → AST → typed/policy-verified semantic record → R12 → MCRT trace and uses deterministic IDs, hashes, provenance, and no-network safety. The example is intentionally invalid and must be rejected at type check."
DMLL-SAFETY_GATE-09173,EX-DMLL-09173,impure_effect,validation_certification,safety_gate,fail_as_expected,"This certification Logic Functional Language (DeepML) example teaches impure effect. It preserves the corpus-derived source → AST → typed/policy-verified semantic record → R12 → MCRT trace and uses deterministic IDs, hashes, provenance, and no-network safety. The example is intentionally invalid and must be rejected at safety gate."
DMLL-SEMANTIC_VALIDATION-09174,EX-DMLL-09174,unsound_proof,validation_certification,semantic_validation,fail_as_expected,"This certification Logic Functional Language (DeepML) example teaches unsound proof. It preserves the corpus-derived source → AST → typed/policy-verified semantic record → R12 → MCRT trace and uses deterministic IDs, hashes, provenance, and no-network safety. The example is intentionally invalid and must be rejected at semantic validation."
DMLL-SEMANTIC_VALIDATION-09175,EX-DMLL-09175,contradictory_facts,validation_certification,semantic_validation,fail_as_expected,"This certification Logic Functional Language (DeepML) example teaches contradictory facts. It preserves the corpus-derived source → AST → typed/policy-verified semantic record → R12 → MCRT trace and uses deterministic IDs, hashes, provenance, and no-network safety. The example is intentionally invalid and must be rejected at semantic validation."
DMLL-TYPE_CHECK-09176,EX-DMLL-09176,incomplete_match,validation_certification,type_check,fail_as_expected,"This certification Logic Functional Language (DeepML) example teaches incomplete match. It preserves the corpus-derived source → AST → typed/policy-verified semantic record → R12 → MCRT trace and uses deterministic IDs, hashes, provenance, and no-network safety. The example is intentionally invalid and must be rejected at type check."
DMLL-SEMANTIC_VALIDATION-09177,EX-DMLL-09177,inference_divergence,validation_certification,semantic_validation,fail_as_expected,"This certification Logic Functional Language (DeepML) example teaches inference divergence. It preserves the corpus-derived source → AST → typed/policy-verified semantic record → R12 → MCRT trace and uses deterministic IDs, hashes, provenance, and no-network safety. The example is intentionally invalid and must be rejected at semantic validation."
DMLL-SEMANTIC_VALIDATION-09178,EX-DMLL-09178,nontermination,validation_certification,semantic_validation,fail_as_expected,"This certification Logic Functional Language (DeepML) example teaches nontermination. It preserves the corpus-derived source → AST → typed/policy-verified semantic record → R12 → MCRT trace and uses deterministic IDs, hashes, provenance, and no-network safety. The example is intentionally invalid and must be rejected at semantic validation."
DMLL-SEMANTIC_VALIDATION-09179,EX-DMLL-09179,occurs_check,validation_certification,semantic_validation,fail_as_expected,"This certification Logic Functional Language (DeepML) example teaches occurs check. It preserves the corpus-derived source → AST → typed/policy-verified semantic record → R12 → MCRT trace and uses deterministic IDs, hashes, provenance, and no-network safety. The example is intentionally invalid and must be rejected at semantic validation."
DMLL-TYPE_CHECK-09180,EX-DMLL-09180,ambiguous_instance,validation_certification,type_check,fail_as_expected,"This certification Logic Functional Language (DeepML) example teaches ambiguous instance. It preserves the corpus-derived source → AST → typed/policy-verified semantic record → R12 → MCRT trace and uses deterministic IDs, hashes, provenance, and no-network safety. The example is intentionally invalid and must be rejected at type check."
DMLL-SAFETY_GATE-09181,EX-DMLL-09181,impure_effect,validation_certification,safety_gate,fail_as_expected,"This certification Logic Functional Language (DeepML) example teaches impure effect. It preserves the corpus-derived source → AST → typed/policy-verified semantic record → R12 → MCRT trace and uses deterministic IDs, hashes, provenance, and no-network safety. The example is intentionally invalid and must be rejected at safety gate."
DMLL-SEMANTIC_VALIDATION-09182,EX-DMLL-09182,unsound_proof,validation_certification,semantic_validation,fail_as_expected,"This certification Logic Functional Language (DeepML) example teaches unsound proof. It preserves the corpus-derived source → AST → typed/policy-verified semantic record → R12 → MCRT trace and uses deterministic IDs, hashes, provenance, and no-network safety. The example is intentionally invalid and must be rejected at semantic validation."
DMLL-SEMANTIC_VALIDATION-09183,EX-DMLL-09183,contradictory_facts,validation_certification,semantic_validation,fail_as_expected,"This certification Logic Functional Language (DeepML) example teaches contradictory facts. It preserves the corpus-derived source → AST → typed/policy-verified semantic record → R12 → MCRT trace and uses deterministic IDs, hashes, provenance, and no-network safety. The example is intentionally invalid and must be rejected at semantic validation."
DMLL-TYPE_CHECK-09184,EX-DMLL-09184,incomplete_match,validation_certification,type_check,fail_as_expected,"This certification Logic Functional Language (DeepML) example teaches incomplete match. It preserves the corpus-derived source → AST → typed/policy-verified semantic record → R12 → MCRT trace and uses deterministic IDs, hashes, provenance, and no-network safety. The example is intentionally invalid and must be rejected at type check."
DMLL-SEMANTIC_VALIDATION-09185,EX-DMLL-09185,inference_divergence,validation_certification,semantic_validation,fail_as_expected,"This certification Logic Functional Language (DeepML) example teaches inference divergence. It preserves the corpus-derived source → AST → typed/policy-verified semantic record → R12 → MCRT trace and uses deterministic IDs, hashes, provenance, and no-network safety. The example is intentionally invalid and must be rejected at semantic validation."
DMLL-SEMANTIC_VALIDATION-09186,EX-DMLL-09186,nontermination,validation_certification,semantic_validation,fail_as_expected,"This certification Logic Functional Language (DeepML) example teaches nontermination. It preserves the corpus-derived source → AST → typed/policy-verified semantic record → R12 → MCRT trace and uses deterministic IDs, hashes, provenance, and no-network safety. The example is intentionally invalid and must be rejected at semantic validation."
DMLL-SEMANTIC_VALIDATION-09187,EX-DMLL-09187,occurs_check,validation_certification,semantic_validation,fail_as_expected,"This certification Logic Functional Language (DeepML) example teaches occurs check. It preserves the corpus-derived source → AST → typed/policy-verified semantic record → R12 → MCRT trace and uses deterministic IDs, hashes, provenance, and no-network safety. The example is intentionally invalid and must be rejected at semantic validation."
DMLL-TYPE_CHECK-09188,EX-DMLL-09188,ambiguous_instance,validation_certification,type_check,fail_as_expected,"This certification Logic Functional Language (DeepML) example teaches ambiguous instance. It preserves the corpus-derived source → AST → typed/policy-verified semantic record → R12 → MCRT trace and uses deterministic IDs, hashes, provenance, and no-network safety. The example is intentionally invalid and must be rejected at type check."
DMLL-SAFETY_GATE-09189,EX-DMLL-09189,impure_effect,validation_certification,safety_gate,fail_as_expected,"This certification Logic Functional Language (DeepML) example teaches impure effect. It preserves the corpus-derived source → AST → typed/policy-verified semantic record → R12 → MCRT trace and uses deterministic IDs, hashes, provenance, and no-network safety. The example is intentionally invalid and must be rejected at safety gate."
DMLL-SEMANTIC_VALIDATION-09190,EX-DMLL-09190,unsound_proof,validation_certification,semantic_validation,fail_as_expected,"This certification Logic Functional Language (DeepML) example teaches unsound proof. It preserves the corpus-derived source → AST → typed/policy-verified semantic record → R12 → MCRT trace and uses deterministic IDs, hashes, provenance, and no-network safety. The example is intentionally invalid and must be rejected at semantic validation."
DMLL-SEMANTIC_VALIDATION-09191,EX-DMLL-09191,contradictory_facts,validation_certification,semantic_validation,fail_as_expected,"This certification Logic Functional Language (DeepML) example teaches contradictory facts. It preserves the corpus-derived source → AST → typed/policy-verified semantic record → R12 → MCRT trace and uses deterministic IDs, hashes, provenance, and no-network safety. The example is intentionally invalid and must be rejected at semantic validation."
DMLL-TYPE_CHECK-09192,EX-DMLL-09192,incomplete_match,validation_certification,type_check,fail_as_expected,"This certification Logic Functional Language (DeepML) example teaches incomplete match. It preserves the corpus-derived source → AST → typed/policy-verified semantic record → R12 → MCRT trace and uses deterministic IDs, hashes, provenance, and no-network safety. The example is intentionally invalid and must be rejected at type check."
DMLL-SEMANTIC_VALIDATION-09193,EX-DMLL-09193,inference_divergence,validation_certification,semantic_validation,fail_as_expected,"This certification Logic Functional Language (DeepML) example teaches inference divergence. It preserves the corpus-derived source → AST → typed/policy-verified semantic record → R12 → MCRT trace and uses deterministic IDs, hashes, provenance, and no-network safety. The example is intentionally invalid and must be rejected at semantic validation."
DMLL-SEMANTIC_VALIDATION-09194,EX-DMLL-09194,nontermination,validation_certification,semantic_validation,fail_as_expected,"This certification Logic Functional Language (DeepML) example teaches nontermination. It preserves the corpus-derived source → AST → typed/policy-verified semantic record → R12 → MCRT trace and uses deterministic IDs, hashes, provenance, and no-network safety. The example is intentionally invalid and must be rejected at semantic validation."
DMLL-SEMANTIC_VALIDATION-09195,EX-DMLL-09195,occurs_check,validation_certification,semantic_validation,fail_as_expected,"This certification Logic Functional Language (DeepML) example teaches occurs check. It preserves the corpus-derived source → AST → typed/policy-verified semantic record → R12 → MCRT trace and uses deterministic IDs, hashes, provenance, and no-network safety. The example is intentionally invalid and must be rejected at semantic validation."
DMLL-TYPE_CHECK-09196,EX-DMLL-09196,ambiguous_instance,validation_certification,type_check,fail_as_expected,"This certification Logic Functional Language (DeepML) example teaches ambiguous instance. It preserves the corpus-derived source → AST → typed/policy-verified semantic record → R12 → MCRT trace and uses deterministic IDs, hashes, provenance, and no-network safety. The example is intentionally invalid and must be rejected at type check."
DMLL-SAFETY_GATE-09197,EX-DMLL-09197,impure_effect,validation_certification,safety_gate,fail_as_expected,"This certification Logic Functional Language (DeepML) example teaches impure effect. It preserves the corpus-derived source → AST → typed/policy-verified semantic record → R12 → MCRT trace and uses deterministic IDs, hashes, provenance, and no-network safety. The example is intentionally invalid and must be rejected at safety gate."
DMLL-SEMANTIC_VALIDATION-09198,EX-DMLL-09198,unsound_proof,validation_certification,semantic_validation,fail_as_expected,"This certification Logic Functional Language (DeepML) example teaches unsound proof. It preserves the corpus-derived source → AST → typed/policy-verified semantic record → R12 → MCRT trace and uses deterministic IDs, hashes, provenance, and no-network safety. The example is intentionally invalid and must be rejected at semantic validation."
DMLL-SEMANTIC_VALIDATION-09199,EX-DMLL-09199,contradictory_facts,validation_certification,semantic_validation,fail_as_expected,"This certification Logic Functional Language (DeepML) example teaches contradictory facts. It preserves the corpus-derived source → AST → typed/policy-verified semantic record → R12 → MCRT trace and uses deterministic IDs, hashes, provenance, and no-network safety. The example is intentionally invalid and must be rejected at semantic validation."
DMLL-TYPE_CHECK-09200,EX-DMLL-09200,incomplete_match,validation_certification,type_check,fail_as_expected,"This certification Logic Functional Language (DeepML) example teaches incomplete match. It preserves the corpus-derived source → AST → typed/policy-verified semantic record → R12 → MCRT trace and uses deterministic IDs, hashes, provenance, and no-network safety. The example is intentionally invalid and must be rejected at type check."
DMLL-SEMANTIC_VALIDATION-09201,EX-DMLL-09201,inference_divergence,validation_certification,semantic_validation,fail_as_expected,"This certification Logic Functional Language (DeepML) example teaches inference divergence. It preserves the corpus-derived source → AST → typed/policy-verified semantic record → R12 → MCRT trace and uses deterministic IDs, hashes, provenance, and no-network safety. The example is intentionally invalid and must be rejected at semantic validation."
DMLL-SEMANTIC_VALIDATION-09202,EX-DMLL-09202,nontermination,validation_certification,semantic_validation,fail_as_expected,"This certification Logic Functional Language (DeepML) example teaches nontermination. It preserves the corpus-derived source → AST → typed/policy-verified semantic record → R12 → MCRT trace and uses deterministic IDs, hashes, provenance, and no-network safety. The example is intentionally invalid and must be rejected at semantic validation."
DMLL-SEMANTIC_VALIDATION-09203,EX-DMLL-09203,occurs_check,validation_certification,semantic_validation,fail_as_expected,"This certification Logic Functional Language (DeepML) example teaches occurs check. It preserves the corpus-derived source → AST → typed/policy-verified semantic record → R12 → MCRT trace and uses deterministic IDs, hashes, provenance, and no-network safety. The example is intentionally invalid and must be rejected at semantic validation."
DMLL-TYPE_CHECK-09204,EX-DMLL-09204,ambiguous_instance,validation_certification,type_check,fail_as_expected,"This certification Logic Functional Language (DeepML) example teaches ambiguous instance. It preserves the corpus-derived source → AST → typed/policy-verified semantic record → R12 → MCRT trace and uses deterministic IDs, hashes, provenance, and no-network safety. The example is intentionally invalid and must be rejected at type check."
DMLL-SAFETY_GATE-09205,EX-DMLL-09205,impure_effect,validation_certification,safety_gate,fail_as_expected,"This certification Logic Functional Language (DeepML) example teaches impure effect. It preserves the corpus-derived source → AST → typed/policy-verified semantic record → R12 → MCRT trace and uses deterministic IDs, hashes, provenance, and no-network safety. The example is intentionally invalid and must be rejected at safety gate."
DMLL-SEMANTIC_VALIDATION-09206,EX-DMLL-09206,unsound_proof,validation_certification,semantic_validation,fail_as_expected,"This certification Logic Functional Language (DeepML) example teaches unsound proof. It preserves the corpus-derived source → AST → typed/policy-verified semantic record → R12 → MCRT trace and uses deterministic IDs, hashes, provenance, and no-network safety. The example is intentionally invalid and must be rejected at semantic validation."
DMLL-SEMANTIC_VALIDATION-09207,EX-DMLL-09207,contradictory_facts,validation_certification,semantic_validation,fail_as_expected,"This certification Logic Functional Language (DeepML) example teaches contradictory facts. It preserves the corpus-derived source → AST → typed/policy-verified semantic record → R12 → MCRT trace and uses deterministic IDs, hashes, provenance, and no-network safety. The example is intentionally invalid and must be rejected at semantic validation."
DMLL-TYPE_CHECK-09208,EX-DMLL-09208,incomplete_match,validation_certification,type_check,fail_as_expected,"This certification Logic Functional Language (DeepML) example teaches incomplete match. It preserves the corpus-derived source → AST → typed/policy-verified semantic record → R12 → MCRT trace and uses deterministic IDs, hashes, provenance, and no-network safety. The example is intentionally invalid and must be rejected at type check."
DMLL-SEMANTIC_VALIDATION-09209,EX-DMLL-09209,inference_divergence,validation_certification,semantic_validation,fail_as_expected,"This certification Logic Functional Language (DeepML) example teaches inference divergence. It preserves the corpus-derived source → AST → typed/policy-verified semantic record → R12 → MCRT trace and uses deterministic IDs, hashes, provenance, and no-network safety. The example is intentionally invalid and must be rejected at semantic validation."
DMLL-SEMANTIC_VALIDATION-09210,EX-DMLL-09210,nontermination,validation_certification,semantic_validation,fail_as_expected,"This certification Logic Functional Language (DeepML) example teaches nontermination. It preserves the corpus-derived source → AST → typed/policy-verified semantic record → R12 → MCRT trace and uses deterministic IDs, hashes, provenance, and no-network safety. The example is intentionally invalid and must be rejected at semantic validation."
DMLL-SEMANTIC_VALIDATION-09211,EX-DMLL-09211,occurs_check,validation_certification,semantic_validation,fail_as_expected,"This certification Logic Functional Language (DeepML) example teaches occurs check. It preserves the corpus-derived source → AST → typed/policy-verified semantic record → R12 → MCRT trace and uses deterministic IDs, hashes, provenance, and no-network safety. The example is intentionally invalid and must be rejected at semantic validation."
DMLL-TYPE_CHECK-09212,EX-DMLL-09212,ambiguous_instance,validation_certification,type_check,fail_as_expected,"This certification Logic Functional Language (DeepML) example teaches ambiguous instance. It preserves the corpus-derived source → AST → typed/policy-verified semantic record → R12 → MCRT trace and uses deterministic IDs, hashes, provenance, and no-network safety. The example is intentionally invalid and must be rejected at type check."
DMLL-SAFETY_GATE-09213,EX-DMLL-09213,impure_effect,validation_certification,safety_gate,fail_as_expected,"This certification Logic Functional Language (DeepML) example teaches impure effect. It preserves the corpus-derived source → AST → typed/policy-verified semantic record → R12 → MCRT trace and uses deterministic IDs, hashes, provenance, and no-network safety. The example is intentionally invalid and must be rejected at safety gate."
DMLL-SEMANTIC_VALIDATION-09214,EX-DMLL-09214,unsound_proof,validation_certification,semantic_validation,fail_as_expected,"This certification Logic Functional Language (DeepML) example teaches unsound proof. It preserves the corpus-derived source → AST → typed/policy-verified semantic record → R12 → MCRT trace and uses deterministic IDs, hashes, provenance, and no-network safety. The example is intentionally invalid and must be rejected at semantic validation."
DMLL-SEMANTIC_VALIDATION-09215,EX-DMLL-09215,contradictory_facts,validation_certification,semantic_validation,fail_as_expected,"This certification Logic Functional Language (DeepML) example teaches contradictory facts. It preserves the corpus-derived source → AST → typed/policy-verified semantic record → R12 → MCRT trace and uses deterministic IDs, hashes, provenance, and no-network safety. The example is intentionally invalid and must be rejected at semantic validation."
DMLL-TYPE_CHECK-09216,EX-DMLL-09216,incomplete_match,validation_certification,type_check,fail_as_expected,"This certification Logic Functional Language (DeepML) example teaches incomplete match. It preserves the corpus-derived source → AST → typed/policy-verified semantic record → R12 → MCRT trace and uses deterministic IDs, hashes, provenance, and no-network safety. The example is intentionally invalid and must be rejected at type check."
DMLL-SEMANTIC_VALIDATION-09217,EX-DMLL-09217,inference_divergence,validation_certification,semantic_validation,fail_as_expected,"This certification Logic Functional Language (DeepML) example teaches inference divergence. It preserves the corpus-derived source → AST → typed/policy-verified semantic record → R12 → MCRT trace and uses deterministic IDs, hashes, provenance, and no-network safety. The example is intentionally invalid and must be rejected at semantic validation."
DMLL-SEMANTIC_VALIDATION-09218,EX-DMLL-09218,nontermination,validation_certification,semantic_validation,fail_as_expected,"This certification Logic Functional Language (DeepML) example teaches nontermination. It preserves the corpus-derived source → AST → typed/policy-verified semantic record → R12 → MCRT trace and uses deterministic IDs, hashes, provenance, and no-network safety. The example is intentionally invalid and must be rejected at semantic validation."
DMLL-SEMANTIC_VALIDATION-09219,EX-DMLL-09219,occurs_check,validation_certification,semantic_validation,fail_as_expected,"This certification Logic Functional Language (DeepML) example teaches occurs check. It preserves the corpus-derived source → AST → typed/policy-verified semantic record → R12 → MCRT trace and uses deterministic IDs, hashes, provenance, and no-network safety. The example is intentionally invalid and must be rejected at semantic validation."
DMLL-TYPE_CHECK-09220,EX-DMLL-09220,ambiguous_instance,validation_certification,type_check,fail_as_expected,"This certification Logic Functional Language (DeepML) example teaches ambiguous instance. It preserves the corpus-derived source → AST → typed/policy-verified semantic record → R12 → MCRT trace and uses deterministic IDs, hashes, provenance, and no-network safety. The example is intentionally invalid and must be rejected at type check."
DMLL-SAFETY_GATE-09221,EX-DMLL-09221,impure_effect,validation_certification,safety_gate,fail_as_expected,"This certification Logic Functional Language (DeepML) example teaches impure effect. It preserves the corpus-derived source → AST → typed/policy-verified semantic record → R12 → MCRT trace and uses deterministic IDs, hashes, provenance, and no-network safety. The example is intentionally invalid and must be rejected at safety gate."
DMLL-SEMANTIC_VALIDATION-09222,EX-DMLL-09222,unsound_proof,validation_certification,semantic_validation,fail_as_expected,"This certification Logic Functional Language (DeepML) example teaches unsound proof. It preserves the corpus-derived source → AST → typed/policy-verified semantic record → R12 → MCRT trace and uses deterministic IDs, hashes, provenance, and no-network safety. The example is intentionally invalid and must be rejected at semantic validation."
DMLL-SEMANTIC_VALIDATION-09223,EX-DMLL-09223,contradictory_facts,validation_certification,semantic_validation,fail_as_expected,"This certification Logic Functional Language (DeepML) example teaches contradictory facts. It preserves the corpus-derived source → AST → typed/policy-verified semantic record → R12 → MCRT trace and uses deterministic IDs, hashes, provenance, and no-network safety. The example is intentionally invalid and must be rejected at semantic validation."
DMLL-TYPE_CHECK-09224,EX-DMLL-09224,incomplete_match,validation_certification,type_check,fail_as_expected,"This certification Logic Functional Language (DeepML) example teaches incomplete match. It preserves the corpus-derived source → AST → typed/policy-verified semantic record → R12 → MCRT trace and uses deterministic IDs, hashes, provenance, and no-network safety. The example is intentionally invalid and must be rejected at type check."
DMLL-SEMANTIC_VALIDATION-09225,EX-DMLL-09225,inference_divergence,validation_certification,semantic_validation,fail_as_expected,"This certification Logic Functional Language (DeepML) example teaches inference divergence. It preserves the corpus-derived source → AST → typed/policy-verified semantic record → R12 → MCRT trace and uses deterministic IDs, hashes, provenance, and no-network safety. The example is intentionally invalid and must be rejected at semantic validation."
DMLL-SEMANTIC_VALIDATION-09226,EX-DMLL-09226,nontermination,validation_certification,semantic_validation,fail_as_expected,"This certification Logic Functional Language (DeepML) example teaches nontermination. It preserves the corpus-derived source → AST → typed/policy-verified semantic record → R12 → MCRT trace and uses deterministic IDs, hashes, provenance, and no-network safety. The example is intentionally invalid and must be rejected at semantic validation."
DMLL-SEMANTIC_VALIDATION-09227,EX-DMLL-09227,occurs_check,validation_certification,semantic_validation,fail_as_expected,"This certification Logic Functional Language (DeepML) example teaches occurs check. It preserves the corpus-derived source → AST → typed/policy-verified semantic record → R12 → MCRT trace and uses deterministic IDs, hashes, provenance, and no-network safety. The example is intentionally invalid and must be rejected at semantic validation."
DMLL-TYPE_CHECK-09228,EX-DMLL-09228,ambiguous_instance,validation_certification,type_check,fail_as_expected,"This certification Logic Functional Language (DeepML) example teaches ambiguous instance. It preserves the corpus-derived source → AST → typed/policy-verified semantic record → R12 → MCRT trace and uses deterministic IDs, hashes, provenance, and no-network safety. The example is intentionally invalid and must be rejected at type check."
DMLL-SAFETY_GATE-09229,EX-DMLL-09229,impure_effect,validation_certification,safety_gate,fail_as_expected,"This certification Logic Functional Language (DeepML) example teaches impure effect. It preserves the corpus-derived source → AST → typed/policy-verified semantic record → R12 → MCRT trace and uses deterministic IDs, hashes, provenance, and no-network safety. The example is intentionally invalid and must be rejected at safety gate."
DMLL-SEMANTIC_VALIDATION-09230,EX-DMLL-09230,unsound_proof,validation_certification,semantic_validation,fail_as_expected,"This certification Logic Functional Language (DeepML) example teaches unsound proof. It preserves the corpus-derived source → AST → typed/policy-verified semantic record → R12 → MCRT trace and uses deterministic IDs, hashes, provenance, and no-network safety. The example is intentionally invalid and must be rejected at semantic validation."
DMLL-SEMANTIC_VALIDATION-09231,EX-DMLL-09231,contradictory_facts,validation_certification,semantic_validation,fail_as_expected,"This certification Logic Functional Language (DeepML) example teaches contradictory facts. It preserves the corpus-derived source → AST → typed/policy-verified semantic record → R12 → MCRT trace and uses deterministic IDs, hashes, provenance, and no-network safety. The example is intentionally invalid and must be rejected at semantic validation."
DMLL-TYPE_CHECK-09232,EX-DMLL-09232,incomplete_match,validation_certification,type_check,fail_as_expected,"This certification Logic Functional Language (DeepML) example teaches incomplete match. It preserves the corpus-derived source → AST → typed/policy-verified semantic record → R12 → MCRT trace and uses deterministic IDs, hashes, provenance, and no-network safety. The example is intentionally invalid and must be rejected at type check."
DMLL-SEMANTIC_VALIDATION-09233,EX-DMLL-09233,inference_divergence,validation_certification,semantic_validation,fail_as_expected,"This certification Logic Functional Language (DeepML) example teaches inference divergence. It preserves the corpus-derived source → AST → typed/policy-verified semantic record → R12 → MCRT trace and uses deterministic IDs, hashes, provenance, and no-network safety. The example is intentionally invalid and must be rejected at semantic validation."
DMLL-SEMANTIC_VALIDATION-09234,EX-DMLL-09234,nontermination,validation_certification,semantic_validation,fail_as_expected,"This certification Logic Functional Language (DeepML) example teaches nontermination. It preserves the corpus-derived source → AST → typed/policy-verified semantic record → R12 → MCRT trace and uses deterministic IDs, hashes, provenance, and no-network safety. The example is intentionally invalid and must be rejected at semantic validation."
DMLL-SEMANTIC_VALIDATION-09235,EX-DMLL-09235,occurs_check,validation_certification,semantic_validation,fail_as_expected,"This certification Logic Functional Language (DeepML) example teaches occurs check. It preserves the corpus-derived source → AST → typed/policy-verified semantic record → R12 → MCRT trace and uses deterministic IDs, hashes, provenance, and no-network safety. The example is intentionally invalid and must be rejected at semantic validation."
DMLL-SAFETY_GATE-09237,EX-DMLL-09237,impure_effect,validation_certification,safety_gate,fail_as_expected,"This certification Logic Functional Language (DeepML) example teaches impure effect. It preserves the corpus-derived source → AST → typed/policy-verified semantic record → R12 → MCRT trace and uses deterministic IDs, hashes, provenance, and no-network safety. The example is intentionally invalid and must be rejected at safety gate."
DMLL-SEMANTIC_VALIDATION-09238,EX-DMLL-09238,unsound_proof,validation_certification,semantic_validation,fail_as_expected,"This certification Logic Functional Language (DeepML) example teaches unsound proof. It preserves the corpus-derived source → AST → typed/policy-verified semantic record → R12 → MCRT trace and uses deterministic IDs, hashes, provenance, and no-network safety. The example is intentionally invalid and must be rejected at semantic validation."
DMLL-SEMANTIC_VALIDATION-09239,EX-DMLL-09239,contradictory_facts,validation_certification,semantic_validation,fail_as_expected,"This certification Logic Functional Language (DeepML) example teaches contradictory facts. It preserves the corpus-derived source → AST → typed/policy-verified semantic record → R12 → MCRT trace and uses deterministic IDs, hashes, provenance, and no-network safety. The example is intentionally invalid and must be rejected at semantic validation."
DMLL-TYPE_CHECK-09240,EX-DMLL-09240,incomplete_match,validation_certification,type_check,fail_as_expected,"This certification Logic Functional Language (DeepML) example teaches incomplete match. It preserves the corpus-derived source → AST → typed/policy-verified semantic record → R12 → MCRT trace and uses deterministic IDs, hashes, provenance, and no-network safety. The example is intentionally invalid and must be rejected at type check."
DMLL-SEMANTIC_VALIDATION-09241,EX-DMLL-09241,inference_divergence,validation_certification,semantic_validation,fail_as_expected,"This certification Logic Functional Language (DeepML) example teaches inference divergence. It preserves the corpus-derived source → AST → typed/policy-verified semantic record → R12 → MCRT trace and uses deterministic IDs, hashes, provenance, and no-network safety. The example is intentionally invalid and must be rejected at semantic validation."
DMLL-SEMANTIC_VALIDATION-09242,EX-DMLL-09242,nontermination,validation_certification,semantic_validation,fail_as_expected,"This certification Logic Functional Language (DeepML) example teaches nontermination. It preserves the corpus-derived source → AST → typed/policy-verified semantic record → R12 → MCRT trace and uses deterministic IDs, hashes, provenance, and no-network safety. The example is intentionally invalid and must be rejected at semantic validation."
DMLL-SEMANTIC_VALIDATION-09243,EX-DMLL-09243,occurs_check,validation_certification,semantic_validation,fail_as_expected,"This certification Logic Functional Language (DeepML) example teaches occurs check. It preserves the corpus-derived source → AST → typed/policy-verified semantic record → R12 → MCRT trace and uses deterministic IDs, hashes, provenance, and no-network safety. The example is intentionally invalid and must be rejected at semantic validation."
DMLL-SAFETY_GATE-09245,EX-DMLL-09245,impure_effect,validation_certification,safety_gate,fail_as_expected,"This certification Logic Functional Language (DeepML) example teaches impure effect. It preserves the corpus-derived source → AST → typed/policy-verified semantic record → R12 → MCRT trace and uses deterministic IDs, hashes, provenance, and no-network safety. The example is intentionally invalid and must be rejected at safety gate."
DMLL-SEMANTIC_VALIDATION-09246,EX-DMLL-09246,unsound_proof,validation_certification,semantic_validation,fail_as_expected,"This certification Logic Functional Language (DeepML) example teaches unsound proof. It preserves the corpus-derived source → AST → typed/policy-verified semantic record → R12 → MCRT trace and uses deterministic IDs, hashes, provenance, and no-network safety. The example is intentionally invalid and must be rejected at semantic validation."
DMLL-SEMANTIC_VALIDATION-09247,EX-DMLL-09247,contradictory_facts,validation_certification,semantic_validation,fail_as_expected,"This certification Logic Functional Language (DeepML) example teaches contradictory facts. It preserves the corpus-derived source → AST → typed/policy-verified semantic record → R12 → MCRT trace and uses deterministic IDs, hashes, provenance, and no-network safety. The example is intentionally invalid and must be rejected at semantic validation."
DMLL-TYPE_CHECK-09248,EX-DMLL-09248,incomplete_match,validation_certification,type_check,fail_as_expected,"This certification Logic Functional Language (DeepML) example teaches incomplete match. It preserves the corpus-derived source → AST → typed/policy-verified semantic record → R12 → MCRT trace and uses deterministic IDs, hashes, provenance, and no-network safety. The example is intentionally invalid and must be rejected at type check."
DMLL-SEMANTIC_VALIDATION-09249,EX-DMLL-09249,inference_divergence,validation_certification,semantic_validation,fail_as_expected,"This certification Logic Functional Language (DeepML) example teaches inference divergence. It preserves the corpus-derived source → AST → typed/policy-verified semantic record → R12 → MCRT trace and uses deterministic IDs, hashes, provenance, and no-network safety. The example is intentionally invalid and must be rejected at semantic validation."
DMLL-SEMANTIC_VALIDATION-09250,EX-DMLL-09250,nontermination,validation_certification,semantic_validation,fail_as_expected,"This certification Logic Functional Language (DeepML) example teaches nontermination. It preserves the corpus-derived source → AST → typed/policy-verified semantic record → R12 → MCRT trace and uses deterministic IDs, hashes, provenance, and no-network safety. The example is intentionally invalid and must be rejected at semantic validation."
DMLL-SEMANTIC_VALIDATION-09251,EX-DMLL-09251,occurs_check,validation_certification,semantic_validation,fail_as_expected,"This certification Logic Functional Language (DeepML) example teaches occurs check. It preserves the corpus-derived source → AST → typed/policy-verified semantic record → R12 → MCRT trace and uses deterministic IDs, hashes, provenance, and no-network safety. The example is intentionally invalid and must be rejected at semantic validation."
DMLL-SAFETY_GATE-09253,EX-DMLL-09253,impure_effect,validation_certification,safety_gate,fail_as_expected,"This certification Logic Functional Language (DeepML) example teaches impure effect. It preserves the corpus-derived source → AST → typed/policy-verified semantic record → R12 → MCRT trace and uses deterministic IDs, hashes, provenance, and no-network safety. The example is intentionally invalid and must be rejected at safety gate."
DMLL-SEMANTIC_VALIDATION-09254,EX-DMLL-09254,unsound_proof,validation_certification,semantic_validation,fail_as_expected,"This certification Logic Functional Language (DeepML) example teaches unsound proof. It preserves the corpus-derived source → AST → typed/policy-verified semantic record → R12 → MCRT trace and uses deterministic IDs, hashes, provenance, and no-network safety. The example is intentionally invalid and must be rejected at semantic validation."
DMLL-SEMANTIC_VALIDATION-09255,EX-DMLL-09255,contradictory_facts,validation_certification,semantic_validation,fail_as_expected,"This certification Logic Functional Language (DeepML) example teaches contradictory facts. It preserves the corpus-derived source → AST → typed/policy-verified semantic record → R12 → MCRT trace and uses deterministic IDs, hashes, provenance, and no-network safety. The example is intentionally invalid and must be rejected at semantic validation."
DMLL-TYPE_CHECK-09256,EX-DMLL-09256,incomplete_match,validation_certification,type_check,fail_as_expected,"This certification Logic Functional Language (DeepML) example teaches incomplete match. It preserves the corpus-derived source → AST → typed/policy-verified semantic record → R12 → MCRT trace and uses deterministic IDs, hashes, provenance, and no-network safety. The example is intentionally invalid and must be rejected at type check."
DMLL-SEMANTIC_VALIDATION-09257,EX-DMLL-09257,inference_divergence,validation_certification,semantic_validation,fail_as_expected,"This certification Logic Functional Language (DeepML) example teaches inference divergence. It preserves the corpus-derived source → AST → typed/policy-verified semantic record → R12 → MCRT trace and uses deterministic IDs, hashes, provenance, and no-network safety. The example is intentionally invalid and must be rejected at semantic validation."
DMLL-SEMANTIC_VALIDATION-09258,EX-DMLL-09258,nontermination,validation_certification,semantic_validation,fail_as_expected,"This certification Logic Functional Language (DeepML) example teaches nontermination. It preserves the corpus-derived source → AST → typed/policy-verified semantic record → R12 → MCRT trace and uses deterministic IDs, hashes, provenance, and no-network safety. The example is intentionally invalid and must be rejected at semantic validation."
DMLL-SEMANTIC_VALIDATION-09259,EX-DMLL-09259,occurs_check,validation_certification,semantic_validation,fail_as_expected,"This certification Logic Functional Language (DeepML) example teaches occurs check. It preserves the corpus-derived source → AST → typed/policy-verified semantic record → R12 → MCRT trace and uses deterministic IDs, hashes, provenance, and no-network safety. The example is intentionally invalid and must be rejected at semantic validation."
DMLL-SAFETY_GATE-09261,EX-DMLL-09261,impure_effect,validation_certification,safety_gate,fail_as_expected,"This certification Logic Functional Language (DeepML) example teaches impure effect. It preserves the corpus-derived source → AST → typed/policy-verified semantic record → R12 → MCRT trace and uses deterministic IDs, hashes, provenance, and no-network safety. The example is intentionally invalid and must be rejected at safety gate."
DMLL-SEMANTIC_VALIDATION-09262,EX-DMLL-09262,unsound_proof,validation_certification,semantic_validation,fail_as_expected,"This certification Logic Functional Language (DeepML) example teaches unsound proof. It preserves the corpus-derived source → AST → typed/policy-verified semantic record → R12 → MCRT trace and uses deterministic IDs, hashes, provenance, and no-network safety. The example is intentionally invalid and must be rejected at semantic validation."
DMLL-SEMANTIC_VALIDATION-09263,EX-DMLL-09263,contradictory_facts,validation_certification,semantic_validation,fail_as_expected,"This certification Logic Functional Language (DeepML) example teaches contradictory facts. It preserves the corpus-derived source → AST → typed/policy-verified semantic record → R12 → MCRT trace and uses deterministic IDs, hashes, provenance, and no-network safety. The example is intentionally invalid and must be rejected at semantic validation."
DMLL-TYPE_CHECK-09264,EX-DMLL-09264,incomplete_match,validation_certification,type_check,fail_as_expected,"This certification Logic Functional Language (DeepML) example teaches incomplete match. It preserves the corpus-derived source → AST → typed/policy-verified semantic record → R12 → MCRT trace and uses deterministic IDs, hashes, provenance, and no-network safety. The example is intentionally invalid and must be rejected at type check."
DMLL-SEMANTIC_VALIDATION-09265,EX-DMLL-09265,inference_divergence,validation_certification,semantic_validation,fail_as_expected,"This certification Logic Functional Language (DeepML) example teaches inference divergence. It preserves the corpus-derived source → AST → typed/policy-verified semantic record → R12 → MCRT trace and uses deterministic IDs, hashes, provenance, and no-network safety. The example is intentionally invalid and must be rejected at semantic validation."
DMLL-SEMANTIC_VALIDATION-09266,EX-DMLL-09266,nontermination,validation_certification,semantic_validation,fail_as_expected,"This certification Logic Functional Language (DeepML) example teaches nontermination. It preserves the corpus-derived source → AST → typed/policy-verified semantic record → R12 → MCRT trace and uses deterministic IDs, hashes, provenance, and no-network safety. The example is intentionally invalid and must be rejected at semantic validation."
DMLL-SEMANTIC_VALIDATION-09267,EX-DMLL-09267,occurs_check,validation_certification,semantic_validation,fail_as_expected,"This certification Logic Functional Language (DeepML) example teaches occurs check. It preserves the corpus-derived source → AST → typed/policy-verified semantic record → R12 → MCRT trace and uses deterministic IDs, hashes, provenance, and no-network safety. The example is intentionally invalid and must be rejected at semantic validation."
DMLL-SAFETY_GATE-09269,EX-DMLL-09269,impure_effect,validation_certification,safety_gate,fail_as_expected,"This certification Logic Functional Language (DeepML) example teaches impure effect. It preserves the corpus-derived source → AST → typed/policy-verified semantic record → R12 → MCRT trace and uses deterministic IDs, hashes, provenance, and no-network safety. The example is intentionally invalid and must be rejected at safety gate."
DMLL-SEMANTIC_VALIDATION-09270,EX-DMLL-09270,unsound_proof,validation_certification,semantic_validation,fail_as_expected,"This certification Logic Functional Language (DeepML) example teaches unsound proof. It preserves the corpus-derived source → AST → typed/policy-verified semantic record → R12 → MCRT trace and uses deterministic IDs, hashes, provenance, and no-network safety. The example is intentionally invalid and must be rejected at semantic validation."
DMLL-SEMANTIC_VALIDATION-09271,EX-DMLL-09271,contradictory_facts,validation_certification,semantic_validation,fail_as_expected,"This certification Logic Functional Language (DeepML) example teaches contradictory facts. It preserves the corpus-derived source → AST → typed/policy-verified semantic record → R12 → MCRT trace and uses deterministic IDs, hashes, provenance, and no-network safety. The example is intentionally invalid and must be rejected at semantic validation."
DMLL-TYPE_CHECK-09272,EX-DMLL-09272,incomplete_match,validation_certification,type_check,fail_as_expected,"This certification Logic Functional Language (DeepML) example teaches incomplete match. It preserves the corpus-derived source → AST → typed/policy-verified semantic record → R12 → MCRT trace and uses deterministic IDs, hashes, provenance, and no-network safety. The example is intentionally invalid and must be rejected at type check."
DMLL-SEMANTIC_VALIDATION-09273,EX-DMLL-09273,inference_divergence,validation_certification,semantic_validation,fail_as_expected,"This certification Logic Functional Language (DeepML) example teaches inference divergence. It preserves the corpus-derived source → AST → typed/policy-verified semantic record → R12 → MCRT trace and uses deterministic IDs, hashes, provenance, and no-network safety. The example is intentionally invalid and must be rejected at semantic validation."
DMLL-SEMANTIC_VALIDATION-09274,EX-DMLL-09274,nontermination,validation_certification,semantic_validation,fail_as_expected,"This certification Logic Functional Language (DeepML) example teaches nontermination. It preserves the corpus-derived source → AST → typed/policy-verified semantic record → R12 → MCRT trace and uses deterministic IDs, hashes, provenance, and no-network safety. The example is intentionally invalid and must be rejected at semantic validation."
DMLL-SEMANTIC_VALIDATION-09275,EX-DMLL-09275,occurs_check,validation_certification,semantic_validation,fail_as_expected,"This certification Logic Functional Language (DeepML) example teaches occurs check. It preserves the corpus-derived source → AST → typed/policy-verified semantic record → R12 → MCRT trace and uses deterministic IDs, hashes, provenance, and no-network safety. The example is intentionally invalid and must be rejected at semantic validation."
DMLL-SAFETY_GATE-09277,EX-DMLL-09277,impure_effect,validation_certification,safety_gate,fail_as_expected,"This certification Logic Functional Language (DeepML) example teaches impure effect. It preserves the corpus-derived source → AST → typed/policy-verified semantic record → R12 → MCRT trace and uses deterministic IDs, hashes, provenance, and no-network safety. The example is intentionally invalid and must be rejected at safety gate."
DMLL-SEMANTIC_VALIDATION-09278,EX-DMLL-09278,unsound_proof,validation_certification,semantic_validation,fail_as_expected,"This certification Logic Functional Language (DeepML) example teaches unsound proof. It preserves the corpus-derived source → AST → typed/policy-verified semantic record → R12 → MCRT trace and uses deterministic IDs, hashes, provenance, and no-network safety. The example is intentionally invalid and must be rejected at semantic validation."
DMLL-SEMANTIC_VALIDATION-09279,EX-DMLL-09279,contradictory_facts,validation_certification,semantic_validation,fail_as_expected,"This certification Logic Functional Language (DeepML) example teaches contradictory facts. It preserves the corpus-derived source → AST → typed/policy-verified semantic record → R12 → MCRT trace and uses deterministic IDs, hashes, provenance, and no-network safety. The example is intentionally invalid and must be rejected at semantic validation."
DMLL-TYPE_CHECK-09280,EX-DMLL-09280,incomplete_match,validation_certification,type_check,fail_as_expected,"This certification Logic Functional Language (DeepML) example teaches incomplete match. It preserves the corpus-derived source → AST → typed/policy-verified semantic record → R12 → MCRT trace and uses deterministic IDs, hashes, provenance, and no-network safety. The example is intentionally invalid and must be rejected at type check."
DMLL-SEMANTIC_VALIDATION-09281,EX-DMLL-09281,inference_divergence,validation_certification,semantic_validation,fail_as_expected,"This certification Logic Functional Language (DeepML) example teaches inference divergence. It preserves the corpus-derived source → AST → typed/policy-verified semantic record → R12 → MCRT trace and uses deterministic IDs, hashes, provenance, and no-network safety. The example is intentionally invalid and must be rejected at semantic validation."
DMLL-SEMANTIC_VALIDATION-09282,EX-DMLL-09282,nontermination,validation_certification,semantic_validation,fail_as_expected,"This certification Logic Functional Language (DeepML) example teaches nontermination. It preserves the corpus-derived source → AST → typed/policy-verified semantic record → R12 → MCRT trace and uses deterministic IDs, hashes, provenance, and no-network safety. The example is intentionally invalid and must be rejected at semantic validation."
DMLL-SEMANTIC_VALIDATION-09283,EX-DMLL-09283,occurs_check,validation_certification,semantic_validation,fail_as_expected,"This certification Logic Functional Language (DeepML) example teaches occurs check. It preserves the corpus-derived source → AST → typed/policy-verified semantic record → R12 → MCRT trace and uses deterministic IDs, hashes, provenance, and no-network safety. The example is intentionally invalid and must be rejected at semantic validation."
DMLL-TYPE_CHECK-09284,EX-DMLL-09284,ambiguous_instance,validation_certification,type_check,fail_as_expected,"This certification Logic Functional Language (DeepML) example teaches ambiguous instance. It preserves the corpus-derived source → AST → typed/policy-verified semantic record → R12 → MCRT trace and uses deterministic IDs, hashes, provenance, and no-network safety. The example is intentionally invalid and must be rejected at type check."
DMLL-SAFETY_GATE-09285,EX-DMLL-09285,impure_effect,validation_certification,safety_gate,fail_as_expected,"This certification Logic Functional Language (DeepML) example teaches impure effect. It preserves the corpus-derived source → AST → typed/policy-verified semantic record → R12 → MCRT trace and uses deterministic IDs, hashes, provenance, and no-network safety. The example is intentionally invalid and must be rejected at safety gate."
DMLL-SEMANTIC_VALIDATION-09286,EX-DMLL-09286,unsound_proof,validation_certification,semantic_validation,fail_as_expected,"This certification Logic Functional Language (DeepML) example teaches unsound proof. It preserves the corpus-derived source → AST → typed/policy-verified semantic record → R12 → MCRT trace and uses deterministic IDs, hashes, provenance, and no-network safety. The example is intentionally invalid and must be rejected at semantic validation."
DMLL-SEMANTIC_VALIDATION-09287,EX-DMLL-09287,contradictory_facts,validation_certification,semantic_validation,fail_as_expected,"This certification Logic Functional Language (DeepML) example teaches contradictory facts. It preserves the corpus-derived source → AST → typed/policy-verified semantic record → R12 → MCRT trace and uses deterministic IDs, hashes, provenance, and no-network safety. The example is intentionally invalid and must be rejected at semantic validation."
DMLL-TYPE_CHECK-09288,EX-DMLL-09288,incomplete_match,validation_certification,type_check,fail_as_expected,"This certification Logic Functional Language (DeepML) example teaches incomplete match. It preserves the corpus-derived source → AST → typed/policy-verified semantic record → R12 → MCRT trace and uses deterministic IDs, hashes, provenance, and no-network safety. The example is intentionally invalid and must be rejected at type check."
DMLL-SEMANTIC_VALIDATION-09289,EX-DMLL-09289,inference_divergence,validation_certification,semantic_validation,fail_as_expected,"This certification Logic Functional Language (DeepML) example teaches inference divergence. It preserves the corpus-derived source → AST → typed/policy-verified semantic record → R12 → MCRT trace and uses deterministic IDs, hashes, provenance, and no-network safety. The example is intentionally invalid and must be rejected at semantic validation."
DMLL-SEMANTIC_VALIDATION-09290,EX-DMLL-09290,nontermination,validation_certification,semantic_validation,fail_as_expected,"This certification Logic Functional Language (DeepML) example teaches nontermination. It preserves the corpus-derived source → AST → typed/policy-verified semantic record → R12 → MCRT trace and uses deterministic IDs, hashes, provenance, and no-network safety. The example is intentionally invalid and must be rejected at semantic validation."
DMLL-SEMANTIC_VALIDATION-09291,EX-DMLL-09291,occurs_check,validation_certification,semantic_validation,fail_as_expected,"This certification Logic Functional Language (DeepML) example teaches occurs check. It preserves the corpus-derived source → AST → typed/policy-verified semantic record → R12 → MCRT trace and uses deterministic IDs, hashes, provenance, and no-network safety. The example is intentionally invalid and must be rejected at semantic validation."
DMLL-TYPE_CHECK-09292,EX-DMLL-09292,ambiguous_instance,validation_certification,type_check,fail_as_expected,"This certification Logic Functional Language (DeepML) example teaches ambiguous instance. It preserves the corpus-derived source → AST → typed/policy-verified semantic record → R12 → MCRT trace and uses deterministic IDs, hashes, provenance, and no-network safety. The example is intentionally invalid and must be rejected at type check."
DMLL-SAFETY_GATE-09293,EX-DMLL-09293,impure_effect,validation_certification,safety_gate,fail_as_expected,"This certification Logic Functional Language (DeepML) example teaches impure effect. It preserves the corpus-derived source → AST → typed/policy-verified semantic record → R12 → MCRT trace and uses deterministic IDs, hashes, provenance, and no-network safety. The example is intentionally invalid and must be rejected at safety gate."
DMLL-SEMANTIC_VALIDATION-09294,EX-DMLL-09294,unsound_proof,validation_certification,semantic_validation,fail_as_expected,"This certification Logic Functional Language (DeepML) example teaches unsound proof. It preserves the corpus-derived source → AST → typed/policy-verified semantic record → R12 → MCRT trace and uses deterministic IDs, hashes, provenance, and no-network safety. The example is intentionally invalid and must be rejected at semantic validation."
DMLL-SEMANTIC_VALIDATION-09295,EX-DMLL-09295,contradictory_facts,validation_certification,semantic_validation,fail_as_expected,"This certification Logic Functional Language (DeepML) example teaches contradictory facts. It preserves the corpus-derived source → AST → typed/policy-verified semantic record → R12 → MCRT trace and uses deterministic IDs, hashes, provenance, and no-network safety. The example is intentionally invalid and must be rejected at semantic validation."
DMLL-TYPE_CHECK-09296,EX-DMLL-09296,incomplete_match,validation_certification,type_check,fail_as_expected,"This certification Logic Functional Language (DeepML) example teaches incomplete match. It preserves the corpus-derived source → AST → typed/policy-verified semantic record → R12 → MCRT trace and uses deterministic IDs, hashes, provenance, and no-network safety. The example is intentionally invalid and must be rejected at type check."
DMLL-SEMANTIC_VALIDATION-09297,EX-DMLL-09297,inference_divergence,validation_certification,semantic_validation,fail_as_expected,"This certification Logic Functional Language (DeepML) example teaches inference divergence. It preserves the corpus-derived source → AST → typed/policy-verified semantic record → R12 → MCRT trace and uses deterministic IDs, hashes, provenance, and no-network safety. The example is intentionally invalid and must be rejected at semantic validation."
DMLL-SEMANTIC_VALIDATION-09298,EX-DMLL-09298,nontermination,validation_certification,semantic_validation,fail_as_expected,"This certification Logic Functional Language (DeepML) example teaches nontermination. It preserves the corpus-derived source → AST → typed/policy-verified semantic record → R12 → MCRT trace and uses deterministic IDs, hashes, provenance, and no-network safety. The example is intentionally invalid and must be rejected at semantic validation."
DMLL-SEMANTIC_VALIDATION-09299,EX-DMLL-09299,occurs_check,validation_certification,semantic_validation,fail_as_expected,"This certification Logic Functional Language (DeepML) example teaches occurs check. It preserves the corpus-derived source → AST → typed/policy-verified semantic record → R12 → MCRT trace and uses deterministic IDs, hashes, provenance, and no-network safety. The example is intentionally invalid and must be rejected at semantic validation."
DMLL-TYPE_CHECK-09300,EX-DMLL-09300,ambiguous_instance,validation_certification,type_check,fail_as_expected,"This certification Logic Functional Language (DeepML) example teaches ambiguous instance. It preserves the corpus-derived source → AST → typed/policy-verified semantic record → R12 → MCRT trace and uses deterministic IDs, hashes, provenance, and no-network safety. The example is intentionally invalid and must be rejected at type check."
DMLL-SAFETY_GATE-09301,EX-DMLL-09301,impure_effect,validation_certification,safety_gate,fail_as_expected,"This certification Logic Functional Language (DeepML) example teaches impure effect. It preserves the corpus-derived source → AST → typed/policy-verified semantic record → R12 → MCRT trace and uses deterministic IDs, hashes, provenance, and no-network safety. The example is intentionally invalid and must be rejected at safety gate."
DMLL-SEMANTIC_VALIDATION-09302,EX-DMLL-09302,unsound_proof,validation_certification,semantic_validation,fail_as_expected,"This certification Logic Functional Language (DeepML) example teaches unsound proof. It preserves the corpus-derived source → AST → typed/policy-verified semantic record → R12 → MCRT trace and uses deterministic IDs, hashes, provenance, and no-network safety. The example is intentionally invalid and must be rejected at semantic validation."
DMLL-SEMANTIC_VALIDATION-09303,EX-DMLL-09303,contradictory_facts,validation_certification,semantic_validation,fail_as_expected,"This certification Logic Functional Language (DeepML) example teaches contradictory facts. It preserves the corpus-derived source → AST → typed/policy-verified semantic record → R12 → MCRT trace and uses deterministic IDs, hashes, provenance, and no-network safety. The example is intentionally invalid and must be rejected at semantic validation."
DMLL-TYPE_CHECK-09304,EX-DMLL-09304,incomplete_match,validation_certification,type_check,fail_as_expected,"This certification Logic Functional Language (DeepML) example teaches incomplete match. It preserves the corpus-derived source → AST → typed/policy-verified semantic record → R12 → MCRT trace and uses deterministic IDs, hashes, provenance, and no-network safety. The example is intentionally invalid and must be rejected at type check."
DMLL-SEMANTIC_VALIDATION-09305,EX-DMLL-09305,inference_divergence,validation_certification,semantic_validation,fail_as_expected,"This certification Logic Functional Language (DeepML) example teaches inference divergence. It preserves the corpus-derived source → AST → typed/policy-verified semantic record → R12 → MCRT trace and uses deterministic IDs, hashes, provenance, and no-network safety. The example is intentionally invalid and must be rejected at semantic validation."
DMLL-SEMANTIC_VALIDATION-09306,EX-DMLL-09306,nontermination,validation_certification,semantic_validation,fail_as_expected,"This certification Logic Functional Language (DeepML) example teaches nontermination. It preserves the corpus-derived source → AST → typed/policy-verified semantic record → R12 → MCRT trace and uses deterministic IDs, hashes, provenance, and no-network safety. The example is intentionally invalid and must be rejected at semantic validation."
DMLL-SEMANTIC_VALIDATION-09307,EX-DMLL-09307,occurs_check,validation_certification,semantic_validation,fail_as_expected,"This certification Logic Functional Language (DeepML) example teaches occurs check. It preserves the corpus-derived source → AST → typed/policy-verified semantic record → R12 → MCRT trace and uses deterministic IDs, hashes, provenance, and no-network safety. The example is intentionally invalid and must be rejected at semantic validation."
DMLL-TYPE_CHECK-09308,EX-DMLL-09308,ambiguous_instance,validation_certification,type_check,fail_as_expected,"This certification Logic Functional Language (DeepML) example teaches ambiguous instance. It preserves the corpus-derived source → AST → typed/policy-verified semantic record → R12 → MCRT trace and uses deterministic IDs, hashes, provenance, and no-network safety. The example is intentionally invalid and must be rejected at type check."
DMLL-SEMANTIC_VALIDATION-09310,EX-DMLL-09310,unsound_proof,validation_certification,semantic_validation,fail_as_expected,"This certification Logic Functional Language (DeepML) example teaches unsound proof. It preserves the corpus-derived source → AST → typed/policy-verified semantic record → R12 → MCRT trace and uses deterministic IDs, hashes, provenance, and no-network safety. The example is intentionally invalid and must be rejected at semantic validation."
DMLL-SEMANTIC_VALIDATION-09311,EX-DMLL-09311,contradictory_facts,validation_certification,semantic_validation,fail_as_expected,"This certification Logic Functional Language (DeepML) example teaches contradictory facts. It preserves the corpus-derived source → AST → typed/policy-verified semantic record → R12 → MCRT trace and uses deterministic IDs, hashes, provenance, and no-network safety. The example is intentionally invalid and must be rejected at semantic validation."
DMLL-TYPE_CHECK-09312,EX-DMLL-09312,incomplete_match,validation_certification,type_check,fail_as_expected,"This certification Logic Functional Language (DeepML) example teaches incomplete match. It preserves the corpus-derived source → AST → typed/policy-verified semantic record → R12 → MCRT trace and uses deterministic IDs, hashes, provenance, and no-network safety. The example is intentionally invalid and must be rejected at type check."
DMLL-SEMANTIC_VALIDATION-09313,EX-DMLL-09313,inference_divergence,validation_certification,semantic_validation,fail_as_expected,"This certification Logic Functional Language (DeepML) example teaches inference divergence. It preserves the corpus-derived source → AST → typed/policy-verified semantic record → R12 → MCRT trace and uses deterministic IDs, hashes, provenance, and no-network safety. The example is intentionally invalid and must be rejected at semantic validation."
DMLL-SEMANTIC_VALIDATION-09314,EX-DMLL-09314,nontermination,validation_certification,semantic_validation,fail_as_expected,"This certification Logic Functional Language (DeepML) example teaches nontermination. It preserves the corpus-derived source → AST → typed/policy-verified semantic record → R12 → MCRT trace and uses deterministic IDs, hashes, provenance, and no-network safety. The example is intentionally invalid and must be rejected at semantic validation."
DMLL-SEMANTIC_VALIDATION-09315,EX-DMLL-09315,occurs_check,validation_certification,semantic_validation,fail_as_expected,"This certification Logic Functional Language (DeepML) example teaches occurs check. It preserves the corpus-derived source → AST → typed/policy-verified semantic record → R12 → MCRT trace and uses deterministic IDs, hashes, provenance, and no-network safety. The example is intentionally invalid and must be rejected at semantic validation."
DMLL-TYPE_CHECK-09316,EX-DMLL-09316,ambiguous_instance,validation_certification,type_check,fail_as_expected,"This certification Logic Functional Language (DeepML) example teaches ambiguous instance. It preserves the corpus-derived source → AST → typed/policy-verified semantic record → R12 → MCRT trace and uses deterministic IDs, hashes, provenance, and no-network safety. The example is intentionally invalid and must be rejected at type check."
DMLL-SEMANTIC_VALIDATION-09318,EX-DMLL-09318,unsound_proof,validation_certification,semantic_validation,fail_as_expected,"This certification Logic Functional Language (DeepML) example teaches unsound proof. It preserves the corpus-derived source → AST → typed/policy-verified semantic record → R12 → MCRT trace and uses deterministic IDs, hashes, provenance, and no-network safety. The example is intentionally invalid and must be rejected at semantic validation."
DMLL-SEMANTIC_VALIDATION-09319,EX-DMLL-09319,contradictory_facts,validation_certification,semantic_validation,fail_as_expected,"This certification Logic Functional Language (DeepML) example teaches contradictory facts. It preserves the corpus-derived source → AST → typed/policy-verified semantic record → R12 → MCRT trace and uses deterministic IDs, hashes, provenance, and no-network safety. The example is intentionally invalid and must be rejected at semantic validation."
DMLL-TYPE_CHECK-09320,EX-DMLL-09320,incomplete_match,validation_certification,type_check,fail_as_expected,"This certification Logic Functional Language (DeepML) example teaches incomplete match. It preserves the corpus-derived source → AST → typed/policy-verified semantic record → R12 → MCRT trace and uses deterministic IDs, hashes, provenance, and no-network safety. The example is intentionally invalid and must be rejected at type check."
DMLL-SEMANTIC_VALIDATION-09321,EX-DMLL-09321,inference_divergence,validation_certification,semantic_validation,fail_as_expected,"This certification Logic Functional Language (DeepML) example teaches inference divergence. It preserves the corpus-derived source → AST → typed/policy-verified semantic record → R12 → MCRT trace and uses deterministic IDs, hashes, provenance, and no-network safety. The example is intentionally invalid and must be rejected at semantic validation."
DMLL-SEMANTIC_VALIDATION-09322,EX-DMLL-09322,nontermination,validation_certification,semantic_validation,fail_as_expected,"This certification Logic Functional Language (DeepML) example teaches nontermination. It preserves the corpus-derived source → AST → typed/policy-verified semantic record → R12 → MCRT trace and uses deterministic IDs, hashes, provenance, and no-network safety. The example is intentionally invalid and must be rejected at semantic validation."
DMLL-SEMANTIC_VALIDATION-09323,EX-DMLL-09323,occurs_check,validation_certification,semantic_validation,fail_as_expected,"This certification Logic Functional Language (DeepML) example teaches occurs check. It preserves the corpus-derived source → AST → typed/policy-verified semantic record → R12 → MCRT trace and uses deterministic IDs, hashes, provenance, and no-network safety. The example is intentionally invalid and must be rejected at semantic validation."
DMLL-TYPE_CHECK-09324,EX-DMLL-09324,ambiguous_instance,validation_certification,type_check,fail_as_expected,"This certification Logic Functional Language (DeepML) example teaches ambiguous instance. It preserves the corpus-derived source → AST → typed/policy-verified semantic record → R12 → MCRT trace and uses deterministic IDs, hashes, provenance, and no-network safety. The example is intentionally invalid and must be rejected at type check."
DMLL-SEMANTIC_VALIDATION-09326,EX-DMLL-09326,unsound_proof,validation_certification,semantic_validation,fail_as_expected,"This certification Logic Functional Language (DeepML) example teaches unsound proof. It preserves the corpus-derived source → AST → typed/policy-verified semantic record → R12 → MCRT trace and uses deterministic IDs, hashes, provenance, and no-network safety. The example is intentionally invalid and must be rejected at semantic validation."
DMLL-SEMANTIC_VALIDATION-09327,EX-DMLL-09327,contradictory_facts,validation_certification,semantic_validation,fail_as_expected,"This certification Logic Functional Language (DeepML) example teaches contradictory facts. It preserves the corpus-derived source → AST → typed/policy-verified semantic record → R12 → MCRT trace and uses deterministic IDs, hashes, provenance, and no-network safety. The example is intentionally invalid and must be rejected at semantic validation."
DMLL-TYPE_CHECK-09328,EX-DMLL-09328,incomplete_match,validation_certification,type_check,fail_as_expected,"This certification Logic Functional Language (DeepML) example teaches incomplete match. It preserves the corpus-derived source → AST → typed/policy-verified semantic record → R12 → MCRT trace and uses deterministic IDs, hashes, provenance, and no-network safety. The example is intentionally invalid and must be rejected at type check."
DMLL-SEMANTIC_VALIDATION-09329,EX-DMLL-09329,inference_divergence,validation_certification,semantic_validation,fail_as_expected,"This certification Logic Functional Language (DeepML) example teaches inference divergence. It preserves the corpus-derived source → AST → typed/policy-verified semantic record → R12 → MCRT trace and uses deterministic IDs, hashes, provenance, and no-network safety. The example is intentionally invalid and must be rejected at semantic validation."
DMLL-SEMANTIC_VALIDATION-09330,EX-DMLL-09330,nontermination,validation_certification,semantic_validation,fail_as_expected,"This certification Logic Functional Language (DeepML) example teaches nontermination. It preserves the corpus-derived source → AST → typed/policy-verified semantic record → R12 → MCRT trace and uses deterministic IDs, hashes, provenance, and no-network safety. The example is intentionally invalid and must be rejected at semantic validation."
DMLL-SEMANTIC_VALIDATION-09331,EX-DMLL-09331,occurs_check,validation_certification,semantic_validation,fail_as_expected,"This certification Logic Functional Language (DeepML) example teaches occurs check. It preserves the corpus-derived source → AST → typed/policy-verified semantic record → R12 → MCRT trace and uses deterministic IDs, hashes, provenance, and no-network safety. The example is intentionally invalid and must be rejected at semantic validation."
DMLL-TYPE_CHECK-09332,EX-DMLL-09332,ambiguous_instance,validation_certification,type_check,fail_as_expected,"This certification Logic Functional Language (DeepML) example teaches ambiguous instance. It preserves the corpus-derived source → AST → typed/policy-verified semantic record → R12 → MCRT trace and uses deterministic IDs, hashes, provenance, and no-network safety. The example is intentionally invalid and must be rejected at type check."
DMLL-SEMANTIC_VALIDATION-09334,EX-DMLL-09334,unsound_proof,validation_certification,semantic_validation,fail_as_expected,"This certification Logic Functional Language (DeepML) example teaches unsound proof. It preserves the corpus-derived source → AST → typed/policy-verified semantic record → R12 → MCRT trace and uses deterministic IDs, hashes, provenance, and no-network safety. The example is intentionally invalid and must be rejected at semantic validation."
DMLL-SEMANTIC_VALIDATION-09335,EX-DMLL-09335,contradictory_facts,validation_certification,semantic_validation,fail_as_expected,"This certification Logic Functional Language (DeepML) example teaches contradictory facts. It preserves the corpus-derived source → AST → typed/policy-verified semantic record → R12 → MCRT trace and uses deterministic IDs, hashes, provenance, and no-network safety. The example is intentionally invalid and must be rejected at semantic validation."
DMLL-TYPE_CHECK-09336,EX-DMLL-09336,incomplete_match,validation_certification,type_check,fail_as_expected,"This certification Logic Functional Language (DeepML) example teaches incomplete match. It preserves the corpus-derived source → AST → typed/policy-verified semantic record → R12 → MCRT trace and uses deterministic IDs, hashes, provenance, and no-network safety. The example is intentionally invalid and must be rejected at type check."
DMLL-SEMANTIC_VALIDATION-09337,EX-DMLL-09337,inference_divergence,validation_certification,semantic_validation,fail_as_expected,"This certification Logic Functional Language (DeepML) example teaches inference divergence. It preserves the corpus-derived source → AST → typed/policy-verified semantic record → R12 → MCRT trace and uses deterministic IDs, hashes, provenance, and no-network safety. The example is intentionally invalid and must be rejected at semantic validation."
DMLL-SEMANTIC_VALIDATION-09338,EX-DMLL-09338,nontermination,validation_certification,semantic_validation,fail_as_expected,"This certification Logic Functional Language (DeepML) example teaches nontermination. It preserves the corpus-derived source → AST → typed/policy-verified semantic record → R12 → MCRT trace and uses deterministic IDs, hashes, provenance, and no-network safety. The example is intentionally invalid and must be rejected at semantic validation."
DMLL-SEMANTIC_VALIDATION-09339,EX-DMLL-09339,occurs_check,validation_certification,semantic_validation,fail_as_expected,"This certification Logic Functional Language (DeepML) example teaches occurs check. It preserves the corpus-derived source → AST → typed/policy-verified semantic record → R12 → MCRT trace and uses deterministic IDs, hashes, provenance, and no-network safety. The example is intentionally invalid and must be rejected at semantic validation."
DMLL-TYPE_CHECK-09340,EX-DMLL-09340,ambiguous_instance,validation_certification,type_check,fail_as_expected,"This certification Logic Functional Language (DeepML) example teaches ambiguous instance. It preserves the corpus-derived source → AST → typed/policy-verified semantic record → R12 → MCRT trace and uses deterministic IDs, hashes, provenance, and no-network safety. The example is intentionally invalid and must be rejected at type check."
DMLL-SEMANTIC_VALIDATION-09342,EX-DMLL-09342,unsound_proof,validation_certification,semantic_validation,fail_as_expected,"This certification Logic Functional Language (DeepML) example teaches unsound proof. It preserves the corpus-derived source → AST → typed/policy-verified semantic record → R12 → MCRT trace and uses deterministic IDs, hashes, provenance, and no-network safety. The example is intentionally invalid and must be rejected at semantic validation."
DMLL-SEMANTIC_VALIDATION-09343,EX-DMLL-09343,contradictory_facts,validation_certification,semantic_validation,fail_as_expected,"This certification Logic Functional Language (DeepML) example teaches contradictory facts. It preserves the corpus-derived source → AST → typed/policy-verified semantic record → R12 → MCRT trace and uses deterministic IDs, hashes, provenance, and no-network safety. The example is intentionally invalid and must be rejected at semantic validation."
DMLL-TYPE_CHECK-09344,EX-DMLL-09344,incomplete_match,validation_certification,type_check,fail_as_expected,"This certification Logic Functional Language (DeepML) example teaches incomplete match. It preserves the corpus-derived source → AST → typed/policy-verified semantic record → R12 → MCRT trace and uses deterministic IDs, hashes, provenance, and no-network safety. The example is intentionally invalid and must be rejected at type check."
DMLL-SEMANTIC_VALIDATION-09345,EX-DMLL-09345,inference_divergence,validation_certification,semantic_validation,fail_as_expected,"This certification Logic Functional Language (DeepML) example teaches inference divergence. It preserves the corpus-derived source → AST → typed/policy-verified semantic record → R12 → MCRT trace and uses deterministic IDs, hashes, provenance, and no-network safety. The example is intentionally invalid and must be rejected at semantic validation."
DMLL-SEMANTIC_VALIDATION-09346,EX-DMLL-09346,nontermination,validation_certification,semantic_validation,fail_as_expected,"This certification Logic Functional Language (DeepML) example teaches nontermination. It preserves the corpus-derived source → AST → typed/policy-verified semantic record → R12 → MCRT trace and uses deterministic IDs, hashes, provenance, and no-network safety. The example is intentionally invalid and must be rejected at semantic validation."
DMLL-SEMANTIC_VALIDATION-09347,EX-DMLL-09347,occurs_check,validation_certification,semantic_validation,fail_as_expected,"This certification Logic Functional Language (DeepML) example teaches occurs check. It preserves the corpus-derived source → AST → typed/policy-verified semantic record → R12 → MCRT trace and uses deterministic IDs, hashes, provenance, and no-network safety. The example is intentionally invalid and must be rejected at semantic validation."
DMLL-TYPE_CHECK-09348,EX-DMLL-09348,ambiguous_instance,validation_certification,type_check,fail_as_expected,"This certification Logic Functional Language (DeepML) example teaches ambiguous instance. It preserves the corpus-derived source → AST → typed/policy-verified semantic record → R12 → MCRT trace and uses deterministic IDs, hashes, provenance, and no-network safety. The example is intentionally invalid and must be rejected at type check."
DMLL-SEMANTIC_VALIDATION-09350,EX-DMLL-09350,unsound_proof,validation_certification,semantic_validation,fail_as_expected,"This certification Logic Functional Language (DeepML) example teaches unsound proof. It preserves the corpus-derived source → AST → typed/policy-verified semantic record → R12 → MCRT trace and uses deterministic IDs, hashes, provenance, and no-network safety. The example is intentionally invalid and must be rejected at semantic validation."
DMLL-SEMANTIC_VALIDATION-09351,EX-DMLL-09351,contradictory_facts,validation_certification,semantic_validation,fail_as_expected,"This certification Logic Functional Language (DeepML) example teaches contradictory facts. It preserves the corpus-derived source → AST → typed/policy-verified semantic record → R12 → MCRT trace and uses deterministic IDs, hashes, provenance, and no-network safety. The example is intentionally invalid and must be rejected at semantic validation."
DMLL-TYPE_CHECK-09352,EX-DMLL-09352,incomplete_match,validation_certification,type_check,fail_as_expected,"This certification Logic Functional Language (DeepML) example teaches incomplete match. It preserves the corpus-derived source → AST → typed/policy-verified semantic record → R12 → MCRT trace and uses deterministic IDs, hashes, provenance, and no-network safety. The example is intentionally invalid and must be rejected at type check."
DMLL-SEMANTIC_VALIDATION-09353,EX-DMLL-09353,inference_divergence,validation_certification,semantic_validation,fail_as_expected,"This certification Logic Functional Language (DeepML) example teaches inference divergence. It preserves the corpus-derived source → AST → typed/policy-verified semantic record → R12 → MCRT trace and uses deterministic IDs, hashes, provenance, and no-network safety. The example is intentionally invalid and must be rejected at semantic validation."
DMLL-SEMANTIC_VALIDATION-09354,EX-DMLL-09354,nontermination,validation_certification,semantic_validation,fail_as_expected,"This certification Logic Functional Language (DeepML) example teaches nontermination. It preserves the corpus-derived source → AST → typed/policy-verified semantic record → R12 → MCRT trace and uses deterministic IDs, hashes, provenance, and no-network safety. The example is intentionally invalid and must be rejected at semantic validation."
DMLL-SEMANTIC_VALIDATION-09355,EX-DMLL-09355,occurs_check,validation_certification,semantic_validation,fail_as_expected,"This certification Logic Functional Language (DeepML) example teaches occurs check. It preserves the corpus-derived source → AST → typed/policy-verified semantic record → R12 → MCRT trace and uses deterministic IDs, hashes, provenance, and no-network safety. The example is intentionally invalid and must be rejected at semantic validation."
DMLL-TYPE_CHECK-09356,EX-DMLL-09356,ambiguous_instance,validation_certification,type_check,fail_as_expected,"This certification Logic Functional Language (DeepML) example teaches ambiguous instance. It preserves the corpus-derived source → AST → typed/policy-verified semantic record → R12 → MCRT trace and uses deterministic IDs, hashes, provenance, and no-network safety. The example is intentionally invalid and must be rejected at type check."
DMLL-SEMANTIC_VALIDATION-09358,EX-DMLL-09358,unsound_proof,validation_certification,semantic_validation,fail_as_expected,"This certification Logic Functional Language (DeepML) example teaches unsound proof. It preserves the corpus-derived source → AST → typed/policy-verified semantic record → R12 → MCRT trace and uses deterministic IDs, hashes, provenance, and no-network safety. The example is intentionally invalid and must be rejected at semantic validation."
DMLL-SEMANTIC_VALIDATION-09359,EX-DMLL-09359,contradictory_facts,validation_certification,semantic_validation,fail_as_expected,"This certification Logic Functional Language (DeepML) example teaches contradictory facts. It preserves the corpus-derived source → AST → typed/policy-verified semantic record → R12 → MCRT trace and uses deterministic IDs, hashes, provenance, and no-network safety. The example is intentionally invalid and must be rejected at semantic validation."
DMLL-TYPE_CHECK-09360,EX-DMLL-09360,incomplete_match,validation_certification,type_check,fail_as_expected,"This certification Logic Functional Language (DeepML) example teaches incomplete match. It preserves the corpus-derived source → AST → typed/policy-verified semantic record → R12 → MCRT trace and uses deterministic IDs, hashes, provenance, and no-network safety. The example is intentionally invalid and must be rejected at type check."
DMLL-SEMANTIC_VALIDATION-09361,EX-DMLL-09361,inference_divergence,validation_certification,semantic_validation,fail_as_expected,"This certification Logic Functional Language (DeepML) example teaches inference divergence. It preserves the corpus-derived source → AST → typed/policy-verified semantic record → R12 → MCRT trace and uses deterministic IDs, hashes, provenance, and no-network safety. The example is intentionally invalid and must be rejected at semantic validation."
DMLL-SEMANTIC_VALIDATION-09362,EX-DMLL-09362,nontermination,validation_certification,semantic_validation,fail_as_expected,"This certification Logic Functional Language (DeepML) example teaches nontermination. It preserves the corpus-derived source → AST → typed/policy-verified semantic record → R12 → MCRT trace and uses deterministic IDs, hashes, provenance, and no-network safety. The example is intentionally invalid and must be rejected at semantic validation."
DMLL-SEMANTIC_VALIDATION-09363,EX-DMLL-09363,occurs_check,validation_certification,semantic_validation,fail_as_expected,"This certification Logic Functional Language (DeepML) example teaches occurs check. It preserves the corpus-derived source → AST → typed/policy-verified semantic record → R12 → MCRT trace and uses deterministic IDs, hashes, provenance, and no-network safety. The example is intentionally invalid and must be rejected at semantic validation."
DMLL-TYPE_CHECK-09364,EX-DMLL-09364,ambiguous_instance,validation_certification,type_check,fail_as_expected,"This certification Logic Functional Language (DeepML) example teaches ambiguous instance. It preserves the corpus-derived source → AST → typed/policy-verified semantic record → R12 → MCRT trace and uses deterministic IDs, hashes, provenance, and no-network safety. The example is intentionally invalid and must be rejected at type check."
DMLL-SAFETY_GATE-09365,EX-DMLL-09365,impure_effect,validation_certification,safety_gate,fail_as_expected,"This certification Logic Functional Language (DeepML) example teaches impure effect. It preserves the corpus-derived source → AST → typed/policy-verified semantic record → R12 → MCRT trace and uses deterministic IDs, hashes, provenance, and no-network safety. The example is intentionally invalid and must be rejected at safety gate."
DMLL-SEMANTIC_VALIDATION-09366,EX-DMLL-09366,unsound_proof,validation_certification,semantic_validation,fail_as_expected,"This certification Logic Functional Language (DeepML) example teaches unsound proof. It preserves the corpus-derived source → AST → typed/policy-verified semantic record → R12 → MCRT trace and uses deterministic IDs, hashes, provenance, and no-network safety. The example is intentionally invalid and must be rejected at semantic validation."
DMLL-SEMANTIC_VALIDATION-09367,EX-DMLL-09367,contradictory_facts,validation_certification,semantic_validation,fail_as_expected,"This certification Logic Functional Language (DeepML) example teaches contradictory facts. It preserves the corpus-derived source → AST → typed/policy-verified semantic record → R12 → MCRT trace and uses deterministic IDs, hashes, provenance, and no-network safety. The example is intentionally invalid and must be rejected at semantic validation."
DMLL-TYPE_CHECK-09368,EX-DMLL-09368,incomplete_match,validation_certification,type_check,fail_as_expected,"This certification Logic Functional Language (DeepML) example teaches incomplete match. It preserves the corpus-derived source → AST → typed/policy-verified semantic record → R12 → MCRT trace and uses deterministic IDs, hashes, provenance, and no-network safety. The example is intentionally invalid and must be rejected at type check."
DMLL-SEMANTIC_VALIDATION-09369,EX-DMLL-09369,inference_divergence,validation_certification,semantic_validation,fail_as_expected,"This certification Logic Functional Language (DeepML) example teaches inference divergence. It preserves the corpus-derived source → AST → typed/policy-verified semantic record → R12 → MCRT trace and uses deterministic IDs, hashes, provenance, and no-network safety. The example is intentionally invalid and must be rejected at semantic validation."
DMLL-SEMANTIC_VALIDATION-09370,EX-DMLL-09370,nontermination,validation_certification,semantic_validation,fail_as_expected,"This certification Logic Functional Language (DeepML) example teaches nontermination. It preserves the corpus-derived source → AST → typed/policy-verified semantic record → R12 → MCRT trace and uses deterministic IDs, hashes, provenance, and no-network safety. The example is intentionally invalid and must be rejected at semantic validation."
DMLL-SEMANTIC_VALIDATION-09371,EX-DMLL-09371,occurs_check,validation_certification,semantic_validation,fail_as_expected,"This certification Logic Functional Language (DeepML) example teaches occurs check. It preserves the corpus-derived source → AST → typed/policy-verified semantic record → R12 → MCRT trace and uses deterministic IDs, hashes, provenance, and no-network safety. The example is intentionally invalid and must be rejected at semantic validation."
DMLL-TYPE_CHECK-09372,EX-DMLL-09372,ambiguous_instance,validation_certification,type_check,fail_as_expected,"This certification Logic Functional Language (DeepML) example teaches ambiguous instance. It preserves the corpus-derived source → AST → typed/policy-verified semantic record → R12 → MCRT trace and uses deterministic IDs, hashes, provenance, and no-network safety. The example is intentionally invalid and must be rejected at type check."
DMLL-SAFETY_GATE-09373,EX-DMLL-09373,impure_effect,validation_certification,safety_gate,fail_as_expected,"This certification Logic Functional Language (DeepML) example teaches impure effect. It preserves the corpus-derived source → AST → typed/policy-verified semantic record → R12 → MCRT trace and uses deterministic IDs, hashes, provenance, and no-network safety. The example is intentionally invalid and must be rejected at safety gate."
DMLL-SEMANTIC_VALIDATION-09374,EX-DMLL-09374,unsound_proof,validation_certification,semantic_validation,fail_as_expected,"This certification Logic Functional Language (DeepML) example teaches unsound proof. It preserves the corpus-derived source → AST → typed/policy-verified semantic record → R12 → MCRT trace and uses deterministic IDs, hashes, provenance, and no-network safety. The example is intentionally invalid and must be rejected at semantic validation."
DMLL-SEMANTIC_VALIDATION-09375,EX-DMLL-09375,contradictory_facts,validation_certification,semantic_validation,fail_as_expected,"This certification Logic Functional Language (DeepML) example teaches contradictory facts. It preserves the corpus-derived source → AST → typed/policy-verified semantic record → R12 → MCRT trace and uses deterministic IDs, hashes, provenance, and no-network safety. The example is intentionally invalid and must be rejected at semantic validation."
DMLL-TYPE_CHECK-09376,EX-DMLL-09376,incomplete_match,validation_certification,type_check,fail_as_expected,"This certification Logic Functional Language (DeepML) example teaches incomplete match. It preserves the corpus-derived source → AST → typed/policy-verified semantic record → R12 → MCRT trace and uses deterministic IDs, hashes, provenance, and no-network safety. The example is intentionally invalid and must be rejected at type check."
DMLL-SEMANTIC_VALIDATION-09377,EX-DMLL-09377,inference_divergence,validation_certification,semantic_validation,fail_as_expected,"This certification Logic Functional Language (DeepML) example teaches inference divergence. It preserves the corpus-derived source → AST → typed/policy-verified semantic record → R12 → MCRT trace and uses deterministic IDs, hashes, provenance, and no-network safety. The example is intentionally invalid and must be rejected at semantic validation."
DMLL-SEMANTIC_VALIDATION-09378,EX-DMLL-09378,nontermination,validation_certification,semantic_validation,fail_as_expected,"This certification Logic Functional Language (DeepML) example teaches nontermination. It preserves the corpus-derived source → AST → typed/policy-verified semantic record → R12 → MCRT trace and uses deterministic IDs, hashes, provenance, and no-network safety. The example is intentionally invalid and must be rejected at semantic validation."
DMLL-SEMANTIC_VALIDATION-09379,EX-DMLL-09379,occurs_check,validation_certification,semantic_validation,fail_as_expected,"This certification Logic Functional Language (DeepML) example teaches occurs check. It preserves the corpus-derived source → AST → typed/policy-verified semantic record → R12 → MCRT trace and uses deterministic IDs, hashes, provenance, and no-network safety. The example is intentionally invalid and must be rejected at semantic validation."
DMLL-TYPE_CHECK-09380,EX-DMLL-09380,ambiguous_instance,validation_certification,type_check,fail_as_expected,"This certification Logic Functional Language (DeepML) example teaches ambiguous instance. It preserves the corpus-derived source → AST → typed/policy-verified semantic record → R12 → MCRT trace and uses deterministic IDs, hashes, provenance, and no-network safety. The example is intentionally invalid and must be rejected at type check."
DMLL-SAFETY_GATE-09381,EX-DMLL-09381,impure_effect,validation_certification,safety_gate,fail_as_expected,"This certification Logic Functional Language (DeepML) example teaches impure effect. It preserves the corpus-derived source → AST → typed/policy-verified semantic record → R12 → MCRT trace and uses deterministic IDs, hashes, provenance, and no-network safety. The example is intentionally invalid and must be rejected at safety gate."
DMLL-SEMANTIC_VALIDATION-09382,EX-DMLL-09382,unsound_proof,validation_certification,semantic_validation,fail_as_expected,"This certification Logic Functional Language (DeepML) example teaches unsound proof. It preserves the corpus-derived source → AST → typed/policy-verified semantic record → R12 → MCRT trace and uses deterministic IDs, hashes, provenance, and no-network safety. The example is intentionally invalid and must be rejected at semantic validation."
DMLL-SEMANTIC_VALIDATION-09383,EX-DMLL-09383,contradictory_facts,validation_certification,semantic_validation,fail_as_expected,"This certification Logic Functional Language (DeepML) example teaches contradictory facts. It preserves the corpus-derived source → AST → typed/policy-verified semantic record → R12 → MCRT trace and uses deterministic IDs, hashes, provenance, and no-network safety. The example is intentionally invalid and must be rejected at semantic validation."
DMLL-TYPE_CHECK-09384,EX-DMLL-09384,incomplete_match,validation_certification,type_check,fail_as_expected,"This certification Logic Functional Language (DeepML) example teaches incomplete match. It preserves the corpus-derived source → AST → typed/policy-verified semantic record → R12 → MCRT trace and uses deterministic IDs, hashes, provenance, and no-network safety. The example is intentionally invalid and must be rejected at type check."
DMLL-SEMANTIC_VALIDATION-09385,EX-DMLL-09385,inference_divergence,validation_certification,semantic_validation,fail_as_expected,"This certification Logic Functional Language (DeepML) example teaches inference divergence. It preserves the corpus-derived source → AST → typed/policy-verified semantic record → R12 → MCRT trace and uses deterministic IDs, hashes, provenance, and no-network safety. The example is intentionally invalid and must be rejected at semantic validation."
DMLL-SEMANTIC_VALIDATION-09386,EX-DMLL-09386,nontermination,validation_certification,semantic_validation,fail_as_expected,"This certification Logic Functional Language (DeepML) example teaches nontermination. It preserves the corpus-derived source → AST → typed/policy-verified semantic record → R12 → MCRT trace and uses deterministic IDs, hashes, provenance, and no-network safety. The example is intentionally invalid and must be rejected at semantic validation."
DMLL-SEMANTIC_VALIDATION-09387,EX-DMLL-09387,occurs_check,validation_certification,semantic_validation,fail_as_expected,"This certification Logic Functional Language (DeepML) example teaches occurs check. It preserves the corpus-derived source → AST → typed/policy-verified semantic record → R12 → MCRT trace and uses deterministic IDs, hashes, provenance, and no-network safety. The example is intentionally invalid and must be rejected at semantic validation."
DMLL-TYPE_CHECK-09388,EX-DMLL-09388,ambiguous_instance,validation_certification,type_check,fail_as_expected,"This certification Logic Functional Language (DeepML) example teaches ambiguous instance. It preserves the corpus-derived source → AST → typed/policy-verified semantic record → R12 → MCRT trace and uses deterministic IDs, hashes, provenance, and no-network safety. The example is intentionally invalid and must be rejected at type check."
DMLL-SAFETY_GATE-09389,EX-DMLL-09389,impure_effect,validation_certification,safety_gate,fail_as_expected,"This certification Logic Functional Language (DeepML) example teaches impure effect. It preserves the corpus-derived source → AST → typed/policy-verified semantic record → R12 → MCRT trace and uses deterministic IDs, hashes, provenance, and no-network safety. The example is intentionally invalid and must be rejected at safety gate."
DMLL-SEMANTIC_VALIDATION-09390,EX-DMLL-09390,unsound_proof,validation_certification,semantic_validation,fail_as_expected,"This certification Logic Functional Language (DeepML) example teaches unsound proof. It preserves the corpus-derived source → AST → typed/policy-verified semantic record → R12 → MCRT trace and uses deterministic IDs, hashes, provenance, and no-network safety. The example is intentionally invalid and must be rejected at semantic validation."
DMLL-SEMANTIC_VALIDATION-09391,EX-DMLL-09391,contradictory_facts,validation_certification,semantic_validation,fail_as_expected,"This certification Logic Functional Language (DeepML) example teaches contradictory facts. It preserves the corpus-derived source → AST → typed/policy-verified semantic record → R12 → MCRT trace and uses deterministic IDs, hashes, provenance, and no-network safety. The example is intentionally invalid and must be rejected at semantic validation."
DMLL-TYPE_CHECK-09392,EX-DMLL-09392,incomplete_match,validation_certification,type_check,fail_as_expected,"This certification Logic Functional Language (DeepML) example teaches incomplete match. It preserves the corpus-derived source → AST → typed/policy-verified semantic record → R12 → MCRT trace and uses deterministic IDs, hashes, provenance, and no-network safety. The example is intentionally invalid and must be rejected at type check."
DMLL-SEMANTIC_VALIDATION-09393,EX-DMLL-09393,inference_divergence,validation_certification,semantic_validation,fail_as_expected,"This certification Logic Functional Language (DeepML) example teaches inference divergence. It preserves the corpus-derived source → AST → typed/policy-verified semantic record → R12 → MCRT trace and uses deterministic IDs, hashes, provenance, and no-network safety. The example is intentionally invalid and must be rejected at semantic validation."
DMLL-SEMANTIC_VALIDATION-09394,EX-DMLL-09394,nontermination,validation_certification,semantic_validation,fail_as_expected,"This certification Logic Functional Language (DeepML) example teaches nontermination. It preserves the corpus-derived source → AST → typed/policy-verified semantic record → R12 → MCRT trace and uses deterministic IDs, hashes, provenance, and no-network safety. The example is intentionally invalid and must be rejected at semantic validation."
DMLL-SEMANTIC_VALIDATION-09395,EX-DMLL-09395,occurs_check,validation_certification,semantic_validation,fail_as_expected,"This certification Logic Functional Language (DeepML) example teaches occurs check. It preserves the corpus-derived source → AST → typed/policy-verified semantic record → R12 → MCRT trace and uses deterministic IDs, hashes, provenance, and no-network safety. The example is intentionally invalid and must be rejected at semantic validation."
DMLL-TYPE_CHECK-09396,EX-DMLL-09396,ambiguous_instance,validation_certification,type_check,fail_as_expected,"This certification Logic Functional Language (DeepML) example teaches ambiguous instance. It preserves the corpus-derived source → AST → typed/policy-verified semantic record → R12 → MCRT trace and uses deterministic IDs, hashes, provenance, and no-network safety. The example is intentionally invalid and must be rejected at type check."
DMLL-SAFETY_GATE-09397,EX-DMLL-09397,impure_effect,validation_certification,safety_gate,fail_as_expected,"This certification Logic Functional Language (DeepML) example teaches impure effect. It preserves the corpus-derived source → AST → typed/policy-verified semantic record → R12 → MCRT trace and uses deterministic IDs, hashes, provenance, and no-network safety. The example is intentionally invalid and must be rejected at safety gate."
DMLL-SEMANTIC_VALIDATION-09398,EX-DMLL-09398,unsound_proof,validation_certification,semantic_validation,fail_as_expected,"This certification Logic Functional Language (DeepML) example teaches unsound proof. It preserves the corpus-derived source → AST → typed/policy-verified semantic record → R12 → MCRT trace and uses deterministic IDs, hashes, provenance, and no-network safety. The example is intentionally invalid and must be rejected at semantic validation."
DMLL-SEMANTIC_VALIDATION-09399,EX-DMLL-09399,contradictory_facts,validation_certification,semantic_validation,fail_as_expected,"This certification Logic Functional Language (DeepML) example teaches contradictory facts. It preserves the corpus-derived source → AST → typed/policy-verified semantic record → R12 → MCRT trace and uses deterministic IDs, hashes, provenance, and no-network safety. The example is intentionally invalid and must be rejected at semantic validation."
DMLL-TYPE_CHECK-09400,EX-DMLL-09400,incomplete_match,validation_certification,type_check,fail_as_expected,"This certification Logic Functional Language (DeepML) example teaches incomplete match. It preserves the corpus-derived source → AST → typed/policy-verified semantic record → R12 → MCRT trace and uses deterministic IDs, hashes, provenance, and no-network safety. The example is intentionally invalid and must be rejected at type check."
DMLL-SEMANTIC_VALIDATION-09401,EX-DMLL-09401,inference_divergence,validation_certification,semantic_validation,fail_as_expected,"This certification Logic Functional Language (DeepML) example teaches inference divergence. It preserves the corpus-derived source → AST → typed/policy-verified semantic record → R12 → MCRT trace and uses deterministic IDs, hashes, provenance, and no-network safety. The example is intentionally invalid and must be rejected at semantic validation."
DMLL-SEMANTIC_VALIDATION-09402,EX-DMLL-09402,nontermination,validation_certification,semantic_validation,fail_as_expected,"This certification Logic Functional Language (DeepML) example teaches nontermination. It preserves the corpus-derived source → AST → typed/policy-verified semantic record → R12 → MCRT trace and uses deterministic IDs, hashes, provenance, and no-network safety. The example is intentionally invalid and must be rejected at semantic validation."
DMLL-SEMANTIC_VALIDATION-09403,EX-DMLL-09403,occurs_check,validation_certification,semantic_validation,fail_as_expected,"This certification Logic Functional Language (DeepML) example teaches occurs check. It preserves the corpus-derived source → AST → typed/policy-verified semantic record → R12 → MCRT trace and uses deterministic IDs, hashes, provenance, and no-network safety. The example is intentionally invalid and must be rejected at semantic validation."
DMLL-TYPE_CHECK-09404,EX-DMLL-09404,ambiguous_instance,validation_certification,type_check,fail_as_expected,"This certification Logic Functional Language (DeepML) example teaches ambiguous instance. It preserves the corpus-derived source → AST → typed/policy-verified semantic record → R12 → MCRT trace and uses deterministic IDs, hashes, provenance, and no-network safety. The example is intentionally invalid and must be rejected at type check."
DMLL-SAFETY_GATE-09405,EX-DMLL-09405,impure_effect,validation_certification,safety_gate,fail_as_expected,"This certification Logic Functional Language (DeepML) example teaches impure effect. It preserves the corpus-derived source → AST → typed/policy-verified semantic record → R12 → MCRT trace and uses deterministic IDs, hashes, provenance, and no-network safety. The example is intentionally invalid and must be rejected at safety gate."
DMLL-SEMANTIC_VALIDATION-09406,EX-DMLL-09406,unsound_proof,validation_certification,semantic_validation,fail_as_expected,"This certification Logic Functional Language (DeepML) example teaches unsound proof. It preserves the corpus-derived source → AST → typed/policy-verified semantic record → R12 → MCRT trace and uses deterministic IDs, hashes, provenance, and no-network safety. The example is intentionally invalid and must be rejected at semantic validation."
DMLL-SEMANTIC_VALIDATION-09407,EX-DMLL-09407,contradictory_facts,validation_certification,semantic_validation,fail_as_expected,"This certification Logic Functional Language (DeepML) example teaches contradictory facts. It preserves the corpus-derived source → AST → typed/policy-verified semantic record → R12 → MCRT trace and uses deterministic IDs, hashes, provenance, and no-network safety. The example is intentionally invalid and must be rejected at semantic validation."
DMLL-TYPE_CHECK-09408,EX-DMLL-09408,incomplete_match,validation_certification,type_check,fail_as_expected,"This certification Logic Functional Language (DeepML) example teaches incomplete match. It preserves the corpus-derived source → AST → typed/policy-verified semantic record → R12 → MCRT trace and uses deterministic IDs, hashes, provenance, and no-network safety. The example is intentionally invalid and must be rejected at type check."
DMLL-SEMANTIC_VALIDATION-09409,EX-DMLL-09409,inference_divergence,validation_certification,semantic_validation,fail_as_expected,"This certification Logic Functional Language (DeepML) example teaches inference divergence. It preserves the corpus-derived source → AST → typed/policy-verified semantic record → R12 → MCRT trace and uses deterministic IDs, hashes, provenance, and no-network safety. The example is intentionally invalid and must be rejected at semantic validation."
DMLL-SEMANTIC_VALIDATION-09410,EX-DMLL-09410,nontermination,validation_certification,semantic_validation,fail_as_expected,"This certification Logic Functional Language (DeepML) example teaches nontermination. It preserves the corpus-derived source → AST → typed/policy-verified semantic record → R12 → MCRT trace and uses deterministic IDs, hashes, provenance, and no-network safety. The example is intentionally invalid and must be rejected at semantic validation."
DMLL-SEMANTIC_VALIDATION-09411,EX-DMLL-09411,occurs_check,validation_certification,semantic_validation,fail_as_expected,"This certification Logic Functional Language (DeepML) example teaches occurs check. It preserves the corpus-derived source → AST → typed/policy-verified semantic record → R12 → MCRT trace and uses deterministic IDs, hashes, provenance, and no-network safety. The example is intentionally invalid and must be rejected at semantic validation."
DMLL-TYPE_CHECK-09412,EX-DMLL-09412,ambiguous_instance,validation_certification,type_check,fail_as_expected,"This certification Logic Functional Language (DeepML) example teaches ambiguous instance. It preserves the corpus-derived source → AST → typed/policy-verified semantic record → R12 → MCRT trace and uses deterministic IDs, hashes, provenance, and no-network safety. The example is intentionally invalid and must be rejected at type check."
DMLL-SAFETY_GATE-09413,EX-DMLL-09413,impure_effect,validation_certification,safety_gate,fail_as_expected,"This certification Logic Functional Language (DeepML) example teaches impure effect. It preserves the corpus-derived source → AST → typed/policy-verified semantic record → R12 → MCRT trace and uses deterministic IDs, hashes, provenance, and no-network safety. The example is intentionally invalid and must be rejected at safety gate."
DMLL-SEMANTIC_VALIDATION-09414,EX-DMLL-09414,unsound_proof,validation_certification,semantic_validation,fail_as_expected,"This certification Logic Functional Language (DeepML) example teaches unsound proof. It preserves the corpus-derived source → AST → typed/policy-verified semantic record → R12 → MCRT trace and uses deterministic IDs, hashes, provenance, and no-network safety. The example is intentionally invalid and must be rejected at semantic validation."
DMLL-SEMANTIC_VALIDATION-09415,EX-DMLL-09415,contradictory_facts,validation_certification,semantic_validation,fail_as_expected,"This certification Logic Functional Language (DeepML) example teaches contradictory facts. It preserves the corpus-derived source → AST → typed/policy-verified semantic record → R12 → MCRT trace and uses deterministic IDs, hashes, provenance, and no-network safety. The example is intentionally invalid and must be rejected at semantic validation."
DMLL-TYPE_CHECK-09416,EX-DMLL-09416,incomplete_match,validation_certification,type_check,fail_as_expected,"This certification Logic Functional Language (DeepML) example teaches incomplete match. It preserves the corpus-derived source → AST → typed/policy-verified semantic record → R12 → MCRT trace and uses deterministic IDs, hashes, provenance, and no-network safety. The example is intentionally invalid and must be rejected at type check."
DMLL-SEMANTIC_VALIDATION-09417,EX-DMLL-09417,inference_divergence,validation_certification,semantic_validation,fail_as_expected,"This certification Logic Functional Language (DeepML) example teaches inference divergence. It preserves the corpus-derived source → AST → typed/policy-verified semantic record → R12 → MCRT trace and uses deterministic IDs, hashes, provenance, and no-network safety. The example is intentionally invalid and must be rejected at semantic validation."
DMLL-SEMANTIC_VALIDATION-09418,EX-DMLL-09418,nontermination,validation_certification,semantic_validation,fail_as_expected,"This certification Logic Functional Language (DeepML) example teaches nontermination. It preserves the corpus-derived source → AST → typed/policy-verified semantic record → R12 → MCRT trace and uses deterministic IDs, hashes, provenance, and no-network safety. The example is intentionally invalid and must be rejected at semantic validation."
DMLL-SEMANTIC_VALIDATION-09419,EX-DMLL-09419,occurs_check,validation_certification,semantic_validation,fail_as_expected,"This certification Logic Functional Language (DeepML) example teaches occurs check. It preserves the corpus-derived source → AST → typed/policy-verified semantic record → R12 → MCRT trace and uses deterministic IDs, hashes, provenance, and no-network safety. The example is intentionally invalid and must be rejected at semantic validation."
DMLL-TYPE_CHECK-09420,EX-DMLL-09420,ambiguous_instance,validation_certification,type_check,fail_as_expected,"This certification Logic Functional Language (DeepML) example teaches ambiguous instance. It preserves the corpus-derived source → AST → typed/policy-verified semantic record → R12 → MCRT trace and uses deterministic IDs, hashes, provenance, and no-network safety. The example is intentionally invalid and must be rejected at type check."
DMLL-SAFETY_GATE-09421,EX-DMLL-09421,impure_effect,validation_certification,safety_gate,fail_as_expected,"This certification Logic Functional Language (DeepML) example teaches impure effect. It preserves the corpus-derived source → AST → typed/policy-verified semantic record → R12 → MCRT trace and uses deterministic IDs, hashes, provenance, and no-network safety. The example is intentionally invalid and must be rejected at safety gate."
DMLL-SEMANTIC_VALIDATION-09422,EX-DMLL-09422,unsound_proof,validation_certification,semantic_validation,fail_as_expected,"This certification Logic Functional Language (DeepML) example teaches unsound proof. It preserves the corpus-derived source → AST → typed/policy-verified semantic record → R12 → MCRT trace and uses deterministic IDs, hashes, provenance, and no-network safety. The example is intentionally invalid and must be rejected at semantic validation."
DMLL-SEMANTIC_VALIDATION-09423,EX-DMLL-09423,contradictory_facts,validation_certification,semantic_validation,fail_as_expected,"This certification Logic Functional Language (DeepML) example teaches contradictory facts. It preserves the corpus-derived source → AST → typed/policy-verified semantic record → R12 → MCRT trace and uses deterministic IDs, hashes, provenance, and no-network safety. The example is intentionally invalid and must be rejected at semantic validation."
DMLL-TYPE_CHECK-09424,EX-DMLL-09424,incomplete_match,validation_certification,type_check,fail_as_expected,"This certification Logic Functional Language (DeepML) example teaches incomplete match. It preserves the corpus-derived source → AST → typed/policy-verified semantic record → R12 → MCRT trace and uses deterministic IDs, hashes, provenance, and no-network safety. The example is intentionally invalid and must be rejected at type check."
DMLL-SEMANTIC_VALIDATION-09425,EX-DMLL-09425,inference_divergence,validation_certification,semantic_validation,fail_as_expected,"This certification Logic Functional Language (DeepML) example teaches inference divergence. It preserves the corpus-derived source → AST → typed/policy-verified semantic record → R12 → MCRT trace and uses deterministic IDs, hashes, provenance, and no-network safety. The example is intentionally invalid and must be rejected at semantic validation."
DMLL-SEMANTIC_VALIDATION-09426,EX-DMLL-09426,nontermination,validation_certification,semantic_validation,fail_as_expected,"This certification Logic Functional Language (DeepML) example teaches nontermination. It preserves the corpus-derived source → AST → typed/policy-verified semantic record → R12 → MCRT trace and uses deterministic IDs, hashes, provenance, and no-network safety. The example is intentionally invalid and must be rejected at semantic validation."
DMLL-SEMANTIC_VALIDATION-09427,EX-DMLL-09427,occurs_check,validation_certification,semantic_validation,fail_as_expected,"This certification Logic Functional Language (DeepML) example teaches occurs check. It preserves the corpus-derived source → AST → typed/policy-verified semantic record → R12 → MCRT trace and uses deterministic IDs, hashes, provenance, and no-network safety. The example is intentionally invalid and must be rejected at semantic validation."
DMLL-TYPE_CHECK-09428,EX-DMLL-09428,ambiguous_instance,validation_certification,type_check,fail_as_expected,"This certification Logic Functional Language (DeepML) example teaches ambiguous instance. It preserves the corpus-derived source → AST → typed/policy-verified semantic record → R12 → MCRT trace and uses deterministic IDs, hashes, provenance, and no-network safety. The example is intentionally invalid and must be rejected at type check."
DMLL-SAFETY_GATE-09429,EX-DMLL-09429,impure_effect,validation_certification,safety_gate,fail_as_expected,"This certification Logic Functional Language (DeepML) example teaches impure effect. It preserves the corpus-derived source → AST → typed/policy-verified semantic record → R12 → MCRT trace and uses deterministic IDs, hashes, provenance, and no-network safety. The example is intentionally invalid and must be rejected at safety gate."
DMLL-SEMANTIC_VALIDATION-09430,EX-DMLL-09430,unsound_proof,validation_certification,semantic_validation,fail_as_expected,"This certification Logic Functional Language (DeepML) example teaches unsound proof. It preserves the corpus-derived source → AST → typed/policy-verified semantic record → R12 → MCRT trace and uses deterministic IDs, hashes, provenance, and no-network safety. The example is intentionally invalid and must be rejected at semantic validation."
DMLL-SEMANTIC_VALIDATION-09431,EX-DMLL-09431,contradictory_facts,validation_certification,semantic_validation,fail_as_expected,"This certification Logic Functional Language (DeepML) example teaches contradictory facts. It preserves the corpus-derived source → AST → typed/policy-verified semantic record → R12 → MCRT trace and uses deterministic IDs, hashes, provenance, and no-network safety. The example is intentionally invalid and must be rejected at semantic validation."
DMLL-TYPE_CHECK-09432,EX-DMLL-09432,incomplete_match,validation_certification,type_check,fail_as_expected,"This certification Logic Functional Language (DeepML) example teaches incomplete match. It preserves the corpus-derived source → AST → typed/policy-verified semantic record → R12 → MCRT trace and uses deterministic IDs, hashes, provenance, and no-network safety. The example is intentionally invalid and must be rejected at type check."
DMLL-SEMANTIC_VALIDATION-09433,EX-DMLL-09433,inference_divergence,validation_certification,semantic_validation,fail_as_expected,"This certification Logic Functional Language (DeepML) example teaches inference divergence. It preserves the corpus-derived source → AST → typed/policy-verified semantic record → R12 → MCRT trace and uses deterministic IDs, hashes, provenance, and no-network safety. The example is intentionally invalid and must be rejected at semantic validation."
DMLL-SEMANTIC_VALIDATION-09434,EX-DMLL-09434,nontermination,validation_certification,semantic_validation,fail_as_expected,"This certification Logic Functional Language (DeepML) example teaches nontermination. It preserves the corpus-derived source → AST → typed/policy-verified semantic record → R12 → MCRT trace and uses deterministic IDs, hashes, provenance, and no-network safety. The example is intentionally invalid and must be rejected at semantic validation."
DMLL-SEMANTIC_VALIDATION-09435,EX-DMLL-09435,occurs_check,validation_certification,semantic_validation,fail_as_expected,"This certification Logic Functional Language (DeepML) example teaches occurs check. It preserves the corpus-derived source → AST → typed/policy-verified semantic record → R12 → MCRT trace and uses deterministic IDs, hashes, provenance, and no-network safety. The example is intentionally invalid and must be rejected at semantic validation."
DMLL-SAFETY_GATE-09437,EX-DMLL-09437,impure_effect,validation_certification,safety_gate,fail_as_expected,"This certification Logic Functional Language (DeepML) example teaches impure effect. It preserves the corpus-derived source → AST → typed/policy-verified semantic record → R12 → MCRT trace and uses deterministic IDs, hashes, provenance, and no-network safety. The example is intentionally invalid and must be rejected at safety gate."
DMLL-SEMANTIC_VALIDATION-09438,EX-DMLL-09438,unsound_proof,validation_certification,semantic_validation,fail_as_expected,"This certification Logic Functional Language (DeepML) example teaches unsound proof. It preserves the corpus-derived source → AST → typed/policy-verified semantic record → R12 → MCRT trace and uses deterministic IDs, hashes, provenance, and no-network safety. The example is intentionally invalid and must be rejected at semantic validation."
DMLL-SEMANTIC_VALIDATION-09439,EX-DMLL-09439,contradictory_facts,validation_certification,semantic_validation,fail_as_expected,"This certification Logic Functional Language (DeepML) example teaches contradictory facts. It preserves the corpus-derived source → AST → typed/policy-verified semantic record → R12 → MCRT trace and uses deterministic IDs, hashes, provenance, and no-network safety. The example is intentionally invalid and must be rejected at semantic validation."
DMLL-TYPE_CHECK-09440,EX-DMLL-09440,incomplete_match,validation_certification,type_check,fail_as_expected,"This certification Logic Functional Language (DeepML) example teaches incomplete match. It preserves the corpus-derived source → AST → typed/policy-verified semantic record → R12 → MCRT trace and uses deterministic IDs, hashes, provenance, and no-network safety. The example is intentionally invalid and must be rejected at type check."
DMLL-SEMANTIC_VALIDATION-09441,EX-DMLL-09441,inference_divergence,validation_certification,semantic_validation,fail_as_expected,"This certification Logic Functional Language (DeepML) example teaches inference divergence. It preserves the corpus-derived source → AST → typed/policy-verified semantic record → R12 → MCRT trace and uses deterministic IDs, hashes, provenance, and no-network safety. The example is intentionally invalid and must be rejected at semantic validation."
DMLL-SEMANTIC_VALIDATION-09442,EX-DMLL-09442,nontermination,validation_certification,semantic_validation,fail_as_expected,"This certification Logic Functional Language (DeepML) example teaches nontermination. It preserves the corpus-derived source → AST → typed/policy-verified semantic record → R12 → MCRT trace and uses deterministic IDs, hashes, provenance, and no-network safety. The example is intentionally invalid and must be rejected at semantic validation."
DMLL-SEMANTIC_VALIDATION-09443,EX-DMLL-09443,occurs_check,validation_certification,semantic_validation,fail_as_expected,"This certification Logic Functional Language (DeepML) example teaches occurs check. It preserves the corpus-derived source → AST → typed/policy-verified semantic record → R12 → MCRT trace and uses deterministic IDs, hashes, provenance, and no-network safety. The example is intentionally invalid and must be rejected at semantic validation."
DMLL-SAFETY_GATE-09445,EX-DMLL-09445,impure_effect,validation_certification,safety_gate,fail_as_expected,"This certification Logic Functional Language (DeepML) example teaches impure effect. It preserves the corpus-derived source → AST → typed/policy-verified semantic record → R12 → MCRT trace and uses deterministic IDs, hashes, provenance, and no-network safety. The example is intentionally invalid and must be rejected at safety gate."
DMLL-SEMANTIC_VALIDATION-09446,EX-DMLL-09446,unsound_proof,validation_certification,semantic_validation,fail_as_expected,"This certification Logic Functional Language (DeepML) example teaches unsound proof. It preserves the corpus-derived source → AST → typed/policy-verified semantic record → R12 → MCRT trace and uses deterministic IDs, hashes, provenance, and no-network safety. The example is intentionally invalid and must be rejected at semantic validation."
DMLL-SEMANTIC_VALIDATION-09447,EX-DMLL-09447,contradictory_facts,validation_certification,semantic_validation,fail_as_expected,"This certification Logic Functional Language (DeepML) example teaches contradictory facts. It preserves the corpus-derived source → AST → typed/policy-verified semantic record → R12 → MCRT trace and uses deterministic IDs, hashes, provenance, and no-network safety. The example is intentionally invalid and must be rejected at semantic validation."
DMLL-TYPE_CHECK-09448,EX-DMLL-09448,incomplete_match,validation_certification,type_check,fail_as_expected,"This certification Logic Functional Language (DeepML) example teaches incomplete match. It preserves the corpus-derived source → AST → typed/policy-verified semantic record → R12 → MCRT trace and uses deterministic IDs, hashes, provenance, and no-network safety. The example is intentionally invalid and must be rejected at type check."
DMLL-SEMANTIC_VALIDATION-09449,EX-DMLL-09449,inference_divergence,validation_certification,semantic_validation,fail_as_expected,"This certification Logic Functional Language (DeepML) example teaches inference divergence. It preserves the corpus-derived source → AST → typed/policy-verified semantic record → R12 → MCRT trace and uses deterministic IDs, hashes, provenance, and no-network safety. The example is intentionally invalid and must be rejected at semantic validation."
DMLL-SEMANTIC_VALIDATION-09450,EX-DMLL-09450,nontermination,validation_certification,semantic_validation,fail_as_expected,"This certification Logic Functional Language (DeepML) example teaches nontermination. It preserves the corpus-derived source → AST → typed/policy-verified semantic record → R12 → MCRT trace and uses deterministic IDs, hashes, provenance, and no-network safety. The example is intentionally invalid and must be rejected at semantic validation."
DMLL-SEMANTIC_VALIDATION-09451,EX-DMLL-09451,occurs_check,validation_certification,semantic_validation,fail_as_expected,"This certification Logic Functional Language (DeepML) example teaches occurs check. It preserves the corpus-derived source → AST → typed/policy-verified semantic record → R12 → MCRT trace and uses deterministic IDs, hashes, provenance, and no-network safety. The example is intentionally invalid and must be rejected at semantic validation."
DMLL-SAFETY_GATE-09453,EX-DMLL-09453,impure_effect,validation_certification,safety_gate,fail_as_expected,"This certification Logic Functional Language (DeepML) example teaches impure effect. It preserves the corpus-derived source → AST → typed/policy-verified semantic record → R12 → MCRT trace and uses deterministic IDs, hashes, provenance, and no-network safety. The example is intentionally invalid and must be rejected at safety gate."
DMLL-SEMANTIC_VALIDATION-09454,EX-DMLL-09454,unsound_proof,validation_certification,semantic_validation,fail_as_expected,"This certification Logic Functional Language (DeepML) example teaches unsound proof. It preserves the corpus-derived source → AST → typed/policy-verified semantic record → R12 → MCRT trace and uses deterministic IDs, hashes, provenance, and no-network safety. The example is intentionally invalid and must be rejected at semantic validation."
DMLL-SEMANTIC_VALIDATION-09455,EX-DMLL-09455,contradictory_facts,validation_certification,semantic_validation,fail_as_expected,"This certification Logic Functional Language (DeepML) example teaches contradictory facts. It preserves the corpus-derived source → AST → typed/policy-verified semantic record → R12 → MCRT trace and uses deterministic IDs, hashes, provenance, and no-network safety. The example is intentionally invalid and must be rejected at semantic validation."
DMLL-TYPE_CHECK-09456,EX-DMLL-09456,incomplete_match,validation_certification,type_check,fail_as_expected,"This certification Logic Functional Language (DeepML) example teaches incomplete match. It preserves the corpus-derived source → AST → typed/policy-verified semantic record → R12 → MCRT trace and uses deterministic IDs, hashes, provenance, and no-network safety. The example is intentionally invalid and must be rejected at type check."
DMLL-SEMANTIC_VALIDATION-09457,EX-DMLL-09457,inference_divergence,validation_certification,semantic_validation,fail_as_expected,"This certification Logic Functional Language (DeepML) example teaches inference divergence. It preserves the corpus-derived source → AST → typed/policy-verified semantic record → R12 → MCRT trace and uses deterministic IDs, hashes, provenance, and no-network safety. The example is intentionally invalid and must be rejected at semantic validation."
DMLL-SEMANTIC_VALIDATION-09458,EX-DMLL-09458,nontermination,validation_certification,semantic_validation,fail_as_expected,"This certification Logic Functional Language (DeepML) example teaches nontermination. It preserves the corpus-derived source → AST → typed/policy-verified semantic record → R12 → MCRT trace and uses deterministic IDs, hashes, provenance, and no-network safety. The example is intentionally invalid and must be rejected at semantic validation."
DMLL-SEMANTIC_VALIDATION-09459,EX-DMLL-09459,occurs_check,validation_certification,semantic_validation,fail_as_expected,"This certification Logic Functional Language (DeepML) example teaches occurs check. It preserves the corpus-derived source → AST → typed/policy-verified semantic record → R12 → MCRT trace and uses deterministic IDs, hashes, provenance, and no-network safety. The example is intentionally invalid and must be rejected at semantic validation."
DMLL-SAFETY_GATE-09461,EX-DMLL-09461,impure_effect,validation_certification,safety_gate,fail_as_expected,"This certification Logic Functional Language (DeepML) example teaches impure effect. It preserves the corpus-derived source → AST → typed/policy-verified semantic record → R12 → MCRT trace and uses deterministic IDs, hashes, provenance, and no-network safety. The example is intentionally invalid and must be rejected at safety gate."
DMLL-SEMANTIC_VALIDATION-09462,EX-DMLL-09462,unsound_proof,validation_certification,semantic_validation,fail_as_expected,"This certification Logic Functional Language (DeepML) example teaches unsound proof. It preserves the corpus-derived source → AST → typed/policy-verified semantic record → R12 → MCRT trace and uses deterministic IDs, hashes, provenance, and no-network safety. The example is intentionally invalid and must be rejected at semantic validation."
DMLL-SEMANTIC_VALIDATION-09463,EX-DMLL-09463,contradictory_facts,validation_certification,semantic_validation,fail_as_expected,"This certification Logic Functional Language (DeepML) example teaches contradictory facts. It preserves the corpus-derived source → AST → typed/policy-verified semantic record → R12 → MCRT trace and uses deterministic IDs, hashes, provenance, and no-network safety. The example is intentionally invalid and must be rejected at semantic validation."
DMLL-TYPE_CHECK-09464,EX-DMLL-09464,incomplete_match,validation_certification,type_check,fail_as_expected,"This certification Logic Functional Language (DeepML) example teaches incomplete match. It preserves the corpus-derived source → AST → typed/policy-verified semantic record → R12 → MCRT trace and uses deterministic IDs, hashes, provenance, and no-network safety. The example is intentionally invalid and must be rejected at type check."
DMLL-SEMANTIC_VALIDATION-09465,EX-DMLL-09465,inference_divergence,validation_certification,semantic_validation,fail_as_expected,"This certification Logic Functional Language (DeepML) example teaches inference divergence. It preserves the corpus-derived source → AST → typed/policy-verified semantic record → R12 → MCRT trace and uses deterministic IDs, hashes, provenance, and no-network safety. The example is intentionally invalid and must be rejected at semantic validation."
DMLL-SEMANTIC_VALIDATION-09466,EX-DMLL-09466,nontermination,validation_certification,semantic_validation,fail_as_expected,"This certification Logic Functional Language (DeepML) example teaches nontermination. It preserves the corpus-derived source → AST → typed/policy-verified semantic record → R12 → MCRT trace and uses deterministic IDs, hashes, provenance, and no-network safety. The example is intentionally invalid and must be rejected at semantic validation."
DMLL-SEMANTIC_VALIDATION-09467,EX-DMLL-09467,occurs_check,validation_certification,semantic_validation,fail_as_expected,"This certification Logic Functional Language (DeepML) example teaches occurs check. It preserves the corpus-derived source → AST → typed/policy-verified semantic record → R12 → MCRT trace and uses deterministic IDs, hashes, provenance, and no-network safety. The example is intentionally invalid and must be rejected at semantic validation."
DMLL-SAFETY_GATE-09469,EX-DMLL-09469,impure_effect,validation_certification,safety_gate,fail_as_expected,"This certification Logic Functional Language (DeepML) example teaches impure effect. It preserves the corpus-derived source → AST → typed/policy-verified semantic record → R12 → MCRT trace and uses deterministic IDs, hashes, provenance, and no-network safety. The example is intentionally invalid and must be rejected at safety gate."
DMLL-SEMANTIC_VALIDATION-09470,EX-DMLL-09470,unsound_proof,validation_certification,semantic_validation,fail_as_expected,"This certification Logic Functional Language (DeepML) example teaches unsound proof. It preserves the corpus-derived source → AST → typed/policy-verified semantic record → R12 → MCRT trace and uses deterministic IDs, hashes, provenance, and no-network safety. The example is intentionally invalid and must be rejected at semantic validation."
DMLL-SEMANTIC_VALIDATION-09471,EX-DMLL-09471,contradictory_facts,validation_certification,semantic_validation,fail_as_expected,"This certification Logic Functional Language (DeepML) example teaches contradictory facts. It preserves the corpus-derived source → AST → typed/policy-verified semantic record → R12 → MCRT trace and uses deterministic IDs, hashes, provenance, and no-network safety. The example is intentionally invalid and must be rejected at semantic validation."
DMLL-TYPE_CHECK-09472,EX-DMLL-09472,incomplete_match,validation_certification,type_check,fail_as_expected,"This certification Logic Functional Language (DeepML) example teaches incomplete match. It preserves the corpus-derived source → AST → typed/policy-verified semantic record → R12 → MCRT trace and uses deterministic IDs, hashes, provenance, and no-network safety. The example is intentionally invalid and must be rejected at type check."
DMLL-SEMANTIC_VALIDATION-09473,EX-DMLL-09473,inference_divergence,validation_certification,semantic_validation,fail_as_expected,"This certification Logic Functional Language (DeepML) example teaches inference divergence. It preserves the corpus-derived source → AST → typed/policy-verified semantic record → R12 → MCRT trace and uses deterministic IDs, hashes, provenance, and no-network safety. The example is intentionally invalid and must be rejected at semantic validation."
DMLL-SEMANTIC_VALIDATION-09474,EX-DMLL-09474,nontermination,validation_certification,semantic_validation,fail_as_expected,"This certification Logic Functional Language (DeepML) example teaches nontermination. It preserves the corpus-derived source → AST → typed/policy-verified semantic record → R12 → MCRT trace and uses deterministic IDs, hashes, provenance, and no-network safety. The example is intentionally invalid and must be rejected at semantic validation."
DMLL-SEMANTIC_VALIDATION-09475,EX-DMLL-09475,occurs_check,validation_certification,semantic_validation,fail_as_expected,"This certification Logic Functional Language (DeepML) example teaches occurs check. It preserves the corpus-derived source → AST → typed/policy-verified semantic record → R12 → MCRT trace and uses deterministic IDs, hashes, provenance, and no-network safety. The example is intentionally invalid and must be rejected at semantic validation."
DMLL-SAFETY_GATE-09477,EX-DMLL-09477,impure_effect,validation_certification,safety_gate,fail_as_expected,"This certification Logic Functional Language (DeepML) example teaches impure effect. It preserves the corpus-derived source → AST → typed/policy-verified semantic record → R12 → MCRT trace and uses deterministic IDs, hashes, provenance, and no-network safety. The example is intentionally invalid and must be rejected at safety gate."
DMLL-SEMANTIC_VALIDATION-09478,EX-DMLL-09478,unsound_proof,validation_certification,semantic_validation,fail_as_expected,"This certification Logic Functional Language (DeepML) example teaches unsound proof. It preserves the corpus-derived source → AST → typed/policy-verified semantic record → R12 → MCRT trace and uses deterministic IDs, hashes, provenance, and no-network safety. The example is intentionally invalid and must be rejected at semantic validation."
DMLL-SEMANTIC_VALIDATION-09479,EX-DMLL-09479,contradictory_facts,validation_certification,semantic_validation,fail_as_expected,"This certification Logic Functional Language (DeepML) example teaches contradictory facts. It preserves the corpus-derived source → AST → typed/policy-verified semantic record → R12 → MCRT trace and uses deterministic IDs, hashes, provenance, and no-network safety. The example is intentionally invalid and must be rejected at semantic validation."
DMLL-TYPE_CHECK-09480,EX-DMLL-09480,incomplete_match,validation_certification,type_check,fail_as_expected,"This certification Logic Functional Language (DeepML) example teaches incomplete match. It preserves the corpus-derived source → AST → typed/policy-verified semantic record → R12 → MCRT trace and uses deterministic IDs, hashes, provenance, and no-network safety. The example is intentionally invalid and must be rejected at type check."
DMLL-SEMANTIC_VALIDATION-09481,EX-DMLL-09481,inference_divergence,validation_certification,semantic_validation,fail_as_expected,"This certification Logic Functional Language (DeepML) example teaches inference divergence. It preserves the corpus-derived source → AST → typed/policy-verified semantic record → R12 → MCRT trace and uses deterministic IDs, hashes, provenance, and no-network safety. The example is intentionally invalid and must be rejected at semantic validation."
DMLL-SEMANTIC_VALIDATION-09482,EX-DMLL-09482,nontermination,validation_certification,semantic_validation,fail_as_expected,"This certification Logic Functional Language (DeepML) example teaches nontermination. It preserves the corpus-derived source → AST → typed/policy-verified semantic record → R12 → MCRT trace and uses deterministic IDs, hashes, provenance, and no-network safety. The example is intentionally invalid and must be rejected at semantic validation."
DMLL-SEMANTIC_VALIDATION-09483,EX-DMLL-09483,occurs_check,validation_certification,semantic_validation,fail_as_expected,"This certification Logic Functional Language (DeepML) example teaches occurs check. It preserves the corpus-derived source → AST → typed/policy-verified semantic record → R12 → MCRT trace and uses deterministic IDs, hashes, provenance, and no-network safety. The example is intentionally invalid and must be rejected at semantic validation."
DMLL-TYPE_CHECK-09484,EX-DMLL-09484,ambiguous_instance,validation_certification,type_check,fail_as_expected,"This certification Logic Functional Language (DeepML) example teaches ambiguous instance. It preserves the corpus-derived source → AST → typed/policy-verified semantic record → R12 → MCRT trace and uses deterministic IDs, hashes, provenance, and no-network safety. The example is intentionally invalid and must be rejected at type check."
DMLL-SAFETY_GATE-09485,EX-DMLL-09485,impure_effect,validation_certification,safety_gate,fail_as_expected,"This certification Logic Functional Language (DeepML) example teaches impure effect. It preserves the corpus-derived source → AST → typed/policy-verified semantic record → R12 → MCRT trace and uses deterministic IDs, hashes, provenance, and no-network safety. The example is intentionally invalid and must be rejected at safety gate."
DMLL-SEMANTIC_VALIDATION-09486,EX-DMLL-09486,unsound_proof,validation_certification,semantic_validation,fail_as_expected,"This certification Logic Functional Language (DeepML) example teaches unsound proof. It preserves the corpus-derived source → AST → typed/policy-verified semantic record → R12 → MCRT trace and uses deterministic IDs, hashes, provenance, and no-network safety. The example is intentionally invalid and must be rejected at semantic validation."
DMLL-SEMANTIC_VALIDATION-09487,EX-DMLL-09487,contradictory_facts,validation_certification,semantic_validation,fail_as_expected,"This certification Logic Functional Language (DeepML) example teaches contradictory facts. It preserves the corpus-derived source → AST → typed/policy-verified semantic record → R12 → MCRT trace and uses deterministic IDs, hashes, provenance, and no-network safety. The example is intentionally invalid and must be rejected at semantic validation."
DMLL-TYPE_CHECK-09488,EX-DMLL-09488,incomplete_match,validation_certification,type_check,fail_as_expected,"This certification Logic Functional Language (DeepML) example teaches incomplete match. It preserves the corpus-derived source → AST → typed/policy-verified semantic record → R12 → MCRT trace and uses deterministic IDs, hashes, provenance, and no-network safety. The example is intentionally invalid and must be rejected at type check."
DMLL-SEMANTIC_VALIDATION-09489,EX-DMLL-09489,inference_divergence,validation_certification,semantic_validation,fail_as_expected,"This certification Logic Functional Language (DeepML) example teaches inference divergence. It preserves the corpus-derived source → AST → typed/policy-verified semantic record → R12 → MCRT trace and uses deterministic IDs, hashes, provenance, and no-network safety. The example is intentionally invalid and must be rejected at semantic validation."
DMLL-SEMANTIC_VALIDATION-09490,EX-DMLL-09490,nontermination,validation_certification,semantic_validation,fail_as_expected,"This certification Logic Functional Language (DeepML) example teaches nontermination. It preserves the corpus-derived source → AST → typed/policy-verified semantic record → R12 → MCRT trace and uses deterministic IDs, hashes, provenance, and no-network safety. The example is intentionally invalid and must be rejected at semantic validation."
DMLL-SEMANTIC_VALIDATION-09491,EX-DMLL-09491,occurs_check,validation_certification,semantic_validation,fail_as_expected,"This certification Logic Functional Language (DeepML) example teaches occurs check. It preserves the corpus-derived source → AST → typed/policy-verified semantic record → R12 → MCRT trace and uses deterministic IDs, hashes, provenance, and no-network safety. The example is intentionally invalid and must be rejected at semantic validation."
DMLL-TYPE_CHECK-09492,EX-DMLL-09492,ambiguous_instance,validation_certification,type_check,fail_as_expected,"This certification Logic Functional Language (DeepML) example teaches ambiguous instance. It preserves the corpus-derived source → AST → typed/policy-verified semantic record → R12 → MCRT trace and uses deterministic IDs, hashes, provenance, and no-network safety. The example is intentionally invalid and must be rejected at type check."
DMLL-SAFETY_GATE-09493,EX-DMLL-09493,impure_effect,validation_certification,safety_gate,fail_as_expected,"This certification Logic Functional Language (DeepML) example teaches impure effect. It preserves the corpus-derived source → AST → typed/policy-verified semantic record → R12 → MCRT trace and uses deterministic IDs, hashes, provenance, and no-network safety. The example is intentionally invalid and must be rejected at safety gate."
DMLL-SEMANTIC_VALIDATION-09494,EX-DMLL-09494,unsound_proof,validation_certification,semantic_validation,fail_as_expected,"This certification Logic Functional Language (DeepML) example teaches unsound proof. It preserves the corpus-derived source → AST → typed/policy-verified semantic record → R12 → MCRT trace and uses deterministic IDs, hashes, provenance, and no-network safety. The example is intentionally invalid and must be rejected at semantic validation."
DMLL-SEMANTIC_VALIDATION-09495,EX-DMLL-09495,contradictory_facts,validation_certification,semantic_validation,fail_as_expected,"This certification Logic Functional Language (DeepML) example teaches contradictory facts. It preserves the corpus-derived source → AST → typed/policy-verified semantic record → R12 → MCRT trace and uses deterministic IDs, hashes, provenance, and no-network safety. The example is intentionally invalid and must be rejected at semantic validation."
DMLL-TYPE_CHECK-09496,EX-DMLL-09496,incomplete_match,validation_certification,type_check,fail_as_expected,"This certification Logic Functional Language (DeepML) example teaches incomplete match. It preserves the corpus-derived source → AST → typed/policy-verified semantic record → R12 → MCRT trace and uses deterministic IDs, hashes, provenance, and no-network safety. The example is intentionally invalid and must be rejected at type check."
DMLL-SEMANTIC_VALIDATION-09497,EX-DMLL-09497,inference_divergence,validation_certification,semantic_validation,fail_as_expected,"This certification Logic Functional Language (DeepML) example teaches inference divergence. It preserves the corpus-derived source → AST → typed/policy-verified semantic record → R12 → MCRT trace and uses deterministic IDs, hashes, provenance, and no-network safety. The example is intentionally invalid and must be rejected at semantic validation."
DMLL-SEMANTIC_VALIDATION-09498,EX-DMLL-09498,nontermination,validation_certification,semantic_validation,fail_as_expected,"This certification Logic Functional Language (DeepML) example teaches nontermination. It preserves the corpus-derived source → AST → typed/policy-verified semantic record → R12 → MCRT trace and uses deterministic IDs, hashes, provenance, and no-network safety. The example is intentionally invalid and must be rejected at semantic validation."
DMLL-SEMANTIC_VALIDATION-09499,EX-DMLL-09499,occurs_check,validation_certification,semantic_validation,fail_as_expected,"This certification Logic Functional Language (DeepML) example teaches occurs check. It preserves the corpus-derived source → AST → typed/policy-verified semantic record → R12 → MCRT trace and uses deterministic IDs, hashes, provenance, and no-network safety. The example is intentionally invalid and must be rejected at semantic validation."
DMLL-TYPE_CHECK-09500,EX-DMLL-09500,ambiguous_instance,validation_certification,type_check,fail_as_expected,"This certification Logic Functional Language (DeepML) example teaches ambiguous instance. It preserves the corpus-derived source → AST → typed/policy-verified semantic record → R12 → MCRT trace and uses deterministic IDs, hashes, provenance, and no-network safety. The example is intentionally invalid and must be rejected at type check."
DMLL-SAFETY_GATE-09501,EX-DMLL-09501,impure_effect,validation_certification,safety_gate,fail_as_expected,"This certification Logic Functional Language (DeepML) example teaches impure effect. It preserves the corpus-derived source → AST → typed/policy-verified semantic record → R12 → MCRT trace and uses deterministic IDs, hashes, provenance, and no-network safety. The example is intentionally invalid and must be rejected at safety gate."
DMLL-SEMANTIC_VALIDATION-09502,EX-DMLL-09502,unsound_proof,validation_certification,semantic_validation,fail_as_expected,"This certification Logic Functional Language (DeepML) example teaches unsound proof. It preserves the corpus-derived source → AST → typed/policy-verified semantic record → R12 → MCRT trace and uses deterministic IDs, hashes, provenance, and no-network safety. The example is intentionally invalid and must be rejected at semantic validation."
DMLL-SEMANTIC_VALIDATION-09503,EX-DMLL-09503,contradictory_facts,validation_certification,semantic_validation,fail_as_expected,"This certification Logic Functional Language (DeepML) example teaches contradictory facts. It preserves the corpus-derived source → AST → typed/policy-verified semantic record → R12 → MCRT trace and uses deterministic IDs, hashes, provenance, and no-network safety. The example is intentionally invalid and must be rejected at semantic validation."
DMLL-TYPE_CHECK-09504,EX-DMLL-09504,incomplete_match,validation_certification,type_check,fail_as_expected,"This certification Logic Functional Language (DeepML) example teaches incomplete match. It preserves the corpus-derived source → AST → typed/policy-verified semantic record → R12 → MCRT trace and uses deterministic IDs, hashes, provenance, and no-network safety. The example is intentionally invalid and must be rejected at type check."
DMLL-SEMANTIC_VALIDATION-09505,EX-DMLL-09505,inference_divergence,validation_certification,semantic_validation,fail_as_expected,"This certification Logic Functional Language (DeepML) example teaches inference divergence. It preserves the corpus-derived source → AST → typed/policy-verified semantic record → R12 → MCRT trace and uses deterministic IDs, hashes, provenance, and no-network safety. The example is intentionally invalid and must be rejected at semantic validation."
DMLL-SEMANTIC_VALIDATION-09506,EX-DMLL-09506,nontermination,validation_certification,semantic_validation,fail_as_expected,"This certification Logic Functional Language (DeepML) example teaches nontermination. It preserves the corpus-derived source → AST → typed/policy-verified semantic record → R12 → MCRT trace and uses deterministic IDs, hashes, provenance, and no-network safety. The example is intentionally invalid and must be rejected at semantic validation."
DMLL-SEMANTIC_VALIDATION-09507,EX-DMLL-09507,occurs_check,validation_certification,semantic_validation,fail_as_expected,"This certification Logic Functional Language (DeepML) example teaches occurs check. It preserves the corpus-derived source → AST → typed/policy-verified semantic record → R12 → MCRT trace and uses deterministic IDs, hashes, provenance, and no-network safety. The example is intentionally invalid and must be rejected at semantic validation."
DMLL-TYPE_CHECK-09508,EX-DMLL-09508,ambiguous_instance,validation_certification,type_check,fail_as_expected,"This certification Logic Functional Language (DeepML) example teaches ambiguous instance. It preserves the corpus-derived source → AST → typed/policy-verified semantic record → R12 → MCRT trace and uses deterministic IDs, hashes, provenance, and no-network safety. The example is intentionally invalid and must be rejected at type check."
DMLL-SEMANTIC_VALIDATION-09510,EX-DMLL-09510,unsound_proof,validation_certification,semantic_validation,fail_as_expected,"This certification Logic Functional Language (DeepML) example teaches unsound proof. It preserves the corpus-derived source → AST → typed/policy-verified semantic record → R12 → MCRT trace and uses deterministic IDs, hashes, provenance, and no-network safety. The example is intentionally invalid and must be rejected at semantic validation."
DMLL-SEMANTIC_VALIDATION-09511,EX-DMLL-09511,contradictory_facts,validation_certification,semantic_validation,fail_as_expected,"This certification Logic Functional Language (DeepML) example teaches contradictory facts. It preserves the corpus-derived source → AST → typed/policy-verified semantic record → R12 → MCRT trace and uses deterministic IDs, hashes, provenance, and no-network safety. The example is intentionally invalid and must be rejected at semantic validation."
DMLL-TYPE_CHECK-09512,EX-DMLL-09512,incomplete_match,validation_certification,type_check,fail_as_expected,"This certification Logic Functional Language (DeepML) example teaches incomplete match. It preserves the corpus-derived source → AST → typed/policy-verified semantic record → R12 → MCRT trace and uses deterministic IDs, hashes, provenance, and no-network safety. The example is intentionally invalid and must be rejected at type check."
DMLL-SEMANTIC_VALIDATION-09513,EX-DMLL-09513,inference_divergence,validation_certification,semantic_validation,fail_as_expected,"This certification Logic Functional Language (DeepML) example teaches inference divergence. It preserves the corpus-derived source → AST → typed/policy-verified semantic record → R12 → MCRT trace and uses deterministic IDs, hashes, provenance, and no-network safety. The example is intentionally invalid and must be rejected at semantic validation."
DMLL-SEMANTIC_VALIDATION-09514,EX-DMLL-09514,nontermination,validation_certification,semantic_validation,fail_as_expected,"This certification Logic Functional Language (DeepML) example teaches nontermination. It preserves the corpus-derived source → AST → typed/policy-verified semantic record → R12 → MCRT trace and uses deterministic IDs, hashes, provenance, and no-network safety. The example is intentionally invalid and must be rejected at semantic validation."
DMLL-SEMANTIC_VALIDATION-09515,EX-DMLL-09515,occurs_check,validation_certification,semantic_validation,fail_as_expected,"This certification Logic Functional Language (DeepML) example teaches occurs check. It preserves the corpus-derived source → AST → typed/policy-verified semantic record → R12 → MCRT trace and uses deterministic IDs, hashes, provenance, and no-network safety. The example is intentionally invalid and must be rejected at semantic validation."
DMLL-TYPE_CHECK-09516,EX-DMLL-09516,ambiguous_instance,validation_certification,type_check,fail_as_expected,"This certification Logic Functional Language (DeepML) example teaches ambiguous instance. It preserves the corpus-derived source → AST → typed/policy-verified semantic record → R12 → MCRT trace and uses deterministic IDs, hashes, provenance, and no-network safety. The example is intentionally invalid and must be rejected at type check."
DMLL-SEMANTIC_VALIDATION-09518,EX-DMLL-09518,unsound_proof,validation_certification,semantic_validation,fail_as_expected,"This certification Logic Functional Language (DeepML) example teaches unsound proof. It preserves the corpus-derived source → AST → typed/policy-verified semantic record → R12 → MCRT trace and uses deterministic IDs, hashes, provenance, and no-network safety. The example is intentionally invalid and must be rejected at semantic validation."
DMLL-SEMANTIC_VALIDATION-09519,EX-DMLL-09519,contradictory_facts,validation_certification,semantic_validation,fail_as_expected,"This certification Logic Functional Language (DeepML) example teaches contradictory facts. It preserves the corpus-derived source → AST → typed/policy-verified semantic record → R12 → MCRT trace and uses deterministic IDs, hashes, provenance, and no-network safety. The example is intentionally invalid and must be rejected at semantic validation."
DMLL-TYPE_CHECK-09520,EX-DMLL-09520,incomplete_match,validation_certification,type_check,fail_as_expected,"This certification Logic Functional Language (DeepML) example teaches incomplete match. It preserves the corpus-derived source → AST → typed/policy-verified semantic record → R12 → MCRT trace and uses deterministic IDs, hashes, provenance, and no-network safety. The example is intentionally invalid and must be rejected at type check."
DMLL-SEMANTIC_VALIDATION-09521,EX-DMLL-09521,inference_divergence,validation_certification,semantic_validation,fail_as_expected,"This certification Logic Functional Language (DeepML) example teaches inference divergence. It preserves the corpus-derived source → AST → typed/policy-verified semantic record → R12 → MCRT trace and uses deterministic IDs, hashes, provenance, and no-network safety. The example is intentionally invalid and must be rejected at semantic validation."
DMLL-SEMANTIC_VALIDATION-09522,EX-DMLL-09522,nontermination,validation_certification,semantic_validation,fail_as_expected,"This certification Logic Functional Language (DeepML) example teaches nontermination. It preserves the corpus-derived source → AST → typed/policy-verified semantic record → R12 → MCRT trace and uses deterministic IDs, hashes, provenance, and no-network safety. The example is intentionally invalid and must be rejected at semantic validation."
DMLL-SEMANTIC_VALIDATION-09523,EX-DMLL-09523,occurs_check,validation_certification,semantic_validation,fail_as_expected,"This certification Logic Functional Language (DeepML) example teaches occurs check. It preserves the corpus-derived source → AST → typed/policy-verified semantic record → R12 → MCRT trace and uses deterministic IDs, hashes, provenance, and no-network safety. The example is intentionally invalid and must be rejected at semantic validation."
DMLL-TYPE_CHECK-09524,EX-DMLL-09524,ambiguous_instance,validation_certification,type_check,fail_as_expected,"This certification Logic Functional Language (DeepML) example teaches ambiguous instance. It preserves the corpus-derived source → AST → typed/policy-verified semantic record → R12 → MCRT trace and uses deterministic IDs, hashes, provenance, and no-network safety. The example is intentionally invalid and must be rejected at type check."
DMLL-SEMANTIC_VALIDATION-09526,EX-DMLL-09526,unsound_proof,validation_certification,semantic_validation,fail_as_expected,"This certification Logic Functional Language (DeepML) example teaches unsound proof. It preserves the corpus-derived source → AST → typed/policy-verified semantic record → R12 → MCRT trace and uses deterministic IDs, hashes, provenance, and no-network safety. The example is intentionally invalid and must be rejected at semantic validation."
DMLL-SEMANTIC_VALIDATION-09527,EX-DMLL-09527,contradictory_facts,validation_certification,semantic_validation,fail_as_expected,"This certification Logic Functional Language (DeepML) example teaches contradictory facts. It preserves the corpus-derived source → AST → typed/policy-verified semantic record → R12 → MCRT trace and uses deterministic IDs, hashes, provenance, and no-network safety. The example is intentionally invalid and must be rejected at semantic validation."
DMLL-TYPE_CHECK-09528,EX-DMLL-09528,incomplete_match,validation_certification,type_check,fail_as_expected,"This certification Logic Functional Language (DeepML) example teaches incomplete match. It preserves the corpus-derived source → AST → typed/policy-verified semantic record → R12 → MCRT trace and uses deterministic IDs, hashes, provenance, and no-network safety. The example is intentionally invalid and must be rejected at type check."
DMLL-SEMANTIC_VALIDATION-09529,EX-DMLL-09529,inference_divergence,validation_certification,semantic_validation,fail_as_expected,"This certification Logic Functional Language (DeepML) example teaches inference divergence. It preserves the corpus-derived source → AST → typed/policy-verified semantic record → R12 → MCRT trace and uses deterministic IDs, hashes, provenance, and no-network safety. The example is intentionally invalid and must be rejected at semantic validation."
DMLL-SEMANTIC_VALIDATION-09530,EX-DMLL-09530,nontermination,validation_certification,semantic_validation,fail_as_expected,"This certification Logic Functional Language (DeepML) example teaches nontermination. It preserves the corpus-derived source → AST → typed/policy-verified semantic record → R12 → MCRT trace and uses deterministic IDs, hashes, provenance, and no-network safety. The example is intentionally invalid and must be rejected at semantic validation."
DMLL-SEMANTIC_VALIDATION-09531,EX-DMLL-09531,occurs_check,validation_certification,semantic_validation,fail_as_expected,"This certification Logic Functional Language (DeepML) example teaches occurs check. It preserves the corpus-derived source → AST → typed/policy-verified semantic record → R12 → MCRT trace and uses deterministic IDs, hashes, provenance, and no-network safety. The example is intentionally invalid and must be rejected at semantic validation."
DMLL-TYPE_CHECK-09532,EX-DMLL-09532,ambiguous_instance,validation_certification,type_check,fail_as_expected,"This certification Logic Functional Language (DeepML) example teaches ambiguous instance. It preserves the corpus-derived source → AST → typed/policy-verified semantic record → R12 → MCRT trace and uses deterministic IDs, hashes, provenance, and no-network safety. The example is intentionally invalid and must be rejected at type check."
DMLL-SEMANTIC_VALIDATION-09534,EX-DMLL-09534,unsound_proof,validation_certification,semantic_validation,fail_as_expected,"This certification Logic Functional Language (DeepML) example teaches unsound proof. It preserves the corpus-derived source → AST → typed/policy-verified semantic record → R12 → MCRT trace and uses deterministic IDs, hashes, provenance, and no-network safety. The example is intentionally invalid and must be rejected at semantic validation."
DMLL-SEMANTIC_VALIDATION-09535,EX-DMLL-09535,contradictory_facts,validation_certification,semantic_validation,fail_as_expected,"This certification Logic Functional Language (DeepML) example teaches contradictory facts. It preserves the corpus-derived source → AST → typed/policy-verified semantic record → R12 → MCRT trace and uses deterministic IDs, hashes, provenance, and no-network safety. The example is intentionally invalid and must be rejected at semantic validation."
DMLL-TYPE_CHECK-09536,EX-DMLL-09536,incomplete_match,validation_certification,type_check,fail_as_expected,"This certification Logic Functional Language (DeepML) example teaches incomplete match. It preserves the corpus-derived source → AST → typed/policy-verified semantic record → R12 → MCRT trace and uses deterministic IDs, hashes, provenance, and no-network safety. The example is intentionally invalid and must be rejected at type check."
DMLL-SEMANTIC_VALIDATION-09537,EX-DMLL-09537,inference_divergence,validation_certification,semantic_validation,fail_as_expected,"This certification Logic Functional Language (DeepML) example teaches inference divergence. It preserves the corpus-derived source → AST → typed/policy-verified semantic record → R12 → MCRT trace and uses deterministic IDs, hashes, provenance, and no-network safety. The example is intentionally invalid and must be rejected at semantic validation."
DMLL-SEMANTIC_VALIDATION-09538,EX-DMLL-09538,nontermination,validation_certification,semantic_validation,fail_as_expected,"This certification Logic Functional Language (DeepML) example teaches nontermination. It preserves the corpus-derived source → AST → typed/policy-verified semantic record → R12 → MCRT trace and uses deterministic IDs, hashes, provenance, and no-network safety. The example is intentionally invalid and must be rejected at semantic validation."
DMLL-SEMANTIC_VALIDATION-09539,EX-DMLL-09539,occurs_check,validation_certification,semantic_validation,fail_as_expected,"This certification Logic Functional Language (DeepML) example teaches occurs check. It preserves the corpus-derived source → AST → typed/policy-verified semantic record → R12 → MCRT trace and uses deterministic IDs, hashes, provenance, and no-network safety. The example is intentionally invalid and must be rejected at semantic validation."
DMLL-TYPE_CHECK-09540,EX-DMLL-09540,ambiguous_instance,validation_certification,type_check,fail_as_expected,"This certification Logic Functional Language (DeepML) example teaches ambiguous instance. It preserves the corpus-derived source → AST → typed/policy-verified semantic record → R12 → MCRT trace and uses deterministic IDs, hashes, provenance, and no-network safety. The example is intentionally invalid and must be rejected at type check."
DMLL-SEMANTIC_VALIDATION-09542,EX-DMLL-09542,unsound_proof,validation_certification,semantic_validation,fail_as_expected,"This certification Logic Functional Language (DeepML) example teaches unsound proof. It preserves the corpus-derived source → AST → typed/policy-verified semantic record → R12 → MCRT trace and uses deterministic IDs, hashes, provenance, and no-network safety. The example is intentionally invalid and must be rejected at semantic validation."
DMLL-SEMANTIC_VALIDATION-09543,EX-DMLL-09543,contradictory_facts,validation_certification,semantic_validation,fail_as_expected,"This certification Logic Functional Language (DeepML) example teaches contradictory facts. It preserves the corpus-derived source → AST → typed/policy-verified semantic record → R12 → MCRT trace and uses deterministic IDs, hashes, provenance, and no-network safety. The example is intentionally invalid and must be rejected at semantic validation."
DMLL-TYPE_CHECK-09544,EX-DMLL-09544,incomplete_match,validation_certification,type_check,fail_as_expected,"This certification Logic Functional Language (DeepML) example teaches incomplete match. It preserves the corpus-derived source → AST → typed/policy-verified semantic record → R12 → MCRT trace and uses deterministic IDs, hashes, provenance, and no-network safety. The example is intentionally invalid and must be rejected at type check."
DMLL-SEMANTIC_VALIDATION-09545,EX-DMLL-09545,inference_divergence,validation_certification,semantic_validation,fail_as_expected,"This certification Logic Functional Language (DeepML) example teaches inference divergence. It preserves the corpus-derived source → AST → typed/policy-verified semantic record → R12 → MCRT trace and uses deterministic IDs, hashes, provenance, and no-network safety. The example is intentionally invalid and must be rejected at semantic validation."
DMLL-SEMANTIC_VALIDATION-09546,EX-DMLL-09546,nontermination,validation_certification,semantic_validation,fail_as_expected,"This certification Logic Functional Language (DeepML) example teaches nontermination. It preserves the corpus-derived source → AST → typed/policy-verified semantic record → R12 → MCRT trace and uses deterministic IDs, hashes, provenance, and no-network safety. The example is intentionally invalid and must be rejected at semantic validation."
DMLL-SEMANTIC_VALIDATION-09547,EX-DMLL-09547,occurs_check,validation_certification,semantic_validation,fail_as_expected,"This certification Logic Functional Language (DeepML) example teaches occurs check. It preserves the corpus-derived source → AST → typed/policy-verified semantic record → R12 → MCRT trace and uses deterministic IDs, hashes, provenance, and no-network safety. The example is intentionally invalid and must be rejected at semantic validation."
DMLL-TYPE_CHECK-09548,EX-DMLL-09548,ambiguous_instance,validation_certification,type_check,fail_as_expected,"This certification Logic Functional Language (DeepML) example teaches ambiguous instance. It preserves the corpus-derived source → AST → typed/policy-verified semantic record → R12 → MCRT trace and uses deterministic IDs, hashes, provenance, and no-network safety. The example is intentionally invalid and must be rejected at type check."
DMLL-SEMANTIC_VALIDATION-09550,EX-DMLL-09550,unsound_proof,validation_certification,semantic_validation,fail_as_expected,"This certification Logic Functional Language (DeepML) example teaches unsound proof. It preserves the corpus-derived source → AST → typed/policy-verified semantic record → R12 → MCRT trace and uses deterministic IDs, hashes, provenance, and no-network safety. The example is intentionally invalid and must be rejected at semantic validation."
DMLL-SEMANTIC_VALIDATION-09551,EX-DMLL-09551,contradictory_facts,validation_certification,semantic_validation,fail_as_expected,"This certification Logic Functional Language (DeepML) example teaches contradictory facts. It preserves the corpus-derived source → AST → typed/policy-verified semantic record → R12 → MCRT trace and uses deterministic IDs, hashes, provenance, and no-network safety. The example is intentionally invalid and must be rejected at semantic validation."
DMLL-TYPE_CHECK-09552,EX-DMLL-09552,incomplete_match,validation_certification,type_check,fail_as_expected,"This certification Logic Functional Language (DeepML) example teaches incomplete match. It preserves the corpus-derived source → AST → typed/policy-verified semantic record → R12 → MCRT trace and uses deterministic IDs, hashes, provenance, and no-network safety. The example is intentionally invalid and must be rejected at type check."
DMLL-SEMANTIC_VALIDATION-09553,EX-DMLL-09553,inference_divergence,validation_certification,semantic_validation,fail_as_expected,"This certification Logic Functional Language (DeepML) example teaches inference divergence. It preserves the corpus-derived source → AST → typed/policy-verified semantic record → R12 → MCRT trace and uses deterministic IDs, hashes, provenance, and no-network safety. The example is intentionally invalid and must be rejected at semantic validation."
DMLL-SEMANTIC_VALIDATION-09554,EX-DMLL-09554,nontermination,validation_certification,semantic_validation,fail_as_expected,"This certification Logic Functional Language (DeepML) example teaches nontermination. It preserves the corpus-derived source → AST → typed/policy-verified semantic record → R12 → MCRT trace and uses deterministic IDs, hashes, provenance, and no-network safety. The example is intentionally invalid and must be rejected at semantic validation."
DMLL-SEMANTIC_VALIDATION-09555,EX-DMLL-09555,occurs_check,validation_certification,semantic_validation,fail_as_expected,"This certification Logic Functional Language (DeepML) example teaches occurs check. It preserves the corpus-derived source → AST → typed/policy-verified semantic record → R12 → MCRT trace and uses deterministic IDs, hashes, provenance, and no-network safety. The example is intentionally invalid and must be rejected at semantic validation."
DMLL-TYPE_CHECK-09556,EX-DMLL-09556,ambiguous_instance,validation_certification,type_check,fail_as_expected,"This certification Logic Functional Language (DeepML) example teaches ambiguous instance. It preserves the corpus-derived source → AST → typed/policy-verified semantic record → R12 → MCRT trace and uses deterministic IDs, hashes, provenance, and no-network safety. The example is intentionally invalid and must be rejected at type check."
DMLL-SEMANTIC_VALIDATION-09558,EX-DMLL-09558,unsound_proof,validation_certification,semantic_validation,fail_as_expected,"This certification Logic Functional Language (DeepML) example teaches unsound proof. It preserves the corpus-derived source → AST → typed/policy-verified semantic record → R12 → MCRT trace and uses deterministic IDs, hashes, provenance, and no-network safety. The example is intentionally invalid and must be rejected at semantic validation."
DMLL-SEMANTIC_VALIDATION-09559,EX-DMLL-09559,contradictory_facts,validation_certification,semantic_validation,fail_as_expected,"This certification Logic Functional Language (DeepML) example teaches contradictory facts. It preserves the corpus-derived source → AST → typed/policy-verified semantic record → R12 → MCRT trace and uses deterministic IDs, hashes, provenance, and no-network safety. The example is intentionally invalid and must be rejected at semantic validation."
DMLL-TYPE_CHECK-09560,EX-DMLL-09560,incomplete_match,validation_certification,type_check,fail_as_expected,"This certification Logic Functional Language (DeepML) example teaches incomplete match. It preserves the corpus-derived source → AST → typed/policy-verified semantic record → R12 → MCRT trace and uses deterministic IDs, hashes, provenance, and no-network safety. The example is intentionally invalid and must be rejected at type check."
DMLL-SEMANTIC_VALIDATION-09561,EX-DMLL-09561,inference_divergence,validation_certification,semantic_validation,fail_as_expected,"This certification Logic Functional Language (DeepML) example teaches inference divergence. It preserves the corpus-derived source → AST → typed/policy-verified semantic record → R12 → MCRT trace and uses deterministic IDs, hashes, provenance, and no-network safety. The example is intentionally invalid and must be rejected at semantic validation."
DMLL-SEMANTIC_VALIDATION-09562,EX-DMLL-09562,nontermination,validation_certification,semantic_validation,fail_as_expected,"This certification Logic Functional Language (DeepML) example teaches nontermination. It preserves the corpus-derived source → AST → typed/policy-verified semantic record → R12 → MCRT trace and uses deterministic IDs, hashes, provenance, and no-network safety. The example is intentionally invalid and must be rejected at semantic validation."
DMLL-SEMANTIC_VALIDATION-09563,EX-DMLL-09563,occurs_check,validation_certification,semantic_validation,fail_as_expected,"This certification Logic Functional Language (DeepML) example teaches occurs check. It preserves the corpus-derived source → AST → typed/policy-verified semantic record → R12 → MCRT trace and uses deterministic IDs, hashes, provenance, and no-network safety. The example is intentionally invalid and must be rejected at semantic validation."
DMLL-TYPE_CHECK-09564,EX-DMLL-09564,ambiguous_instance,validation_certification,type_check,fail_as_expected,"This certification Logic Functional Language (DeepML) example teaches ambiguous instance. It preserves the corpus-derived source → AST → typed/policy-verified semantic record → R12 → MCRT trace and uses deterministic IDs, hashes, provenance, and no-network safety. The example is intentionally invalid and must be rejected at type check."
DMLL-SAFETY_GATE-09565,EX-DMLL-09565,impure_effect,validation_certification,safety_gate,fail_as_expected,"This certification Logic Functional Language (DeepML) example teaches impure effect. It preserves the corpus-derived source → AST → typed/policy-verified semantic record → R12 → MCRT trace and uses deterministic IDs, hashes, provenance, and no-network safety. The example is intentionally invalid and must be rejected at safety gate."
DMLL-SEMANTIC_VALIDATION-09566,EX-DMLL-09566,unsound_proof,validation_certification,semantic_validation,fail_as_expected,"This certification Logic Functional Language (DeepML) example teaches unsound proof. It preserves the corpus-derived source → AST → typed/policy-verified semantic record → R12 → MCRT trace and uses deterministic IDs, hashes, provenance, and no-network safety. The example is intentionally invalid and must be rejected at semantic validation."
DMLL-SEMANTIC_VALIDATION-09567,EX-DMLL-09567,contradictory_facts,validation_certification,semantic_validation,fail_as_expected,"This certification Logic Functional Language (DeepML) example teaches contradictory facts. It preserves the corpus-derived source → AST → typed/policy-verified semantic record → R12 → MCRT trace and uses deterministic IDs, hashes, provenance, and no-network safety. The example is intentionally invalid and must be rejected at semantic validation."
DMLL-TYPE_CHECK-09568,EX-DMLL-09568,incomplete_match,validation_certification,type_check,fail_as_expected,"This certification Logic Functional Language (DeepML) example teaches incomplete match. It preserves the corpus-derived source → AST → typed/policy-verified semantic record → R12 → MCRT trace and uses deterministic IDs, hashes, provenance, and no-network safety. The example is intentionally invalid and must be rejected at type check."
DMLL-SEMANTIC_VALIDATION-09569,EX-DMLL-09569,inference_divergence,validation_certification,semantic_validation,fail_as_expected,"This certification Logic Functional Language (DeepML) example teaches inference divergence. It preserves the corpus-derived source → AST → typed/policy-verified semantic record → R12 → MCRT trace and uses deterministic IDs, hashes, provenance, and no-network safety. The example is intentionally invalid and must be rejected at semantic validation."
DMLL-SEMANTIC_VALIDATION-09570,EX-DMLL-09570,nontermination,validation_certification,semantic_validation,fail_as_expected,"This certification Logic Functional Language (DeepML) example teaches nontermination. It preserves the corpus-derived source → AST → typed/policy-verified semantic record → R12 → MCRT trace and uses deterministic IDs, hashes, provenance, and no-network safety. The example is intentionally invalid and must be rejected at semantic validation."
DMLL-SEMANTIC_VALIDATION-09571,EX-DMLL-09571,occurs_check,validation_certification,semantic_validation,fail_as_expected,"This certification Logic Functional Language (DeepML) example teaches occurs check. It preserves the corpus-derived source → AST → typed/policy-verified semantic record → R12 → MCRT trace and uses deterministic IDs, hashes, provenance, and no-network safety. The example is intentionally invalid and must be rejected at semantic validation."
DMLL-TYPE_CHECK-09572,EX-DMLL-09572,ambiguous_instance,validation_certification,type_check,fail_as_expected,"This certification Logic Functional Language (DeepML) example teaches ambiguous instance. It preserves the corpus-derived source → AST → typed/policy-verified semantic record → R12 → MCRT trace and uses deterministic IDs, hashes, provenance, and no-network safety. The example is intentionally invalid and must be rejected at type check."
DMLL-SAFETY_GATE-09573,EX-DMLL-09573,impure_effect,validation_certification,safety_gate,fail_as_expected,"This certification Logic Functional Language (DeepML) example teaches impure effect. It preserves the corpus-derived source → AST → typed/policy-verified semantic record → R12 → MCRT trace and uses deterministic IDs, hashes, provenance, and no-network safety. The example is intentionally invalid and must be rejected at safety gate."
DMLL-SEMANTIC_VALIDATION-09574,EX-DMLL-09574,unsound_proof,validation_certification,semantic_validation,fail_as_expected,"This certification Logic Functional Language (DeepML) example teaches unsound proof. It preserves the corpus-derived source → AST → typed/policy-verified semantic record → R12 → MCRT trace and uses deterministic IDs, hashes, provenance, and no-network safety. The example is intentionally invalid and must be rejected at semantic validation."
DMLL-SEMANTIC_VALIDATION-09575,EX-DMLL-09575,contradictory_facts,validation_certification,semantic_validation,fail_as_expected,"This certification Logic Functional Language (DeepML) example teaches contradictory facts. It preserves the corpus-derived source → AST → typed/policy-verified semantic record → R12 → MCRT trace and uses deterministic IDs, hashes, provenance, and no-network safety. The example is intentionally invalid and must be rejected at semantic validation."
DMLL-TYPE_CHECK-09576,EX-DMLL-09576,incomplete_match,validation_certification,type_check,fail_as_expected,"This certification Logic Functional Language (DeepML) example teaches incomplete match. It preserves the corpus-derived source → AST → typed/policy-verified semantic record → R12 → MCRT trace and uses deterministic IDs, hashes, provenance, and no-network safety. The example is intentionally invalid and must be rejected at type check."
DMLL-SEMANTIC_VALIDATION-09577,EX-DMLL-09577,inference_divergence,validation_certification,semantic_validation,fail_as_expected,"This certification Logic Functional Language (DeepML) example teaches inference divergence. It preserves the corpus-derived source → AST → typed/policy-verified semantic record → R12 → MCRT trace and uses deterministic IDs, hashes, provenance, and no-network safety. The example is intentionally invalid and must be rejected at semantic validation."
DMLL-SEMANTIC_VALIDATION-09578,EX-DMLL-09578,nontermination,validation_certification,semantic_validation,fail_as_expected,"This certification Logic Functional Language (DeepML) example teaches nontermination. It preserves the corpus-derived source → AST → typed/policy-verified semantic record → R12 → MCRT trace and uses deterministic IDs, hashes, provenance, and no-network safety. The example is intentionally invalid and must be rejected at semantic validation."
DMLL-SEMANTIC_VALIDATION-09579,EX-DMLL-09579,occurs_check,validation_certification,semantic_validation,fail_as_expected,"This certification Logic Functional Language (DeepML) example teaches occurs check. It preserves the corpus-derived source → AST → typed/policy-verified semantic record → R12 → MCRT trace and uses deterministic IDs, hashes, provenance, and no-network safety. The example is intentionally invalid and must be rejected at semantic validation."
DMLL-TYPE_CHECK-09580,EX-DMLL-09580,ambiguous_instance,validation_certification,type_check,fail_as_expected,"This certification Logic Functional Language (DeepML) example teaches ambiguous instance. It preserves the corpus-derived source → AST → typed/policy-verified semantic record → R12 → MCRT trace and uses deterministic IDs, hashes, provenance, and no-network safety. The example is intentionally invalid and must be rejected at type check."
DMLL-SAFETY_GATE-09581,EX-DMLL-09581,impure_effect,validation_certification,safety_gate,fail_as_expected,"This certification Logic Functional Language (DeepML) example teaches impure effect. It preserves the corpus-derived source → AST → typed/policy-verified semantic record → R12 → MCRT trace and uses deterministic IDs, hashes, provenance, and no-network safety. The example is intentionally invalid and must be rejected at safety gate."
DMLL-SEMANTIC_VALIDATION-09582,EX-DMLL-09582,unsound_proof,validation_certification,semantic_validation,fail_as_expected,"This certification Logic Functional Language (DeepML) example teaches unsound proof. It preserves the corpus-derived source → AST → typed/policy-verified semantic record → R12 → MCRT trace and uses deterministic IDs, hashes, provenance, and no-network safety. The example is intentionally invalid and must be rejected at semantic validation."
DMLL-SEMANTIC_VALIDATION-09583,EX-DMLL-09583,contradictory_facts,validation_certification,semantic_validation,fail_as_expected,"This certification Logic Functional Language (DeepML) example teaches contradictory facts. It preserves the corpus-derived source → AST → typed/policy-verified semantic record → R12 → MCRT trace and uses deterministic IDs, hashes, provenance, and no-network safety. The example is intentionally invalid and must be rejected at semantic validation."
DMLL-TYPE_CHECK-09584,EX-DMLL-09584,incomplete_match,validation_certification,type_check,fail_as_expected,"This certification Logic Functional Language (DeepML) example teaches incomplete match. It preserves the corpus-derived source → AST → typed/policy-verified semantic record → R12 → MCRT trace and uses deterministic IDs, hashes, provenance, and no-network safety. The example is intentionally invalid and must be rejected at type check."
DMLL-SEMANTIC_VALIDATION-09585,EX-DMLL-09585,inference_divergence,validation_certification,semantic_validation,fail_as_expected,"This certification Logic Functional Language (DeepML) example teaches inference divergence. It preserves the corpus-derived source → AST → typed/policy-verified semantic record → R12 → MCRT trace and uses deterministic IDs, hashes, provenance, and no-network safety. The example is intentionally invalid and must be rejected at semantic validation."
DMLL-SEMANTIC_VALIDATION-09586,EX-DMLL-09586,nontermination,validation_certification,semantic_validation,fail_as_expected,"This certification Logic Functional Language (DeepML) example teaches nontermination. It preserves the corpus-derived source → AST → typed/policy-verified semantic record → R12 → MCRT trace and uses deterministic IDs, hashes, provenance, and no-network safety. The example is intentionally invalid and must be rejected at semantic validation."
DMLL-SEMANTIC_VALIDATION-09587,EX-DMLL-09587,occurs_check,validation_certification,semantic_validation,fail_as_expected,"This certification Logic Functional Language (DeepML) example teaches occurs check. It preserves the corpus-derived source → AST → typed/policy-verified semantic record → R12 → MCRT trace and uses deterministic IDs, hashes, provenance, and no-network safety. The example is intentionally invalid and must be rejected at semantic validation."
DMLL-TYPE_CHECK-09588,EX-DMLL-09588,ambiguous_instance,validation_certification,type_check,fail_as_expected,"This certification Logic Functional Language (DeepML) example teaches ambiguous instance. It preserves the corpus-derived source → AST → typed/policy-verified semantic record → R12 → MCRT trace and uses deterministic IDs, hashes, provenance, and no-network safety. The example is intentionally invalid and must be rejected at type check."
DMLL-SAFETY_GATE-09589,EX-DMLL-09589,impure_effect,validation_certification,safety_gate,fail_as_expected,"This certification Logic Functional Language (DeepML) example teaches impure effect. It preserves the corpus-derived source → AST → typed/policy-verified semantic record → R12 → MCRT trace and uses deterministic IDs, hashes, provenance, and no-network safety. The example is intentionally invalid and must be rejected at safety gate."
DMLL-SEMANTIC_VALIDATION-09590,EX-DMLL-09590,unsound_proof,validation_certification,semantic_validation,fail_as_expected,"This certification Logic Functional Language (DeepML) example teaches unsound proof. It preserves the corpus-derived source → AST → typed/policy-verified semantic record → R12 → MCRT trace and uses deterministic IDs, hashes, provenance, and no-network safety. The example is intentionally invalid and must be rejected at semantic validation."
DMLL-SEMANTIC_VALIDATION-09591,EX-DMLL-09591,contradictory_facts,validation_certification,semantic_validation,fail_as_expected,"This certification Logic Functional Language (DeepML) example teaches contradictory facts. It preserves the corpus-derived source → AST → typed/policy-verified semantic record → R12 → MCRT trace and uses deterministic IDs, hashes, provenance, and no-network safety. The example is intentionally invalid and must be rejected at semantic validation."
DMLL-TYPE_CHECK-09592,EX-DMLL-09592,incomplete_match,validation_certification,type_check,fail_as_expected,"This certification Logic Functional Language (DeepML) example teaches incomplete match. It preserves the corpus-derived source → AST → typed/policy-verified semantic record → R12 → MCRT trace and uses deterministic IDs, hashes, provenance, and no-network safety. The example is intentionally invalid and must be rejected at type check."
DMLL-SEMANTIC_VALIDATION-09593,EX-DMLL-09593,inference_divergence,validation_certification,semantic_validation,fail_as_expected,"This certification Logic Functional Language (DeepML) example teaches inference divergence. It preserves the corpus-derived source → AST → typed/policy-verified semantic record → R12 → MCRT trace and uses deterministic IDs, hashes, provenance, and no-network safety. The example is intentionally invalid and must be rejected at semantic validation."
DMLL-SEMANTIC_VALIDATION-09594,EX-DMLL-09594,nontermination,validation_certification,semantic_validation,fail_as_expected,"This certification Logic Functional Language (DeepML) example teaches nontermination. It preserves the corpus-derived source → AST → typed/policy-verified semantic record → R12 → MCRT trace and uses deterministic IDs, hashes, provenance, and no-network safety. The example is intentionally invalid and must be rejected at semantic validation."
DMLL-SEMANTIC_VALIDATION-09595,EX-DMLL-09595,occurs_check,validation_certification,semantic_validation,fail_as_expected,"This certification Logic Functional Language (DeepML) example teaches occurs check. It preserves the corpus-derived source → AST → typed/policy-verified semantic record → R12 → MCRT trace and uses deterministic IDs, hashes, provenance, and no-network safety. The example is intentionally invalid and must be rejected at semantic validation."
DMLL-TYPE_CHECK-09596,EX-DMLL-09596,ambiguous_instance,validation_certification,type_check,fail_as_expected,"This certification Logic Functional Language (DeepML) example teaches ambiguous instance. It preserves the corpus-derived source → AST → typed/policy-verified semantic record → R12 → MCRT trace and uses deterministic IDs, hashes, provenance, and no-network safety. The example is intentionally invalid and must be rejected at type check."
DMLL-SAFETY_GATE-09597,EX-DMLL-09597,impure_effect,validation_certification,safety_gate,fail_as_expected,"This certification Logic Functional Language (DeepML) example teaches impure effect. It preserves the corpus-derived source → AST → typed/policy-verified semantic record → R12 → MCRT trace and uses deterministic IDs, hashes, provenance, and no-network safety. The example is intentionally invalid and must be rejected at safety gate."
DMLL-SEMANTIC_VALIDATION-09598,EX-DMLL-09598,unsound_proof,validation_certification,semantic_validation,fail_as_expected,"This certification Logic Functional Language (DeepML) example teaches unsound proof. It preserves the corpus-derived source → AST → typed/policy-verified semantic record → R12 → MCRT trace and uses deterministic IDs, hashes, provenance, and no-network safety. The example is intentionally invalid and must be rejected at semantic validation."
DMLL-SEMANTIC_VALIDATION-09599,EX-DMLL-09599,contradictory_facts,validation_certification,semantic_validation,fail_as_expected,"This certification Logic Functional Language (DeepML) example teaches contradictory facts. It preserves the corpus-derived source → AST → typed/policy-verified semantic record → R12 → MCRT trace and uses deterministic IDs, hashes, provenance, and no-network safety. The example is intentionally invalid and must be rejected at semantic validation."
DMLL-TYPE_CHECK-09600,EX-DMLL-09600,incomplete_match,validation_certification,type_check,fail_as_expected,"This certification Logic Functional Language (DeepML) example teaches incomplete match. It preserves the corpus-derived source → AST → typed/policy-verified semantic record → R12 → MCRT trace and uses deterministic IDs, hashes, provenance, and no-network safety. The example is intentionally invalid and must be rejected at type check."
DMLL-SEMANTIC_VALIDATION-09601,EX-DMLL-09601,inference_divergence,validation_certification,semantic_validation,fail_as_expected,"This certification Logic Functional Language (DeepML) example teaches inference divergence. It preserves the corpus-derived source → AST → typed/policy-verified semantic record → R12 → MCRT trace and uses deterministic IDs, hashes, provenance, and no-network safety. The example is intentionally invalid and must be rejected at semantic validation."
DMLL-SEMANTIC_VALIDATION-09602,EX-DMLL-09602,nontermination,validation_certification,semantic_validation,fail_as_expected,"This certification Logic Functional Language (DeepML) example teaches nontermination. It preserves the corpus-derived source → AST → typed/policy-verified semantic record → R12 → MCRT trace and uses deterministic IDs, hashes, provenance, and no-network safety. The example is intentionally invalid and must be rejected at semantic validation."
DMLL-SEMANTIC_VALIDATION-09603,EX-DMLL-09603,occurs_check,validation_certification,semantic_validation,fail_as_expected,"This certification Logic Functional Language (DeepML) example teaches occurs check. It preserves the corpus-derived source → AST → typed/policy-verified semantic record → R12 → MCRT trace and uses deterministic IDs, hashes, provenance, and no-network safety. The example is intentionally invalid and must be rejected at semantic validation."
DMLL-TYPE_CHECK-09604,EX-DMLL-09604,ambiguous_instance,validation_certification,type_check,fail_as_expected,"This certification Logic Functional Language (DeepML) example teaches ambiguous instance. It preserves the corpus-derived source → AST → typed/policy-verified semantic record → R12 → MCRT trace and uses deterministic IDs, hashes, provenance, and no-network safety. The example is intentionally invalid and must be rejected at type check."
DMLL-SAFETY_GATE-09605,EX-DMLL-09605,impure_effect,validation_certification,safety_gate,fail_as_expected,"This certification Logic Functional Language (DeepML) example teaches impure effect. It preserves the corpus-derived source → AST → typed/policy-verified semantic record → R12 → MCRT trace and uses deterministic IDs, hashes, provenance, and no-network safety. The example is intentionally invalid and must be rejected at safety gate."
DMLL-SEMANTIC_VALIDATION-09606,EX-DMLL-09606,unsound_proof,validation_certification,semantic_validation,fail_as_expected,"This certification Logic Functional Language (DeepML) example teaches unsound proof. It preserves the corpus-derived source → AST → typed/policy-verified semantic record → R12 → MCRT trace and uses deterministic IDs, hashes, provenance, and no-network safety. The example is intentionally invalid and must be rejected at semantic validation."
DMLL-SEMANTIC_VALIDATION-09607,EX-DMLL-09607,contradictory_facts,validation_certification,semantic_validation,fail_as_expected,"This certification Logic Functional Language (DeepML) example teaches contradictory facts. It preserves the corpus-derived source → AST → typed/policy-verified semantic record → R12 → MCRT trace and uses deterministic IDs, hashes, provenance, and no-network safety. The example is intentionally invalid and must be rejected at semantic validation."
DMLL-TYPE_CHECK-09608,EX-DMLL-09608,incomplete_match,validation_certification,type_check,fail_as_expected,"This certification Logic Functional Language (DeepML) example teaches incomplete match. It preserves the corpus-derived source → AST → typed/policy-verified semantic record → R12 → MCRT trace and uses deterministic IDs, hashes, provenance, and no-network safety. The example is intentionally invalid and must be rejected at type check."
DMLL-SEMANTIC_VALIDATION-09609,EX-DMLL-09609,inference_divergence,validation_certification,semantic_validation,fail_as_expected,"This certification Logic Functional Language (DeepML) example teaches inference divergence. It preserves the corpus-derived source → AST → typed/policy-verified semantic record → R12 → MCRT trace and uses deterministic IDs, hashes, provenance, and no-network safety. The example is intentionally invalid and must be rejected at semantic validation."
DMLL-SEMANTIC_VALIDATION-09610,EX-DMLL-09610,nontermination,validation_certification,semantic_validation,fail_as_expected,"This certification Logic Functional Language (DeepML) example teaches nontermination. It preserves the corpus-derived source → AST → typed/policy-verified semantic record → R12 → MCRT trace and uses deterministic IDs, hashes, provenance, and no-network safety. The example is intentionally invalid and must be rejected at semantic validation."
DMLL-SEMANTIC_VALIDATION-09611,EX-DMLL-09611,occurs_check,validation_certification,semantic_validation,fail_as_expected,"This certification Logic Functional Language (DeepML) example teaches occurs check. It preserves the corpus-derived source → AST → typed/policy-verified semantic record → R12 → MCRT trace and uses deterministic IDs, hashes, provenance, and no-network safety. The example is intentionally invalid and must be rejected at semantic validation."
DMLL-TYPE_CHECK-09612,EX-DMLL-09612,ambiguous_instance,validation_certification,type_check,fail_as_expected,"This certification Logic Functional Language (DeepML) example teaches ambiguous instance. It preserves the corpus-derived source → AST → typed/policy-verified semantic record → R12 → MCRT trace and uses deterministic IDs, hashes, provenance, and no-network safety. The example is intentionally invalid and must be rejected at type check."
DMLL-SAFETY_GATE-09613,EX-DMLL-09613,impure_effect,validation_certification,safety_gate,fail_as_expected,"This certification Logic Functional Language (DeepML) example teaches impure effect. It preserves the corpus-derived source → AST → typed/policy-verified semantic record → R12 → MCRT trace and uses deterministic IDs, hashes, provenance, and no-network safety. The example is intentionally invalid and must be rejected at safety gate."
DMLL-SEMANTIC_VALIDATION-09614,EX-DMLL-09614,unsound_proof,validation_certification,semantic_validation,fail_as_expected,"This certification Logic Functional Language (DeepML) example teaches unsound proof. It preserves the corpus-derived source → AST → typed/policy-verified semantic record → R12 → MCRT trace and uses deterministic IDs, hashes, provenance, and no-network safety. The example is intentionally invalid and must be rejected at semantic validation."
DMLL-SEMANTIC_VALIDATION-09615,EX-DMLL-09615,contradictory_facts,validation_certification,semantic_validation,fail_as_expected,"This certification Logic Functional Language (DeepML) example teaches contradictory facts. It preserves the corpus-derived source → AST → typed/policy-verified semantic record → R12 → MCRT trace and uses deterministic IDs, hashes, provenance, and no-network safety. The example is intentionally invalid and must be rejected at semantic validation."
DMLL-TYPE_CHECK-09616,EX-DMLL-09616,incomplete_match,validation_certification,type_check,fail_as_expected,"This certification Logic Functional Language (DeepML) example teaches incomplete match. It preserves the corpus-derived source → AST → typed/policy-verified semantic record → R12 → MCRT trace and uses deterministic IDs, hashes, provenance, and no-network safety. The example is intentionally invalid and must be rejected at type check."
DMLL-SEMANTIC_VALIDATION-09617,EX-DMLL-09617,inference_divergence,validation_certification,semantic_validation,fail_as_expected,"This certification Logic Functional Language (DeepML) example teaches inference divergence. It preserves the corpus-derived source → AST → typed/policy-verified semantic record → R12 → MCRT trace and uses deterministic IDs, hashes, provenance, and no-network safety. The example is intentionally invalid and must be rejected at semantic validation."
DMLL-SEMANTIC_VALIDATION-09618,EX-DMLL-09618,nontermination,validation_certification,semantic_validation,fail_as_expected,"This certification Logic Functional Language (DeepML) example teaches nontermination. It preserves the corpus-derived source → AST → typed/policy-verified semantic record → R12 → MCRT trace and uses deterministic IDs, hashes, provenance, and no-network safety. The example is intentionally invalid and must be rejected at semantic validation."
DMLL-SEMANTIC_VALIDATION-09619,EX-DMLL-09619,occurs_check,validation_certification,semantic_validation,fail_as_expected,"This certification Logic Functional Language (DeepML) example teaches occurs check. It preserves the corpus-derived source → AST → typed/policy-verified semantic record → R12 → MCRT trace and uses deterministic IDs, hashes, provenance, and no-network safety. The example is intentionally invalid and must be rejected at semantic validation."
DMLL-TYPE_CHECK-09620,EX-DMLL-09620,ambiguous_instance,validation_certification,type_check,fail_as_expected,"This certification Logic Functional Language (DeepML) example teaches ambiguous instance. It preserves the corpus-derived source → AST → typed/policy-verified semantic record → R12 → MCRT trace and uses deterministic IDs, hashes, provenance, and no-network safety. The example is intentionally invalid and must be rejected at type check."
DMLL-SAFETY_GATE-09621,EX-DMLL-09621,impure_effect,validation_certification,safety_gate,fail_as_expected,"This certification Logic Functional Language (DeepML) example teaches impure effect. It preserves the corpus-derived source → AST → typed/policy-verified semantic record → R12 → MCRT trace and uses deterministic IDs, hashes, provenance, and no-network safety. The example is intentionally invalid and must be rejected at safety gate."
DMLL-SEMANTIC_VALIDATION-09622,EX-DMLL-09622,unsound_proof,validation_certification,semantic_validation,fail_as_expected,"This certification Logic Functional Language (DeepML) example teaches unsound proof. It preserves the corpus-derived source → AST → typed/policy-verified semantic record → R12 → MCRT trace and uses deterministic IDs, hashes, provenance, and no-network safety. The example is intentionally invalid and must be rejected at semantic validation."
DMLL-SEMANTIC_VALIDATION-09623,EX-DMLL-09623,contradictory_facts,validation_certification,semantic_validation,fail_as_expected,"This certification Logic Functional Language (DeepML) example teaches contradictory facts. It preserves the corpus-derived source → AST → typed/policy-verified semantic record → R12 → MCRT trace and uses deterministic IDs, hashes, provenance, and no-network safety. The example is intentionally invalid and must be rejected at semantic validation."
DMLL-TYPE_CHECK-09624,EX-DMLL-09624,incomplete_match,validation_certification,type_check,fail_as_expected,"This certification Logic Functional Language (DeepML) example teaches incomplete match. It preserves the corpus-derived source → AST → typed/policy-verified semantic record → R12 → MCRT trace and uses deterministic IDs, hashes, provenance, and no-network safety. The example is intentionally invalid and must be rejected at type check."
DMLL-SEMANTIC_VALIDATION-09625,EX-DMLL-09625,inference_divergence,validation_certification,semantic_validation,fail_as_expected,"This certification Logic Functional Language (DeepML) example teaches inference divergence. It preserves the corpus-derived source → AST → typed/policy-verified semantic record → R12 → MCRT trace and uses deterministic IDs, hashes, provenance, and no-network safety. The example is intentionally invalid and must be rejected at semantic validation."
DMLL-SEMANTIC_VALIDATION-09626,EX-DMLL-09626,nontermination,validation_certification,semantic_validation,fail_as_expected,"This certification Logic Functional Language (DeepML) example teaches nontermination. It preserves the corpus-derived source → AST → typed/policy-verified semantic record → R12 → MCRT trace and uses deterministic IDs, hashes, provenance, and no-network safety. The example is intentionally invalid and must be rejected at semantic validation."
DMLL-SEMANTIC_VALIDATION-09627,EX-DMLL-09627,occurs_check,validation_certification,semantic_validation,fail_as_expected,"This certification Logic Functional Language (DeepML) example teaches occurs check. It preserves the corpus-derived source → AST → typed/policy-verified semantic record → R12 → MCRT trace and uses deterministic IDs, hashes, provenance, and no-network safety. The example is intentionally invalid and must be rejected at semantic validation."
DMLL-TYPE_CHECK-09628,EX-DMLL-09628,ambiguous_instance,validation_certification,type_check,fail_as_expected,"This certification Logic Functional Language (DeepML) example teaches ambiguous instance. It preserves the corpus-derived source → AST → typed/policy-verified semantic record → R12 → MCRT trace and uses deterministic IDs, hashes, provenance, and no-network safety. The example is intentionally invalid and must be rejected at type check."
DMLL-SAFETY_GATE-09629,EX-DMLL-09629,impure_effect,validation_certification,safety_gate,fail_as_expected,"This certification Logic Functional Language (DeepML) example teaches impure effect. It preserves the corpus-derived source → AST → typed/policy-verified semantic record → R12 → MCRT trace and uses deterministic IDs, hashes, provenance, and no-network safety. The example is intentionally invalid and must be rejected at safety gate."
DMLL-SEMANTIC_VALIDATION-09630,EX-DMLL-09630,unsound_proof,validation_certification,semantic_validation,fail_as_expected,"This certification Logic Functional Language (DeepML) example teaches unsound proof. It preserves the corpus-derived source → AST → typed/policy-verified semantic record → R12 → MCRT trace and uses deterministic IDs, hashes, provenance, and no-network safety. The example is intentionally invalid and must be rejected at semantic validation."
DMLL-SEMANTIC_VALIDATION-09631,EX-DMLL-09631,contradictory_facts,validation_certification,semantic_validation,fail_as_expected,"This certification Logic Functional Language (DeepML) example teaches contradictory facts. It preserves the corpus-derived source → AST → typed/policy-verified semantic record → R12 → MCRT trace and uses deterministic IDs, hashes, provenance, and no-network safety. The example is intentionally invalid and must be rejected at semantic validation."
DMLL-TYPE_CHECK-09632,EX-DMLL-09632,incomplete_match,validation_certification,type_check,fail_as_expected,"This certification Logic Functional Language (DeepML) example teaches incomplete match. It preserves the corpus-derived source → AST → typed/policy-verified semantic record → R12 → MCRT trace and uses deterministic IDs, hashes, provenance, and no-network safety. The example is intentionally invalid and must be rejected at type check."
DMLL-SEMANTIC_VALIDATION-09633,EX-DMLL-09633,inference_divergence,validation_certification,semantic_validation,fail_as_expected,"This certification Logic Functional Language (DeepML) example teaches inference divergence. It preserves the corpus-derived source → AST → typed/policy-verified semantic record → R12 → MCRT trace and uses deterministic IDs, hashes, provenance, and no-network safety. The example is intentionally invalid and must be rejected at semantic validation."
DMLL-SEMANTIC_VALIDATION-09634,EX-DMLL-09634,nontermination,validation_certification,semantic_validation,fail_as_expected,"This certification Logic Functional Language (DeepML) example teaches nontermination. It preserves the corpus-derived source → AST → typed/policy-verified semantic record → R12 → MCRT trace and uses deterministic IDs, hashes, provenance, and no-network safety. The example is intentionally invalid and must be rejected at semantic validation."
DMLL-SEMANTIC_VALIDATION-09635,EX-DMLL-09635,occurs_check,validation_certification,semantic_validation,fail_as_expected,"This certification Logic Functional Language (DeepML) example teaches occurs check. It preserves the corpus-derived source → AST → typed/policy-verified semantic record → R12 → MCRT trace and uses deterministic IDs, hashes, provenance, and no-network safety. The example is intentionally invalid and must be rejected at semantic validation."
DMLL-SAFETY_GATE-09637,EX-DMLL-09637,impure_effect,validation_certification,safety_gate,fail_as_expected,"This certification Logic Functional Language (DeepML) example teaches impure effect. It preserves the corpus-derived source → AST → typed/policy-verified semantic record → R12 → MCRT trace and uses deterministic IDs, hashes, provenance, and no-network safety. The example is intentionally invalid and must be rejected at safety gate."
DMLL-SEMANTIC_VALIDATION-09638,EX-DMLL-09638,unsound_proof,validation_certification,semantic_validation,fail_as_expected,"This certification Logic Functional Language (DeepML) example teaches unsound proof. It preserves the corpus-derived source → AST → typed/policy-verified semantic record → R12 → MCRT trace and uses deterministic IDs, hashes, provenance, and no-network safety. The example is intentionally invalid and must be rejected at semantic validation."
DMLL-SEMANTIC_VALIDATION-09639,EX-DMLL-09639,contradictory_facts,validation_certification,semantic_validation,fail_as_expected,"This certification Logic Functional Language (DeepML) example teaches contradictory facts. It preserves the corpus-derived source → AST → typed/policy-verified semantic record → R12 → MCRT trace and uses deterministic IDs, hashes, provenance, and no-network safety. The example is intentionally invalid and must be rejected at semantic validation."
DMLL-TYPE_CHECK-09640,EX-DMLL-09640,incomplete_match,validation_certification,type_check,fail_as_expected,"This certification Logic Functional Language (DeepML) example teaches incomplete match. It preserves the corpus-derived source → AST → typed/policy-verified semantic record → R12 → MCRT trace and uses deterministic IDs, hashes, provenance, and no-network safety. The example is intentionally invalid and must be rejected at type check."
DMLL-SEMANTIC_VALIDATION-09641,EX-DMLL-09641,inference_divergence,validation_certification,semantic_validation,fail_as_expected,"This certification Logic Functional Language (DeepML) example teaches inference divergence. It preserves the corpus-derived source → AST → typed/policy-verified semantic record → R12 → MCRT trace and uses deterministic IDs, hashes, provenance, and no-network safety. The example is intentionally invalid and must be rejected at semantic validation."
DMLL-SEMANTIC_VALIDATION-09642,EX-DMLL-09642,nontermination,validation_certification,semantic_validation,fail_as_expected,"This certification Logic Functional Language (DeepML) example teaches nontermination. It preserves the corpus-derived source → AST → typed/policy-verified semantic record → R12 → MCRT trace and uses deterministic IDs, hashes, provenance, and no-network safety. The example is intentionally invalid and must be rejected at semantic validation."
DMLL-SEMANTIC_VALIDATION-09643,EX-DMLL-09643,occurs_check,validation_certification,semantic_validation,fail_as_expected,"This certification Logic Functional Language (DeepML) example teaches occurs check. It preserves the corpus-derived source → AST → typed/policy-verified semantic record → R12 → MCRT trace and uses deterministic IDs, hashes, provenance, and no-network safety. The example is intentionally invalid and must be rejected at semantic validation."
DMLL-SAFETY_GATE-09645,EX-DMLL-09645,impure_effect,validation_certification,safety_gate,fail_as_expected,"This certification Logic Functional Language (DeepML) example teaches impure effect. It preserves the corpus-derived source → AST → typed/policy-verified semantic record → R12 → MCRT trace and uses deterministic IDs, hashes, provenance, and no-network safety. The example is intentionally invalid and must be rejected at safety gate."
DMLL-SEMANTIC_VALIDATION-09646,EX-DMLL-09646,unsound_proof,validation_certification,semantic_validation,fail_as_expected,"This certification Logic Functional Language (DeepML) example teaches unsound proof. It preserves the corpus-derived source → AST → typed/policy-verified semantic record → R12 → MCRT trace and uses deterministic IDs, hashes, provenance, and no-network safety. The example is intentionally invalid and must be rejected at semantic validation."
DMLL-SEMANTIC_VALIDATION-09647,EX-DMLL-09647,contradictory_facts,validation_certification,semantic_validation,fail_as_expected,"This certification Logic Functional Language (DeepML) example teaches contradictory facts. It preserves the corpus-derived source → AST → typed/policy-verified semantic record → R12 → MCRT trace and uses deterministic IDs, hashes, provenance, and no-network safety. The example is intentionally invalid and must be rejected at semantic validation."
DMLL-TYPE_CHECK-09648,EX-DMLL-09648,incomplete_match,validation_certification,type_check,fail_as_expected,"This certification Logic Functional Language (DeepML) example teaches incomplete match. It preserves the corpus-derived source → AST → typed/policy-verified semantic record → R12 → MCRT trace and uses deterministic IDs, hashes, provenance, and no-network safety. The example is intentionally invalid and must be rejected at type check."
DMLL-SEMANTIC_VALIDATION-09649,EX-DMLL-09649,inference_divergence,validation_certification,semantic_validation,fail_as_expected,"This certification Logic Functional Language (DeepML) example teaches inference divergence. It preserves the corpus-derived source → AST → typed/policy-verified semantic record → R12 → MCRT trace and uses deterministic IDs, hashes, provenance, and no-network safety. The example is intentionally invalid and must be rejected at semantic validation."
DMLL-SEMANTIC_VALIDATION-09650,EX-DMLL-09650,nontermination,validation_certification,semantic_validation,fail_as_expected,"This certification Logic Functional Language (DeepML) example teaches nontermination. It preserves the corpus-derived source → AST → typed/policy-verified semantic record → R12 → MCRT trace and uses deterministic IDs, hashes, provenance, and no-network safety. The example is intentionally invalid and must be rejected at semantic validation."
DMLL-SEMANTIC_VALIDATION-09651,EX-DMLL-09651,occurs_check,validation_certification,semantic_validation,fail_as_expected,"This certification Logic Functional Language (DeepML) example teaches occurs check. It preserves the corpus-derived source → AST → typed/policy-verified semantic record → R12 → MCRT trace and uses deterministic IDs, hashes, provenance, and no-network safety. The example is intentionally invalid and must be rejected at semantic validation."
DMLL-SAFETY_GATE-09653,EX-DMLL-09653,impure_effect,validation_certification,safety_gate,fail_as_expected,"This certification Logic Functional Language (DeepML) example teaches impure effect. It preserves the corpus-derived source → AST → typed/policy-verified semantic record → R12 → MCRT trace and uses deterministic IDs, hashes, provenance, and no-network safety. The example is intentionally invalid and must be rejected at safety gate."
DMLL-SEMANTIC_VALIDATION-09654,EX-DMLL-09654,unsound_proof,validation_certification,semantic_validation,fail_as_expected,"This certification Logic Functional Language (DeepML) example teaches unsound proof. It preserves the corpus-derived source → AST → typed/policy-verified semantic record → R12 → MCRT trace and uses deterministic IDs, hashes, provenance, and no-network safety. The example is intentionally invalid and must be rejected at semantic validation."
DMLL-SEMANTIC_VALIDATION-09655,EX-DMLL-09655,contradictory_facts,validation_certification,semantic_validation,fail_as_expected,"This certification Logic Functional Language (DeepML) example teaches contradictory facts. It preserves the corpus-derived source → AST → typed/policy-verified semantic record → R12 → MCRT trace and uses deterministic IDs, hashes, provenance, and no-network safety. The example is intentionally invalid and must be rejected at semantic validation."
DMLL-TYPE_CHECK-09656,EX-DMLL-09656,incomplete_match,validation_certification,type_check,fail_as_expected,"This certification Logic Functional Language (DeepML) example teaches incomplete match. It preserves the corpus-derived source → AST → typed/policy-verified semantic record → R12 → MCRT trace and uses deterministic IDs, hashes, provenance, and no-network safety. The example is intentionally invalid and must be rejected at type check."
DMLL-SEMANTIC_VALIDATION-09657,EX-DMLL-09657,inference_divergence,validation_certification,semantic_validation,fail_as_expected,"This certification Logic Functional Language (DeepML) example teaches inference divergence. It preserves the corpus-derived source → AST → typed/policy-verified semantic record → R12 → MCRT trace and uses deterministic IDs, hashes, provenance, and no-network safety. The example is intentionally invalid and must be rejected at semantic validation."
DMLL-SEMANTIC_VALIDATION-09658,EX-DMLL-09658,nontermination,validation_certification,semantic_validation,fail_as_expected,"This certification Logic Functional Language (DeepML) example teaches nontermination. It preserves the corpus-derived source → AST → typed/policy-verified semantic record → R12 → MCRT trace and uses deterministic IDs, hashes, provenance, and no-network safety. The example is intentionally invalid and must be rejected at semantic validation."
DMLL-SEMANTIC_VALIDATION-09659,EX-DMLL-09659,occurs_check,validation_certification,semantic_validation,fail_as_expected,"This certification Logic Functional Language (DeepML) example teaches occurs check. It preserves the corpus-derived source → AST → typed/policy-verified semantic record → R12 → MCRT trace and uses deterministic IDs, hashes, provenance, and no-network safety. The example is intentionally invalid and must be rejected at semantic validation."
DMLL-SAFETY_GATE-09661,EX-DMLL-09661,impure_effect,validation_certification,safety_gate,fail_as_expected,"This certification Logic Functional Language (DeepML) example teaches impure effect. It preserves the corpus-derived source → AST → typed/policy-verified semantic record → R12 → MCRT trace and uses deterministic IDs, hashes, provenance, and no-network safety. The example is intentionally invalid and must be rejected at safety gate."
DMLL-SEMANTIC_VALIDATION-09662,EX-DMLL-09662,unsound_proof,validation_certification,semantic_validation,fail_as_expected,"This certification Logic Functional Language (DeepML) example teaches unsound proof. It preserves the corpus-derived source → AST → typed/policy-verified semantic record → R12 → MCRT trace and uses deterministic IDs, hashes, provenance, and no-network safety. The example is intentionally invalid and must be rejected at semantic validation."
DMLL-SEMANTIC_VALIDATION-09663,EX-DMLL-09663,contradictory_facts,validation_certification,semantic_validation,fail_as_expected,"This certification Logic Functional Language (DeepML) example teaches contradictory facts. It preserves the corpus-derived source → AST → typed/policy-verified semantic record → R12 → MCRT trace and uses deterministic IDs, hashes, provenance, and no-network safety. The example is intentionally invalid and must be rejected at semantic validation."
DMLL-TYPE_CHECK-09664,EX-DMLL-09664,incomplete_match,validation_certification,type_check,fail_as_expected,"This certification Logic Functional Language (DeepML) example teaches incomplete match. It preserves the corpus-derived source → AST → typed/policy-verified semantic record → R12 → MCRT trace and uses deterministic IDs, hashes, provenance, and no-network safety. The example is intentionally invalid and must be rejected at type check."
DMLL-SEMANTIC_VALIDATION-09665,EX-DMLL-09665,inference_divergence,validation_certification,semantic_validation,fail_as_expected,"This certification Logic Functional Language (DeepML) example teaches inference divergence. It preserves the corpus-derived source → AST → typed/policy-verified semantic record → R12 → MCRT trace and uses deterministic IDs, hashes, provenance, and no-network safety. The example is intentionally invalid and must be rejected at semantic validation."
DMLL-SEMANTIC_VALIDATION-09666,EX-DMLL-09666,nontermination,validation_certification,semantic_validation,fail_as_expected,"This certification Logic Functional Language (DeepML) example teaches nontermination. It preserves the corpus-derived source → AST → typed/policy-verified semantic record → R12 → MCRT trace and uses deterministic IDs, hashes, provenance, and no-network safety. The example is intentionally invalid and must be rejected at semantic validation."
DMLL-SEMANTIC_VALIDATION-09667,EX-DMLL-09667,occurs_check,validation_certification,semantic_validation,fail_as_expected,"This certification Logic Functional Language (DeepML) example teaches occurs check. It preserves the corpus-derived source → AST → typed/policy-verified semantic record → R12 → MCRT trace and uses deterministic IDs, hashes, provenance, and no-network safety. The example is intentionally invalid and must be rejected at semantic validation."
DMLL-SAFETY_GATE-09669,EX-DMLL-09669,impure_effect,validation_certification,safety_gate,fail_as_expected,"This certification Logic Functional Language (DeepML) example teaches impure effect. It preserves the corpus-derived source → AST → typed/policy-verified semantic record → R12 → MCRT trace and uses deterministic IDs, hashes, provenance, and no-network safety. The example is intentionally invalid and must be rejected at safety gate."
DMLL-SEMANTIC_VALIDATION-09670,EX-DMLL-09670,unsound_proof,validation_certification,semantic_validation,fail_as_expected,"This certification Logic Functional Language (DeepML) example teaches unsound proof. It preserves the corpus-derived source → AST → typed/policy-verified semantic record → R12 → MCRT trace and uses deterministic IDs, hashes, provenance, and no-network safety. The example is intentionally invalid and must be rejected at semantic validation."
DMLL-SEMANTIC_VALIDATION-09671,EX-DMLL-09671,contradictory_facts,validation_certification,semantic_validation,fail_as_expected,"This certification Logic Functional Language (DeepML) example teaches contradictory facts. It preserves the corpus-derived source → AST → typed/policy-verified semantic record → R12 → MCRT trace and uses deterministic IDs, hashes, provenance, and no-network safety. The example is intentionally invalid and must be rejected at semantic validation."
DMLL-TYPE_CHECK-09672,EX-DMLL-09672,incomplete_match,validation_certification,type_check,fail_as_expected,"This certification Logic Functional Language (DeepML) example teaches incomplete match. It preserves the corpus-derived source → AST → typed/policy-verified semantic record → R12 → MCRT trace and uses deterministic IDs, hashes, provenance, and no-network safety. The example is intentionally invalid and must be rejected at type check."
DMLL-SEMANTIC_VALIDATION-09673,EX-DMLL-09673,inference_divergence,validation_certification,semantic_validation,fail_as_expected,"This certification Logic Functional Language (DeepML) example teaches inference divergence. It preserves the corpus-derived source → AST → typed/policy-verified semantic record → R12 → MCRT trace and uses deterministic IDs, hashes, provenance, and no-network safety. The example is intentionally invalid and must be rejected at semantic validation."
DMLL-SEMANTIC_VALIDATION-09674,EX-DMLL-09674,nontermination,validation_certification,semantic_validation,fail_as_expected,"This certification Logic Functional Language (DeepML) example teaches nontermination. It preserves the corpus-derived source → AST → typed/policy-verified semantic record → R12 → MCRT trace and uses deterministic IDs, hashes, provenance, and no-network safety. The example is intentionally invalid and must be rejected at semantic validation."
DMLL-SEMANTIC_VALIDATION-09675,EX-DMLL-09675,occurs_check,validation_certification,semantic_validation,fail_as_expected,"This certification Logic Functional Language (DeepML) example teaches occurs check. It preserves the corpus-derived source → AST → typed/policy-verified semantic record → R12 → MCRT trace and uses deterministic IDs, hashes, provenance, and no-network safety. The example is intentionally invalid and must be rejected at semantic validation."
DMLL-SAFETY_GATE-09677,EX-DMLL-09677,impure_effect,validation_certification,safety_gate,fail_as_expected,"This certification Logic Functional Language (DeepML) example teaches impure effect. It preserves the corpus-derived source → AST → typed/policy-verified semantic record → R12 → MCRT trace and uses deterministic IDs, hashes, provenance, and no-network safety. The example is intentionally invalid and must be rejected at safety gate."
DMLL-SEMANTIC_VALIDATION-09678,EX-DMLL-09678,unsound_proof,validation_certification,semantic_validation,fail_as_expected,"This certification Logic Functional Language (DeepML) example teaches unsound proof. It preserves the corpus-derived source → AST → typed/policy-verified semantic record → R12 → MCRT trace and uses deterministic IDs, hashes, provenance, and no-network safety. The example is intentionally invalid and must be rejected at semantic validation."
DMLL-SEMANTIC_VALIDATION-09679,EX-DMLL-09679,contradictory_facts,validation_certification,semantic_validation,fail_as_expected,"This certification Logic Functional Language (DeepML) example teaches contradictory facts. It preserves the corpus-derived source → AST → typed/policy-verified semantic record → R12 → MCRT trace and uses deterministic IDs, hashes, provenance, and no-network safety. The example is intentionally invalid and must be rejected at semantic validation."
DMLL-TYPE_CHECK-09680,EX-DMLL-09680,incomplete_match,validation_certification,type_check,fail_as_expected,"This certification Logic Functional Language (DeepML) example teaches incomplete match. It preserves the corpus-derived source → AST → typed/policy-verified semantic record → R12 → MCRT trace and uses deterministic IDs, hashes, provenance, and no-network safety. The example is intentionally invalid and must be rejected at type check."
DMLL-SEMANTIC_VALIDATION-09681,EX-DMLL-09681,inference_divergence,validation_certification,semantic_validation,fail_as_expected,"This certification Logic Functional Language (DeepML) example teaches inference divergence. It preserves the corpus-derived source → AST → typed/policy-verified semantic record → R12 → MCRT trace and uses deterministic IDs, hashes, provenance, and no-network safety. The example is intentionally invalid and must be rejected at semantic validation."
DMLL-SEMANTIC_VALIDATION-09682,EX-DMLL-09682,nontermination,validation_certification,semantic_validation,fail_as_expected,"This certification Logic Functional Language (DeepML) example teaches nontermination. It preserves the corpus-derived source → AST → typed/policy-verified semantic record → R12 → MCRT trace and uses deterministic IDs, hashes, provenance, and no-network safety. The example is intentionally invalid and must be rejected at semantic validation."
DMLL-SEMANTIC_VALIDATION-09683,EX-DMLL-09683,occurs_check,validation_certification,semantic_validation,fail_as_expected,"This certification Logic Functional Language (DeepML) example teaches occurs check. It preserves the corpus-derived source → AST → typed/policy-verified semantic record → R12 → MCRT trace and uses deterministic IDs, hashes, provenance, and no-network safety. The example is intentionally invalid and must be rejected at semantic validation."
DMLL-TYPE_CHECK-09684,EX-DMLL-09684,ambiguous_instance,validation_certification,type_check,fail_as_expected,"This certification Logic Functional Language (DeepML) example teaches ambiguous instance. It preserves the corpus-derived source → AST → typed/policy-verified semantic record → R12 → MCRT trace and uses deterministic IDs, hashes, provenance, and no-network safety. The example is intentionally invalid and must be rejected at type check."
DMLL-SAFETY_GATE-09685,EX-DMLL-09685,impure_effect,validation_certification,safety_gate,fail_as_expected,"This certification Logic Functional Language (DeepML) example teaches impure effect. It preserves the corpus-derived source → AST → typed/policy-verified semantic record → R12 → MCRT trace and uses deterministic IDs, hashes, provenance, and no-network safety. The example is intentionally invalid and must be rejected at safety gate."
DMLL-SEMANTIC_VALIDATION-09686,EX-DMLL-09686,unsound_proof,validation_certification,semantic_validation,fail_as_expected,"This certification Logic Functional Language (DeepML) example teaches unsound proof. It preserves the corpus-derived source → AST → typed/policy-verified semantic record → R12 → MCRT trace and uses deterministic IDs, hashes, provenance, and no-network safety. The example is intentionally invalid and must be rejected at semantic validation."
DMLL-SEMANTIC_VALIDATION-09687,EX-DMLL-09687,contradictory_facts,validation_certification,semantic_validation,fail_as_expected,"This certification Logic Functional Language (DeepML) example teaches contradictory facts. It preserves the corpus-derived source → AST → typed/policy-verified semantic record → R12 → MCRT trace and uses deterministic IDs, hashes, provenance, and no-network safety. The example is intentionally invalid and must be rejected at semantic validation."
DMLL-TYPE_CHECK-09688,EX-DMLL-09688,incomplete_match,validation_certification,type_check,fail_as_expected,"This certification Logic Functional Language (DeepML) example teaches incomplete match. It preserves the corpus-derived source → AST → typed/policy-verified semantic record → R12 → MCRT trace and uses deterministic IDs, hashes, provenance, and no-network safety. The example is intentionally invalid and must be rejected at type check."
DMLL-SEMANTIC_VALIDATION-09689,EX-DMLL-09689,inference_divergence,validation_certification,semantic_validation,fail_as_expected,"This certification Logic Functional Language (DeepML) example teaches inference divergence. It preserves the corpus-derived source → AST → typed/policy-verified semantic record → R12 → MCRT trace and uses deterministic IDs, hashes, provenance, and no-network safety. The example is intentionally invalid and must be rejected at semantic validation."
DMLL-SEMANTIC_VALIDATION-09690,EX-DMLL-09690,nontermination,validation_certification,semantic_validation,fail_as_expected,"This certification Logic Functional Language (DeepML) example teaches nontermination. It preserves the corpus-derived source → AST → typed/policy-verified semantic record → R12 → MCRT trace and uses deterministic IDs, hashes, provenance, and no-network safety. The example is intentionally invalid and must be rejected at semantic validation."
DMLL-SEMANTIC_VALIDATION-09691,EX-DMLL-09691,occurs_check,validation_certification,semantic_validation,fail_as_expected,"This certification Logic Functional Language (DeepML) example teaches occurs check. It preserves the corpus-derived source → AST → typed/policy-verified semantic record → R12 → MCRT trace and uses deterministic IDs, hashes, provenance, and no-network safety. The example is intentionally invalid and must be rejected at semantic validation."
DMLL-TYPE_CHECK-09692,EX-DMLL-09692,ambiguous_instance,validation_certification,type_check,fail_as_expected,"This certification Logic Functional Language (DeepML) example teaches ambiguous instance. It preserves the corpus-derived source → AST → typed/policy-verified semantic record → R12 → MCRT trace and uses deterministic IDs, hashes, provenance, and no-network safety. The example is intentionally invalid and must be rejected at type check."
DMLL-SAFETY_GATE-09693,EX-DMLL-09693,impure_effect,validation_certification,safety_gate,fail_as_expected,"This certification Logic Functional Language (DeepML) example teaches impure effect. It preserves the corpus-derived source → AST → typed/policy-verified semantic record → R12 → MCRT trace and uses deterministic IDs, hashes, provenance, and no-network safety. The example is intentionally invalid and must be rejected at safety gate."
DMLL-SEMANTIC_VALIDATION-09694,EX-DMLL-09694,unsound_proof,validation_certification,semantic_validation,fail_as_expected,"This certification Logic Functional Language (DeepML) example teaches unsound proof. It preserves the corpus-derived source → AST → typed/policy-verified semantic record → R12 → MCRT trace and uses deterministic IDs, hashes, provenance, and no-network safety. The example is intentionally invalid and must be rejected at semantic validation."
DMLL-SEMANTIC_VALIDATION-09695,EX-DMLL-09695,contradictory_facts,validation_certification,semantic_validation,fail_as_expected,"This certification Logic Functional Language (DeepML) example teaches contradictory facts. It preserves the corpus-derived source → AST → typed/policy-verified semantic record → R12 → MCRT trace and uses deterministic IDs, hashes, provenance, and no-network safety. The example is intentionally invalid and must be rejected at semantic validation."
DMLL-TYPE_CHECK-09696,EX-DMLL-09696,incomplete_match,validation_certification,type_check,fail_as_expected,"This certification Logic Functional Language (DeepML) example teaches incomplete match. It preserves the corpus-derived source → AST → typed/policy-verified semantic record → R12 → MCRT trace and uses deterministic IDs, hashes, provenance, and no-network safety. The example is intentionally invalid and must be rejected at type check."
DMLL-SEMANTIC_VALIDATION-09697,EX-DMLL-09697,inference_divergence,validation_certification,semantic_validation,fail_as_expected,"This certification Logic Functional Language (DeepML) example teaches inference divergence. It preserves the corpus-derived source → AST → typed/policy-verified semantic record → R12 → MCRT trace and uses deterministic IDs, hashes, provenance, and no-network safety. The example is intentionally invalid and must be rejected at semantic validation."
DMLL-SEMANTIC_VALIDATION-09698,EX-DMLL-09698,nontermination,validation_certification,semantic_validation,fail_as_expected,"This certification Logic Functional Language (DeepML) example teaches nontermination. It preserves the corpus-derived source → AST → typed/policy-verified semantic record → R12 → MCRT trace and uses deterministic IDs, hashes, provenance, and no-network safety. The example is intentionally invalid and must be rejected at semantic validation."
DMLL-SEMANTIC_VALIDATION-09699,EX-DMLL-09699,occurs_check,validation_certification,semantic_validation,fail_as_expected,"This certification Logic Functional Language (DeepML) example teaches occurs check. It preserves the corpus-derived source → AST → typed/policy-verified semantic record → R12 → MCRT trace and uses deterministic IDs, hashes, provenance, and no-network safety. The example is intentionally invalid and must be rejected at semantic validation."
DMLL-TYPE_CHECK-09700,EX-DMLL-09700,ambiguous_instance,validation_certification,type_check,fail_as_expected,"This certification Logic Functional Language (DeepML) example teaches ambiguous instance. It preserves the corpus-derived source → AST → typed/policy-verified semantic record → R12 → MCRT trace and uses deterministic IDs, hashes, provenance, and no-network safety. The example is intentionally invalid and must be rejected at type check."
DMLL-SAFETY_GATE-09701,EX-DMLL-09701,impure_effect,validation_certification,safety_gate,fail_as_expected,"This certification Logic Functional Language (DeepML) example teaches impure effect. It preserves the corpus-derived source → AST → typed/policy-verified semantic record → R12 → MCRT trace and uses deterministic IDs, hashes, provenance, and no-network safety. The example is intentionally invalid and must be rejected at safety gate."
DMLL-SEMANTIC_VALIDATION-09702,EX-DMLL-09702,unsound_proof,validation_certification,semantic_validation,fail_as_expected,"This certification Logic Functional Language (DeepML) example teaches unsound proof. It preserves the corpus-derived source → AST → typed/policy-verified semantic record → R12 → MCRT trace and uses deterministic IDs, hashes, provenance, and no-network safety. The example is intentionally invalid and must be rejected at semantic validation."
DMLL-SEMANTIC_VALIDATION-09703,EX-DMLL-09703,contradictory_facts,validation_certification,semantic_validation,fail_as_expected,"This certification Logic Functional Language (DeepML) example teaches contradictory facts. It preserves the corpus-derived source → AST → typed/policy-verified semantic record → R12 → MCRT trace and uses deterministic IDs, hashes, provenance, and no-network safety. The example is intentionally invalid and must be rejected at semantic validation."
DMLL-TYPE_CHECK-09704,EX-DMLL-09704,incomplete_match,validation_certification,type_check,fail_as_expected,"This certification Logic Functional Language (DeepML) example teaches incomplete match. It preserves the corpus-derived source → AST → typed/policy-verified semantic record → R12 → MCRT trace and uses deterministic IDs, hashes, provenance, and no-network safety. The example is intentionally invalid and must be rejected at type check."
DMLL-SEMANTIC_VALIDATION-09705,EX-DMLL-09705,inference_divergence,validation_certification,semantic_validation,fail_as_expected,"This certification Logic Functional Language (DeepML) example teaches inference divergence. It preserves the corpus-derived source → AST → typed/policy-verified semantic record → R12 → MCRT trace and uses deterministic IDs, hashes, provenance, and no-network safety. The example is intentionally invalid and must be rejected at semantic validation."
DMLL-SEMANTIC_VALIDATION-09706,EX-DMLL-09706,nontermination,validation_certification,semantic_validation,fail_as_expected,"This certification Logic Functional Language (DeepML) example teaches nontermination. It preserves the corpus-derived source → AST → typed/policy-verified semantic record → R12 → MCRT trace and uses deterministic IDs, hashes, provenance, and no-network safety. The example is intentionally invalid and must be rejected at semantic validation."
DMLL-SEMANTIC_VALIDATION-09707,EX-DMLL-09707,occurs_check,validation_certification,semantic_validation,fail_as_expected,"This certification Logic Functional Language (DeepML) example teaches occurs check. It preserves the corpus-derived source → AST → typed/policy-verified semantic record → R12 → MCRT trace and uses deterministic IDs, hashes, provenance, and no-network safety. The example is intentionally invalid and must be rejected at semantic validation."
DMLL-TYPE_CHECK-09708,EX-DMLL-09708,ambiguous_instance,validation_certification,type_check,fail_as_expected,"This certification Logic Functional Language (DeepML) example teaches ambiguous instance. It preserves the corpus-derived source → AST → typed/policy-verified semantic record → R12 → MCRT trace and uses deterministic IDs, hashes, provenance, and no-network safety. The example is intentionally invalid and must be rejected at type check."
DMLL-SEMANTIC_VALIDATION-09710,EX-DMLL-09710,unsound_proof,validation_certification,semantic_validation,fail_as_expected,"This certification Logic Functional Language (DeepML) example teaches unsound proof. It preserves the corpus-derived source → AST → typed/policy-verified semantic record → R12 → MCRT trace and uses deterministic IDs, hashes, provenance, and no-network safety. The example is intentionally invalid and must be rejected at semantic validation."
DMLL-SEMANTIC_VALIDATION-09711,EX-DMLL-09711,contradictory_facts,validation_certification,semantic_validation,fail_as_expected,"This certification Logic Functional Language (DeepML) example teaches contradictory facts. It preserves the corpus-derived source → AST → typed/policy-verified semantic record → R12 → MCRT trace and uses deterministic IDs, hashes, provenance, and no-network safety. The example is intentionally invalid and must be rejected at semantic validation."
DMLL-TYPE_CHECK-09712,EX-DMLL-09712,incomplete_match,validation_certification,type_check,fail_as_expected,"This certification Logic Functional Language (DeepML) example teaches incomplete match. It preserves the corpus-derived source → AST → typed/policy-verified semantic record → R12 → MCRT trace and uses deterministic IDs, hashes, provenance, and no-network safety. The example is intentionally invalid and must be rejected at type check."
DMLL-SEMANTIC_VALIDATION-09713,EX-DMLL-09713,inference_divergence,validation_certification,semantic_validation,fail_as_expected,"This certification Logic Functional Language (DeepML) example teaches inference divergence. It preserves the corpus-derived source → AST → typed/policy-verified semantic record → R12 → MCRT trace and uses deterministic IDs, hashes, provenance, and no-network safety. The example is intentionally invalid and must be rejected at semantic validation."
DMLL-SEMANTIC_VALIDATION-09714,EX-DMLL-09714,nontermination,validation_certification,semantic_validation,fail_as_expected,"This certification Logic Functional Language (DeepML) example teaches nontermination. It preserves the corpus-derived source → AST → typed/policy-verified semantic record → R12 → MCRT trace and uses deterministic IDs, hashes, provenance, and no-network safety. The example is intentionally invalid and must be rejected at semantic validation."
DMLL-SEMANTIC_VALIDATION-09715,EX-DMLL-09715,occurs_check,validation_certification,semantic_validation,fail_as_expected,"This certification Logic Functional Language (DeepML) example teaches occurs check. It preserves the corpus-derived source → AST → typed/policy-verified semantic record → R12 → MCRT trace and uses deterministic IDs, hashes, provenance, and no-network safety. The example is intentionally invalid and must be rejected at semantic validation."
DMLL-TYPE_CHECK-09716,EX-DMLL-09716,ambiguous_instance,validation_certification,type_check,fail_as_expected,"This certification Logic Functional Language (DeepML) example teaches ambiguous instance. It preserves the corpus-derived source → AST → typed/policy-verified semantic record → R12 → MCRT trace and uses deterministic IDs, hashes, provenance, and no-network safety. The example is intentionally invalid and must be rejected at type check."
DMLL-SEMANTIC_VALIDATION-09718,EX-DMLL-09718,unsound_proof,validation_certification,semantic_validation,fail_as_expected,"This certification Logic Functional Language (DeepML) example teaches unsound proof. It preserves the corpus-derived source → AST → typed/policy-verified semantic record → R12 → MCRT trace and uses deterministic IDs, hashes, provenance, and no-network safety. The example is intentionally invalid and must be rejected at semantic validation."
DMLL-SEMANTIC_VALIDATION-09719,EX-DMLL-09719,contradictory_facts,validation_certification,semantic_validation,fail_as_expected,"This certification Logic Functional Language (DeepML) example teaches contradictory facts. It preserves the corpus-derived source → AST → typed/policy-verified semantic record → R12 → MCRT trace and uses deterministic IDs, hashes, provenance, and no-network safety. The example is intentionally invalid and must be rejected at semantic validation."
DMLL-TYPE_CHECK-09720,EX-DMLL-09720,incomplete_match,validation_certification,type_check,fail_as_expected,"This certification Logic Functional Language (DeepML) example teaches incomplete match. It preserves the corpus-derived source → AST → typed/policy-verified semantic record → R12 → MCRT trace and uses deterministic IDs, hashes, provenance, and no-network safety. The example is intentionally invalid and must be rejected at type check."
DMLL-SEMANTIC_VALIDATION-09721,EX-DMLL-09721,inference_divergence,validation_certification,semantic_validation,fail_as_expected,"This certification Logic Functional Language (DeepML) example teaches inference divergence. It preserves the corpus-derived source → AST → typed/policy-verified semantic record → R12 → MCRT trace and uses deterministic IDs, hashes, provenance, and no-network safety. The example is intentionally invalid and must be rejected at semantic validation."
DMLL-SEMANTIC_VALIDATION-09722,EX-DMLL-09722,nontermination,validation_certification,semantic_validation,fail_as_expected,"This certification Logic Functional Language (DeepML) example teaches nontermination. It preserves the corpus-derived source → AST → typed/policy-verified semantic record → R12 → MCRT trace and uses deterministic IDs, hashes, provenance, and no-network safety. The example is intentionally invalid and must be rejected at semantic validation."
DMLL-SEMANTIC_VALIDATION-09723,EX-DMLL-09723,occurs_check,validation_certification,semantic_validation,fail_as_expected,"This certification Logic Functional Language (DeepML) example teaches occurs check. It preserves the corpus-derived source → AST → typed/policy-verified semantic record → R12 → MCRT trace and uses deterministic IDs, hashes, provenance, and no-network safety. The example is intentionally invalid and must be rejected at semantic validation."
DMLL-TYPE_CHECK-09724,EX-DMLL-09724,ambiguous_instance,validation_certification,type_check,fail_as_expected,"This certification Logic Functional Language (DeepML) example teaches ambiguous instance. It preserves the corpus-derived source → AST → typed/policy-verified semantic record → R12 → MCRT trace and uses deterministic IDs, hashes, provenance, and no-network safety. The example is intentionally invalid and must be rejected at type check."
DMLL-SEMANTIC_VALIDATION-09726,EX-DMLL-09726,unsound_proof,validation_certification,semantic_validation,fail_as_expected,"This certification Logic Functional Language (DeepML) example teaches unsound proof. It preserves the corpus-derived source → AST → typed/policy-verified semantic record → R12 → MCRT trace and uses deterministic IDs, hashes, provenance, and no-network safety. The example is intentionally invalid and must be rejected at semantic validation."
DMLL-SEMANTIC_VALIDATION-09727,EX-DMLL-09727,contradictory_facts,validation_certification,semantic_validation,fail_as_expected,"This certification Logic Functional Language (DeepML) example teaches contradictory facts. It preserves the corpus-derived source → AST → typed/policy-verified semantic record → R12 → MCRT trace and uses deterministic IDs, hashes, provenance, and no-network safety. The example is intentionally invalid and must be rejected at semantic validation."
DMLL-TYPE_CHECK-09728,EX-DMLL-09728,incomplete_match,validation_certification,type_check,fail_as_expected,"This certification Logic Functional Language (DeepML) example teaches incomplete match. It preserves the corpus-derived source → AST → typed/policy-verified semantic record → R12 → MCRT trace and uses deterministic IDs, hashes, provenance, and no-network safety. The example is intentionally invalid and must be rejected at type check."
DMLL-SEMANTIC_VALIDATION-09729,EX-DMLL-09729,inference_divergence,validation_certification,semantic_validation,fail_as_expected,"This certification Logic Functional Language (DeepML) example teaches inference divergence. It preserves the corpus-derived source → AST → typed/policy-verified semantic record → R12 → MCRT trace and uses deterministic IDs, hashes, provenance, and no-network safety. The example is intentionally invalid and must be rejected at semantic validation."
DMLL-SEMANTIC_VALIDATION-09730,EX-DMLL-09730,nontermination,validation_certification,semantic_validation,fail_as_expected,"This certification Logic Functional Language (DeepML) example teaches nontermination. It preserves the corpus-derived source → AST → typed/policy-verified semantic record → R12 → MCRT trace and uses deterministic IDs, hashes, provenance, and no-network safety. The example is intentionally invalid and must be rejected at semantic validation."
DMLL-SEMANTIC_VALIDATION-09731,EX-DMLL-09731,occurs_check,validation_certification,semantic_validation,fail_as_expected,"This certification Logic Functional Language (DeepML) example teaches occurs check. It preserves the corpus-derived source → AST → typed/policy-verified semantic record → R12 → MCRT trace and uses deterministic IDs, hashes, provenance, and no-network safety. The example is intentionally invalid and must be rejected at semantic validation."
DMLL-TYPE_CHECK-09732,EX-DMLL-09732,ambiguous_instance,validation_certification,type_check,fail_as_expected,"This certification Logic Functional Language (DeepML) example teaches ambiguous instance. It preserves the corpus-derived source → AST → typed/policy-verified semantic record → R12 → MCRT trace and uses deterministic IDs, hashes, provenance, and no-network safety. The example is intentionally invalid and must be rejected at type check."
DMLL-SEMANTIC_VALIDATION-09734,EX-DMLL-09734,unsound_proof,validation_certification,semantic_validation,fail_as_expected,"This certification Logic Functional Language (DeepML) example teaches unsound proof. It preserves the corpus-derived source → AST → typed/policy-verified semantic record → R12 → MCRT trace and uses deterministic IDs, hashes, provenance, and no-network safety. The example is intentionally invalid and must be rejected at semantic validation."
DMLL-SEMANTIC_VALIDATION-09735,EX-DMLL-09735,contradictory_facts,validation_certification,semantic_validation,fail_as_expected,"This certification Logic Functional Language (DeepML) example teaches contradictory facts. It preserves the corpus-derived source → AST → typed/policy-verified semantic record → R12 → MCRT trace and uses deterministic IDs, hashes, provenance, and no-network safety. The example is intentionally invalid and must be rejected at semantic validation."
DMLL-TYPE_CHECK-09736,EX-DMLL-09736,incomplete_match,validation_certification,type_check,fail_as_expected,"This certification Logic Functional Language (DeepML) example teaches incomplete match. It preserves the corpus-derived source → AST → typed/policy-verified semantic record → R12 → MCRT trace and uses deterministic IDs, hashes, provenance, and no-network safety. The example is intentionally invalid and must be rejected at type check."
DMLL-SEMANTIC_VALIDATION-09737,EX-DMLL-09737,inference_divergence,validation_certification,semantic_validation,fail_as_expected,"This certification Logic Functional Language (DeepML) example teaches inference divergence. It preserves the corpus-derived source → AST → typed/policy-verified semantic record → R12 → MCRT trace and uses deterministic IDs, hashes, provenance, and no-network safety. The example is intentionally invalid and must be rejected at semantic validation."
DMLL-SEMANTIC_VALIDATION-09738,EX-DMLL-09738,nontermination,validation_certification,semantic_validation,fail_as_expected,"This certification Logic Functional Language (DeepML) example teaches nontermination. It preserves the corpus-derived source → AST → typed/policy-verified semantic record → R12 → MCRT trace and uses deterministic IDs, hashes, provenance, and no-network safety. The example is intentionally invalid and must be rejected at semantic validation."
DMLL-SEMANTIC_VALIDATION-09739,EX-DMLL-09739,occurs_check,validation_certification,semantic_validation,fail_as_expected,"This certification Logic Functional Language (DeepML) example teaches occurs check. It preserves the corpus-derived source → AST → typed/policy-verified semantic record → R12 → MCRT trace and uses deterministic IDs, hashes, provenance, and no-network safety. The example is intentionally invalid and must be rejected at semantic validation."
DMLL-TYPE_CHECK-09740,EX-DMLL-09740,ambiguous_instance,validation_certification,type_check,fail_as_expected,"This certification Logic Functional Language (DeepML) example teaches ambiguous instance. It preserves the corpus-derived source → AST → typed/policy-verified semantic record → R12 → MCRT trace and uses deterministic IDs, hashes, provenance, and no-network safety. The example is intentionally invalid and must be rejected at type check."
DMLL-SEMANTIC_VALIDATION-09742,EX-DMLL-09742,unsound_proof,validation_certification,semantic_validation,fail_as_expected,"This certification Logic Functional Language (DeepML) example teaches unsound proof. It preserves the corpus-derived source → AST → typed/policy-verified semantic record → R12 → MCRT trace and uses deterministic IDs, hashes, provenance, and no-network safety. The example is intentionally invalid and must be rejected at semantic validation."
DMLL-SEMANTIC_VALIDATION-09743,EX-DMLL-09743,contradictory_facts,validation_certification,semantic_validation,fail_as_expected,"This certification Logic Functional Language (DeepML) example teaches contradictory facts. It preserves the corpus-derived source → AST → typed/policy-verified semantic record → R12 → MCRT trace and uses deterministic IDs, hashes, provenance, and no-network safety. The example is intentionally invalid and must be rejected at semantic validation."
DMLL-TYPE_CHECK-09744,EX-DMLL-09744,incomplete_match,validation_certification,type_check,fail_as_expected,"This certification Logic Functional Language (DeepML) example teaches incomplete match. It preserves the corpus-derived source → AST → typed/policy-verified semantic record → R12 → MCRT trace and uses deterministic IDs, hashes, provenance, and no-network safety. The example is intentionally invalid and must be rejected at type check."
DMLL-SEMANTIC_VALIDATION-09745,EX-DMLL-09745,inference_divergence,validation_certification,semantic_validation,fail_as_expected,"This certification Logic Functional Language (DeepML) example teaches inference divergence. It preserves the corpus-derived source → AST → typed/policy-verified semantic record → R12 → MCRT trace and uses deterministic IDs, hashes, provenance, and no-network safety. The example is intentionally invalid and must be rejected at semantic validation."
DMLL-SEMANTIC_VALIDATION-09746,EX-DMLL-09746,nontermination,validation_certification,semantic_validation,fail_as_expected,"This certification Logic Functional Language (DeepML) example teaches nontermination. It preserves the corpus-derived source → AST → typed/policy-verified semantic record → R12 → MCRT trace and uses deterministic IDs, hashes, provenance, and no-network safety. The example is intentionally invalid and must be rejected at semantic validation."
DMLL-SEMANTIC_VALIDATION-09747,EX-DMLL-09747,occurs_check,validation_certification,semantic_validation,fail_as_expected,"This certification Logic Functional Language (DeepML) example teaches occurs check. It preserves the corpus-derived source → AST → typed/policy-verified semantic record → R12 → MCRT trace and uses deterministic IDs, hashes, provenance, and no-network safety. The example is intentionally invalid and must be rejected at semantic validation."
DMLL-TYPE_CHECK-09748,EX-DMLL-09748,ambiguous_instance,validation_certification,type_check,fail_as_expected,"This certification Logic Functional Language (DeepML) example teaches ambiguous instance. It preserves the corpus-derived source → AST → typed/policy-verified semantic record → R12 → MCRT trace and uses deterministic IDs, hashes, provenance, and no-network safety. The example is intentionally invalid and must be rejected at type check."
DMLL-SEMANTIC_VALIDATION-09750,EX-DMLL-09750,unsound_proof,validation_certification,semantic_validation,fail_as_expected,"This certification Logic Functional Language (DeepML) example teaches unsound proof. It preserves the corpus-derived source → AST → typed/policy-verified semantic record → R12 → MCRT trace and uses deterministic IDs, hashes, provenance, and no-network safety. The example is intentionally invalid and must be rejected at semantic validation."
DMLL-SEMANTIC_VALIDATION-09751,EX-DMLL-09751,contradictory_facts,validation_certification,semantic_validation,fail_as_expected,"This certification Logic Functional Language (DeepML) example teaches contradictory facts. It preserves the corpus-derived source → AST → typed/policy-verified semantic record → R12 → MCRT trace and uses deterministic IDs, hashes, provenance, and no-network safety. The example is intentionally invalid and must be rejected at semantic validation."
DMLL-TYPE_CHECK-09752,EX-DMLL-09752,incomplete_match,validation_certification,type_check,fail_as_expected,"This certification Logic Functional Language (DeepML) example teaches incomplete match. It preserves the corpus-derived source → AST → typed/policy-verified semantic record → R12 → MCRT trace and uses deterministic IDs, hashes, provenance, and no-network safety. The example is intentionally invalid and must be rejected at type check."
DMLL-SEMANTIC_VALIDATION-09753,EX-DMLL-09753,inference_divergence,validation_certification,semantic_validation,fail_as_expected,"This certification Logic Functional Language (DeepML) example teaches inference divergence. It preserves the corpus-derived source → AST → typed/policy-verified semantic record → R12 → MCRT trace and uses deterministic IDs, hashes, provenance, and no-network safety. The example is intentionally invalid and must be rejected at semantic validation."
DMLL-SEMANTIC_VALIDATION-09754,EX-DMLL-09754,nontermination,validation_certification,semantic_validation,fail_as_expected,"This certification Logic Functional Language (DeepML) example teaches nontermination. It preserves the corpus-derived source → AST → typed/policy-verified semantic record → R12 → MCRT trace and uses deterministic IDs, hashes, provenance, and no-network safety. The example is intentionally invalid and must be rejected at semantic validation."
DMLL-SEMANTIC_VALIDATION-09755,EX-DMLL-09755,occurs_check,validation_certification,semantic_validation,fail_as_expected,"This certification Logic Functional Language (DeepML) example teaches occurs check. It preserves the corpus-derived source → AST → typed/policy-verified semantic record → R12 → MCRT trace and uses deterministic IDs, hashes, provenance, and no-network safety. The example is intentionally invalid and must be rejected at semantic validation."
DMLL-TYPE_CHECK-09756,EX-DMLL-09756,ambiguous_instance,validation_certification,type_check,fail_as_expected,"This certification Logic Functional Language (DeepML) example teaches ambiguous instance. It preserves the corpus-derived source → AST → typed/policy-verified semantic record → R12 → MCRT trace and uses deterministic IDs, hashes, provenance, and no-network safety. The example is intentionally invalid and must be rejected at type check."
DMLL-SEMANTIC_VALIDATION-09758,EX-DMLL-09758,unsound_proof,validation_certification,semantic_validation,fail_as_expected,"This certification Logic Functional Language (DeepML) example teaches unsound proof. It preserves the corpus-derived source → AST → typed/policy-verified semantic record → R12 → MCRT trace and uses deterministic IDs, hashes, provenance, and no-network safety. The example is intentionally invalid and must be rejected at semantic validation."
DMLL-SEMANTIC_VALIDATION-09759,EX-DMLL-09759,contradictory_facts,validation_certification,semantic_validation,fail_as_expected,"This certification Logic Functional Language (DeepML) example teaches contradictory facts. It preserves the corpus-derived source → AST → typed/policy-verified semantic record → R12 → MCRT trace and uses deterministic IDs, hashes, provenance, and no-network safety. The example is intentionally invalid and must be rejected at semantic validation."
DMLL-TYPE_CHECK-09760,EX-DMLL-09760,incomplete_match,validation_certification,type_check,fail_as_expected,"This certification Logic Functional Language (DeepML) example teaches incomplete match. It preserves the corpus-derived source → AST → typed/policy-verified semantic record → R12 → MCRT trace and uses deterministic IDs, hashes, provenance, and no-network safety. The example is intentionally invalid and must be rejected at type check."
DMLL-SEMANTIC_VALIDATION-09761,EX-DMLL-09761,inference_divergence,validation_certification,semantic_validation,fail_as_expected,"This certification Logic Functional Language (DeepML) example teaches inference divergence. It preserves the corpus-derived source → AST → typed/policy-verified semantic record → R12 → MCRT trace and uses deterministic IDs, hashes, provenance, and no-network safety. The example is intentionally invalid and must be rejected at semantic validation."
DMLL-SEMANTIC_VALIDATION-09762,EX-DMLL-09762,nontermination,validation_certification,semantic_validation,fail_as_expected,"This certification Logic Functional Language (DeepML) example teaches nontermination. It preserves the corpus-derived source → AST → typed/policy-verified semantic record → R12 → MCRT trace and uses deterministic IDs, hashes, provenance, and no-network safety. The example is intentionally invalid and must be rejected at semantic validation."
DMLL-SEMANTIC_VALIDATION-09763,EX-DMLL-09763,occurs_check,validation_certification,semantic_validation,fail_as_expected,"This certification Logic Functional Language (DeepML) example teaches occurs check. It preserves the corpus-derived source → AST → typed/policy-verified semantic record → R12 → MCRT trace and uses deterministic IDs, hashes, provenance, and no-network safety. The example is intentionally invalid and must be rejected at semantic validation."
DMLL-TYPE_CHECK-09764,EX-DMLL-09764,ambiguous_instance,validation_certification,type_check,fail_as_expected,"This certification Logic Functional Language (DeepML) example teaches ambiguous instance. It preserves the corpus-derived source → AST → typed/policy-verified semantic record → R12 → MCRT trace and uses deterministic IDs, hashes, provenance, and no-network safety. The example is intentionally invalid and must be rejected at type check."
DMLL-SAFETY_GATE-09765,EX-DMLL-09765,impure_effect,validation_certification,safety_gate,fail_as_expected,"This certification Logic Functional Language (DeepML) example teaches impure effect. It preserves the corpus-derived source → AST → typed/policy-verified semantic record → R12 → MCRT trace and uses deterministic IDs, hashes, provenance, and no-network safety. The example is intentionally invalid and must be rejected at safety gate."
DMLL-SEMANTIC_VALIDATION-09766,EX-DMLL-09766,unsound_proof,validation_certification,semantic_validation,fail_as_expected,"This certification Logic Functional Language (DeepML) example teaches unsound proof. It preserves the corpus-derived source → AST → typed/policy-verified semantic record → R12 → MCRT trace and uses deterministic IDs, hashes, provenance, and no-network safety. The example is intentionally invalid and must be rejected at semantic validation."
DMLL-SEMANTIC_VALIDATION-09767,EX-DMLL-09767,contradictory_facts,validation_certification,semantic_validation,fail_as_expected,"This certification Logic Functional Language (DeepML) example teaches contradictory facts. It preserves the corpus-derived source → AST → typed/policy-verified semantic record → R12 → MCRT trace and uses deterministic IDs, hashes, provenance, and no-network safety. The example is intentionally invalid and must be rejected at semantic validation."
DMLL-TYPE_CHECK-09768,EX-DMLL-09768,incomplete_match,validation_certification,type_check,fail_as_expected,"This certification Logic Functional Language (DeepML) example teaches incomplete match. It preserves the corpus-derived source → AST → typed/policy-verified semantic record → R12 → MCRT trace and uses deterministic IDs, hashes, provenance, and no-network safety. The example is intentionally invalid and must be rejected at type check."
DMLL-SEMANTIC_VALIDATION-09769,EX-DMLL-09769,inference_divergence,validation_certification,semantic_validation,fail_as_expected,"This certification Logic Functional Language (DeepML) example teaches inference divergence. It preserves the corpus-derived source → AST → typed/policy-verified semantic record → R12 → MCRT trace and uses deterministic IDs, hashes, provenance, and no-network safety. The example is intentionally invalid and must be rejected at semantic validation."
DMLL-SEMANTIC_VALIDATION-09770,EX-DMLL-09770,nontermination,validation_certification,semantic_validation,fail_as_expected,"This certification Logic Functional Language (DeepML) example teaches nontermination. It preserves the corpus-derived source → AST → typed/policy-verified semantic record → R12 → MCRT trace and uses deterministic IDs, hashes, provenance, and no-network safety. The example is intentionally invalid and must be rejected at semantic validation."
DMLL-SEMANTIC_VALIDATION-09771,EX-DMLL-09771,occurs_check,validation_certification,semantic_validation,fail_as_expected,"This certification Logic Functional Language (DeepML) example teaches occurs check. It preserves the corpus-derived source → AST → typed/policy-verified semantic record → R12 → MCRT trace and uses deterministic IDs, hashes, provenance, and no-network safety. The example is intentionally invalid and must be rejected at semantic validation."
DMLL-TYPE_CHECK-09772,EX-DMLL-09772,ambiguous_instance,validation_certification,type_check,fail_as_expected,"This certification Logic Functional Language (DeepML) example teaches ambiguous instance. It preserves the corpus-derived source → AST → typed/policy-verified semantic record → R12 → MCRT trace and uses deterministic IDs, hashes, provenance, and no-network safety. The example is intentionally invalid and must be rejected at type check."
DMLL-SAFETY_GATE-09773,EX-DMLL-09773,impure_effect,validation_certification,safety_gate,fail_as_expected,"This certification Logic Functional Language (DeepML) example teaches impure effect. It preserves the corpus-derived source → AST → typed/policy-verified semantic record → R12 → MCRT trace and uses deterministic IDs, hashes, provenance, and no-network safety. The example is intentionally invalid and must be rejected at safety gate."
DMLL-SEMANTIC_VALIDATION-09774,EX-DMLL-09774,unsound_proof,validation_certification,semantic_validation,fail_as_expected,"This certification Logic Functional Language (DeepML) example teaches unsound proof. It preserves the corpus-derived source → AST → typed/policy-verified semantic record → R12 → MCRT trace and uses deterministic IDs, hashes, provenance, and no-network safety. The example is intentionally invalid and must be rejected at semantic validation."
DMLL-SEMANTIC_VALIDATION-09775,EX-DMLL-09775,contradictory_facts,validation_certification,semantic_validation,fail_as_expected,"This certification Logic Functional Language (DeepML) example teaches contradictory facts. It preserves the corpus-derived source → AST → typed/policy-verified semantic record → R12 → MCRT trace and uses deterministic IDs, hashes, provenance, and no-network safety. The example is intentionally invalid and must be rejected at semantic validation."
DMLL-TYPE_CHECK-09776,EX-DMLL-09776,incomplete_match,validation_certification,type_check,fail_as_expected,"This certification Logic Functional Language (DeepML) example teaches incomplete match. It preserves the corpus-derived source → AST → typed/policy-verified semantic record → R12 → MCRT trace and uses deterministic IDs, hashes, provenance, and no-network safety. The example is intentionally invalid and must be rejected at type check."
DMLL-SEMANTIC_VALIDATION-09777,EX-DMLL-09777,inference_divergence,validation_certification,semantic_validation,fail_as_expected,"This certification Logic Functional Language (DeepML) example teaches inference divergence. It preserves the corpus-derived source → AST → typed/policy-verified semantic record → R12 → MCRT trace and uses deterministic IDs, hashes, provenance, and no-network safety. The example is intentionally invalid and must be rejected at semantic validation."
DMLL-SEMANTIC_VALIDATION-09778,EX-DMLL-09778,nontermination,validation_certification,semantic_validation,fail_as_expected,"This certification Logic Functional Language (DeepML) example teaches nontermination. It preserves the corpus-derived source → AST → typed/policy-verified semantic record → R12 → MCRT trace and uses deterministic IDs, hashes, provenance, and no-network safety. The example is intentionally invalid and must be rejected at semantic validation."
DMLL-SEMANTIC_VALIDATION-09779,EX-DMLL-09779,occurs_check,validation_certification,semantic_validation,fail_as_expected,"This certification Logic Functional Language (DeepML) example teaches occurs check. It preserves the corpus-derived source → AST → typed/policy-verified semantic record → R12 → MCRT trace and uses deterministic IDs, hashes, provenance, and no-network safety. The example is intentionally invalid and must be rejected at semantic validation."
DMLL-TYPE_CHECK-09780,EX-DMLL-09780,ambiguous_instance,validation_certification,type_check,fail_as_expected,"This certification Logic Functional Language (DeepML) example teaches ambiguous instance. It preserves the corpus-derived source → AST → typed/policy-verified semantic record → R12 → MCRT trace and uses deterministic IDs, hashes, provenance, and no-network safety. The example is intentionally invalid and must be rejected at type check."
DMLL-SAFETY_GATE-09781,EX-DMLL-09781,impure_effect,validation_certification,safety_gate,fail_as_expected,"This certification Logic Functional Language (DeepML) example teaches impure effect. It preserves the corpus-derived source → AST → typed/policy-verified semantic record → R12 → MCRT trace and uses deterministic IDs, hashes, provenance, and no-network safety. The example is intentionally invalid and must be rejected at safety gate."
DMLL-SEMANTIC_VALIDATION-09782,EX-DMLL-09782,unsound_proof,validation_certification,semantic_validation,fail_as_expected,"This certification Logic Functional Language (DeepML) example teaches unsound proof. It preserves the corpus-derived source → AST → typed/policy-verified semantic record → R12 → MCRT trace and uses deterministic IDs, hashes, provenance, and no-network safety. The example is intentionally invalid and must be rejected at semantic validation."
DMLL-SEMANTIC_VALIDATION-09783,EX-DMLL-09783,contradictory_facts,validation_certification,semantic_validation,fail_as_expected,"This certification Logic Functional Language (DeepML) example teaches contradictory facts. It preserves the corpus-derived source → AST → typed/policy-verified semantic record → R12 → MCRT trace and uses deterministic IDs, hashes, provenance, and no-network safety. The example is intentionally invalid and must be rejected at semantic validation."
DMLL-TYPE_CHECK-09784,EX-DMLL-09784,incomplete_match,validation_certification,type_check,fail_as_expected,"This certification Logic Functional Language (DeepML) example teaches incomplete match. It preserves the corpus-derived source → AST → typed/policy-verified semantic record → R12 → MCRT trace and uses deterministic IDs, hashes, provenance, and no-network safety. The example is intentionally invalid and must be rejected at type check."
DMLL-SEMANTIC_VALIDATION-09785,EX-DMLL-09785,inference_divergence,validation_certification,semantic_validation,fail_as_expected,"This certification Logic Functional Language (DeepML) example teaches inference divergence. It preserves the corpus-derived source → AST → typed/policy-verified semantic record → R12 → MCRT trace and uses deterministic IDs, hashes, provenance, and no-network safety. The example is intentionally invalid and must be rejected at semantic validation."
DMLL-SEMANTIC_VALIDATION-09786,EX-DMLL-09786,nontermination,validation_certification,semantic_validation,fail_as_expected,"This certification Logic Functional Language (DeepML) example teaches nontermination. It preserves the corpus-derived source → AST → typed/policy-verified semantic record → R12 → MCRT trace and uses deterministic IDs, hashes, provenance, and no-network safety. The example is intentionally invalid and must be rejected at semantic validation."
DMLL-SEMANTIC_VALIDATION-09787,EX-DMLL-09787,occurs_check,validation_certification,semantic_validation,fail_as_expected,"This certification Logic Functional Language (DeepML) example teaches occurs check. It preserves the corpus-derived source → AST → typed/policy-verified semantic record → R12 → MCRT trace and uses deterministic IDs, hashes, provenance, and no-network safety. The example is intentionally invalid and must be rejected at semantic validation."
DMLL-TYPE_CHECK-09788,EX-DMLL-09788,ambiguous_instance,validation_certification,type_check,fail_as_expected,"This certification Logic Functional Language (DeepML) example teaches ambiguous instance. It preserves the corpus-derived source → AST → typed/policy-verified semantic record → R12 → MCRT trace and uses deterministic IDs, hashes, provenance, and no-network safety. The example is intentionally invalid and must be rejected at type check."
DMLL-SAFETY_GATE-09789,EX-DMLL-09789,impure_effect,validation_certification,safety_gate,fail_as_expected,"This certification Logic Functional Language (DeepML) example teaches impure effect. It preserves the corpus-derived source → AST → typed/policy-verified semantic record → R12 → MCRT trace and uses deterministic IDs, hashes, provenance, and no-network safety. The example is intentionally invalid and must be rejected at safety gate."
DMLL-SEMANTIC_VALIDATION-09790,EX-DMLL-09790,unsound_proof,validation_certification,semantic_validation,fail_as_expected,"This certification Logic Functional Language (DeepML) example teaches unsound proof. It preserves the corpus-derived source → AST → typed/policy-verified semantic record → R12 → MCRT trace and uses deterministic IDs, hashes, provenance, and no-network safety. The example is intentionally invalid and must be rejected at semantic validation."
DMLL-SEMANTIC_VALIDATION-09791,EX-DMLL-09791,contradictory_facts,validation_certification,semantic_validation,fail_as_expected,"This certification Logic Functional Language (DeepML) example teaches contradictory facts. It preserves the corpus-derived source → AST → typed/policy-verified semantic record → R12 → MCRT trace and uses deterministic IDs, hashes, provenance, and no-network safety. The example is intentionally invalid and must be rejected at semantic validation."
DMLL-TYPE_CHECK-09792,EX-DMLL-09792,incomplete_match,validation_certification,type_check,fail_as_expected,"This certification Logic Functional Language (DeepML) example teaches incomplete match. It preserves the corpus-derived source → AST → typed/policy-verified semantic record → R12 → MCRT trace and uses deterministic IDs, hashes, provenance, and no-network safety. The example is intentionally invalid and must be rejected at type check."
DMLL-SEMANTIC_VALIDATION-09793,EX-DMLL-09793,inference_divergence,validation_certification,semantic_validation,fail_as_expected,"This certification Logic Functional Language (DeepML) example teaches inference divergence. It preserves the corpus-derived source → AST → typed/policy-verified semantic record → R12 → MCRT trace and uses deterministic IDs, hashes, provenance, and no-network safety. The example is intentionally invalid and must be rejected at semantic validation."
DMLL-SEMANTIC_VALIDATION-09794,EX-DMLL-09794,nontermination,validation_certification,semantic_validation,fail_as_expected,"This certification Logic Functional Language (DeepML) example teaches nontermination. It preserves the corpus-derived source → AST → typed/policy-verified semantic record → R12 → MCRT trace and uses deterministic IDs, hashes, provenance, and no-network safety. The example is intentionally invalid and must be rejected at semantic validation."
DMLL-SEMANTIC_VALIDATION-09795,EX-DMLL-09795,occurs_check,validation_certification,semantic_validation,fail_as_expected,"This certification Logic Functional Language (DeepML) example teaches occurs check. It preserves the corpus-derived source → AST → typed/policy-verified semantic record → R12 → MCRT trace and uses deterministic IDs, hashes, provenance, and no-network safety. The example is intentionally invalid and must be rejected at semantic validation."
DMLL-TYPE_CHECK-09796,EX-DMLL-09796,ambiguous_instance,validation_certification,type_check,fail_as_expected,"This certification Logic Functional Language (DeepML) example teaches ambiguous instance. It preserves the corpus-derived source → AST → typed/policy-verified semantic record → R12 → MCRT trace and uses deterministic IDs, hashes, provenance, and no-network safety. The example is intentionally invalid and must be rejected at type check."
DMLL-SAFETY_GATE-09797,EX-DMLL-09797,impure_effect,validation_certification,safety_gate,fail_as_expected,"This certification Logic Functional Language (DeepML) example teaches impure effect. It preserves the corpus-derived source → AST → typed/policy-verified semantic record → R12 → MCRT trace and uses deterministic IDs, hashes, provenance, and no-network safety. The example is intentionally invalid and must be rejected at safety gate."
DMLL-SEMANTIC_VALIDATION-09798,EX-DMLL-09798,unsound_proof,validation_certification,semantic_validation,fail_as_expected,"This certification Logic Functional Language (DeepML) example teaches unsound proof. It preserves the corpus-derived source → AST → typed/policy-verified semantic record → R12 → MCRT trace and uses deterministic IDs, hashes, provenance, and no-network safety. The example is intentionally invalid and must be rejected at semantic validation."
DMLL-SEMANTIC_VALIDATION-09799,EX-DMLL-09799,contradictory_facts,validation_certification,semantic_validation,fail_as_expected,"This certification Logic Functional Language (DeepML) example teaches contradictory facts. It preserves the corpus-derived source → AST → typed/policy-verified semantic record → R12 → MCRT trace and uses deterministic IDs, hashes, provenance, and no-network safety. The example is intentionally invalid and must be rejected at semantic validation."
DMLL-TYPE_CHECK-09800,EX-DMLL-09800,incomplete_match,validation_certification,type_check,fail_as_expected,"This certification Logic Functional Language (DeepML) example teaches incomplete match. It preserves the corpus-derived source → AST → typed/policy-verified semantic record → R12 → MCRT trace and uses deterministic IDs, hashes, provenance, and no-network safety. The example is intentionally invalid and must be rejected at type check."
DMLL-SEMANTIC_VALIDATION-09801,EX-DMLL-09801,inference_divergence,validation_certification,semantic_validation,fail_as_expected,"This certification Logic Functional Language (DeepML) example teaches inference divergence. It preserves the corpus-derived source → AST → typed/policy-verified semantic record → R12 → MCRT trace and uses deterministic IDs, hashes, provenance, and no-network safety. The example is intentionally invalid and must be rejected at semantic validation."
DMLL-SEMANTIC_VALIDATION-09802,EX-DMLL-09802,nontermination,validation_certification,semantic_validation,fail_as_expected,"This certification Logic Functional Language (DeepML) example teaches nontermination. It preserves the corpus-derived source → AST → typed/policy-verified semantic record → R12 → MCRT trace and uses deterministic IDs, hashes, provenance, and no-network safety. The example is intentionally invalid and must be rejected at semantic validation."
DMLL-SEMANTIC_VALIDATION-09803,EX-DMLL-09803,occurs_check,validation_certification,semantic_validation,fail_as_expected,"This certification Logic Functional Language (DeepML) example teaches occurs check. It preserves the corpus-derived source → AST → typed/policy-verified semantic record → R12 → MCRT trace and uses deterministic IDs, hashes, provenance, and no-network safety. The example is intentionally invalid and must be rejected at semantic validation."
DMLL-TYPE_CHECK-09804,EX-DMLL-09804,ambiguous_instance,validation_certification,type_check,fail_as_expected,"This certification Logic Functional Language (DeepML) example teaches ambiguous instance. It preserves the corpus-derived source → AST → typed/policy-verified semantic record → R12 → MCRT trace and uses deterministic IDs, hashes, provenance, and no-network safety. The example is intentionally invalid and must be rejected at type check."
DMLL-SAFETY_GATE-09805,EX-DMLL-09805,impure_effect,validation_certification,safety_gate,fail_as_expected,"This certification Logic Functional Language (DeepML) example teaches impure effect. It preserves the corpus-derived source → AST → typed/policy-verified semantic record → R12 → MCRT trace and uses deterministic IDs, hashes, provenance, and no-network safety. The example is intentionally invalid and must be rejected at safety gate."
DMLL-SEMANTIC_VALIDATION-09806,EX-DMLL-09806,unsound_proof,validation_certification,semantic_validation,fail_as_expected,"This certification Logic Functional Language (DeepML) example teaches unsound proof. It preserves the corpus-derived source → AST → typed/policy-verified semantic record → R12 → MCRT trace and uses deterministic IDs, hashes, provenance, and no-network safety. The example is intentionally invalid and must be rejected at semantic validation."
DMLL-SEMANTIC_VALIDATION-09807,EX-DMLL-09807,contradictory_facts,validation_certification,semantic_validation,fail_as_expected,"This certification Logic Functional Language (DeepML) example teaches contradictory facts. It preserves the corpus-derived source → AST → typed/policy-verified semantic record → R12 → MCRT trace and uses deterministic IDs, hashes, provenance, and no-network safety. The example is intentionally invalid and must be rejected at semantic validation."
DMLL-TYPE_CHECK-09808,EX-DMLL-09808,incomplete_match,validation_certification,type_check,fail_as_expected,"This certification Logic Functional Language (DeepML) example teaches incomplete match. It preserves the corpus-derived source → AST → typed/policy-verified semantic record → R12 → MCRT trace and uses deterministic IDs, hashes, provenance, and no-network safety. The example is intentionally invalid and must be rejected at type check."
DMLL-SEMANTIC_VALIDATION-09809,EX-DMLL-09809,inference_divergence,validation_certification,semantic_validation,fail_as_expected,"This certification Logic Functional Language (DeepML) example teaches inference divergence. It preserves the corpus-derived source → AST → typed/policy-verified semantic record → R12 → MCRT trace and uses deterministic IDs, hashes, provenance, and no-network safety. The example is intentionally invalid and must be rejected at semantic validation."
DMLL-SEMANTIC_VALIDATION-09810,EX-DMLL-09810,nontermination,validation_certification,semantic_validation,fail_as_expected,"This certification Logic Functional Language (DeepML) example teaches nontermination. It preserves the corpus-derived source → AST → typed/policy-verified semantic record → R12 → MCRT trace and uses deterministic IDs, hashes, provenance, and no-network safety. The example is intentionally invalid and must be rejected at semantic validation."
DMLL-SEMANTIC_VALIDATION-09811,EX-DMLL-09811,occurs_check,validation_certification,semantic_validation,fail_as_expected,"This certification Logic Functional Language (DeepML) example teaches occurs check. It preserves the corpus-derived source → AST → typed/policy-verified semantic record → R12 → MCRT trace and uses deterministic IDs, hashes, provenance, and no-network safety. The example is intentionally invalid and must be rejected at semantic validation."
DMLL-TYPE_CHECK-09812,EX-DMLL-09812,ambiguous_instance,validation_certification,type_check,fail_as_expected,"This certification Logic Functional Language (DeepML) example teaches ambiguous instance. It preserves the corpus-derived source → AST → typed/policy-verified semantic record → R12 → MCRT trace and uses deterministic IDs, hashes, provenance, and no-network safety. The example is intentionally invalid and must be rejected at type check."
DMLL-SAFETY_GATE-09813,EX-DMLL-09813,impure_effect,validation_certification,safety_gate,fail_as_expected,"This certification Logic Functional Language (DeepML) example teaches impure effect. It preserves the corpus-derived source → AST → typed/policy-verified semantic record → R12 → MCRT trace and uses deterministic IDs, hashes, provenance, and no-network safety. The example is intentionally invalid and must be rejected at safety gate."
DMLL-SEMANTIC_VALIDATION-09814,EX-DMLL-09814,unsound_proof,validation_certification,semantic_validation,fail_as_expected,"This certification Logic Functional Language (DeepML) example teaches unsound proof. It preserves the corpus-derived source → AST → typed/policy-verified semantic record → R12 → MCRT trace and uses deterministic IDs, hashes, provenance, and no-network safety. The example is intentionally invalid and must be rejected at semantic validation."
DMLL-SEMANTIC_VALIDATION-09815,EX-DMLL-09815,contradictory_facts,validation_certification,semantic_validation,fail_as_expected,"This certification Logic Functional Language (DeepML) example teaches contradictory facts. It preserves the corpus-derived source → AST → typed/policy-verified semantic record → R12 → MCRT trace and uses deterministic IDs, hashes, provenance, and no-network safety. The example is intentionally invalid and must be rejected at semantic validation."
DMLL-TYPE_CHECK-09816,EX-DMLL-09816,incomplete_match,validation_certification,type_check,fail_as_expected,"This certification Logic Functional Language (DeepML) example teaches incomplete match. It preserves the corpus-derived source → AST → typed/policy-verified semantic record → R12 → MCRT trace and uses deterministic IDs, hashes, provenance, and no-network safety. The example is intentionally invalid and must be rejected at type check."
DMLL-SEMANTIC_VALIDATION-09817,EX-DMLL-09817,inference_divergence,validation_certification,semantic_validation,fail_as_expected,"This certification Logic Functional Language (DeepML) example teaches inference divergence. It preserves the corpus-derived source → AST → typed/policy-verified semantic record → R12 → MCRT trace and uses deterministic IDs, hashes, provenance, and no-network safety. The example is intentionally invalid and must be rejected at semantic validation."
DMLL-SEMANTIC_VALIDATION-09818,EX-DMLL-09818,nontermination,validation_certification,semantic_validation,fail_as_expected,"This certification Logic Functional Language (DeepML) example teaches nontermination. It preserves the corpus-derived source → AST → typed/policy-verified semantic record → R12 → MCRT trace and uses deterministic IDs, hashes, provenance, and no-network safety. The example is intentionally invalid and must be rejected at semantic validation."
DMLL-SEMANTIC_VALIDATION-09819,EX-DMLL-09819,occurs_check,validation_certification,semantic_validation,fail_as_expected,"This certification Logic Functional Language (DeepML) example teaches occurs check. It preserves the corpus-derived source → AST → typed/policy-verified semantic record → R12 → MCRT trace and uses deterministic IDs, hashes, provenance, and no-network safety. The example is intentionally invalid and must be rejected at semantic validation."
DMLL-TYPE_CHECK-09820,EX-DMLL-09820,ambiguous_instance,validation_certification,type_check,fail_as_expected,"This certification Logic Functional Language (DeepML) example teaches ambiguous instance. It preserves the corpus-derived source → AST → typed/policy-verified semantic record → R12 → MCRT trace and uses deterministic IDs, hashes, provenance, and no-network safety. The example is intentionally invalid and must be rejected at type check."
DMLL-SAFETY_GATE-09821,EX-DMLL-09821,impure_effect,validation_certification,safety_gate,fail_as_expected,"This certification Logic Functional Language (DeepML) example teaches impure effect. It preserves the corpus-derived source → AST → typed/policy-verified semantic record → R12 → MCRT trace and uses deterministic IDs, hashes, provenance, and no-network safety. The example is intentionally invalid and must be rejected at safety gate."
DMLL-SEMANTIC_VALIDATION-09822,EX-DMLL-09822,unsound_proof,validation_certification,semantic_validation,fail_as_expected,"This certification Logic Functional Language (DeepML) example teaches unsound proof. It preserves the corpus-derived source → AST → typed/policy-verified semantic record → R12 → MCRT trace and uses deterministic IDs, hashes, provenance, and no-network safety. The example is intentionally invalid and must be rejected at semantic validation."
DMLL-SEMANTIC_VALIDATION-09823,EX-DMLL-09823,contradictory_facts,validation_certification,semantic_validation,fail_as_expected,"This certification Logic Functional Language (DeepML) example teaches contradictory facts. It preserves the corpus-derived source → AST → typed/policy-verified semantic record → R12 → MCRT trace and uses deterministic IDs, hashes, provenance, and no-network safety. The example is intentionally invalid and must be rejected at semantic validation."
DMLL-TYPE_CHECK-09824,EX-DMLL-09824,incomplete_match,validation_certification,type_check,fail_as_expected,"This certification Logic Functional Language (DeepML) example teaches incomplete match. It preserves the corpus-derived source → AST → typed/policy-verified semantic record → R12 → MCRT trace and uses deterministic IDs, hashes, provenance, and no-network safety. The example is intentionally invalid and must be rejected at type check."
DMLL-SEMANTIC_VALIDATION-09825,EX-DMLL-09825,inference_divergence,validation_certification,semantic_validation,fail_as_expected,"This certification Logic Functional Language (DeepML) example teaches inference divergence. It preserves the corpus-derived source → AST → typed/policy-verified semantic record → R12 → MCRT trace and uses deterministic IDs, hashes, provenance, and no-network safety. The example is intentionally invalid and must be rejected at semantic validation."
DMLL-SEMANTIC_VALIDATION-09826,EX-DMLL-09826,nontermination,validation_certification,semantic_validation,fail_as_expected,"This certification Logic Functional Language (DeepML) example teaches nontermination. It preserves the corpus-derived source → AST → typed/policy-verified semantic record → R12 → MCRT trace and uses deterministic IDs, hashes, provenance, and no-network safety. The example is intentionally invalid and must be rejected at semantic validation."
DMLL-SEMANTIC_VALIDATION-09827,EX-DMLL-09827,occurs_check,validation_certification,semantic_validation,fail_as_expected,"This certification Logic Functional Language (DeepML) example teaches occurs check. It preserves the corpus-derived source → AST → typed/policy-verified semantic record → R12 → MCRT trace and uses deterministic IDs, hashes, provenance, and no-network safety. The example is intentionally invalid and must be rejected at semantic validation."
DMLL-TYPE_CHECK-09828,EX-DMLL-09828,ambiguous_instance,validation_certification,type_check,fail_as_expected,"This certification Logic Functional Language (DeepML) example teaches ambiguous instance. It preserves the corpus-derived source → AST → typed/policy-verified semantic record → R12 → MCRT trace and uses deterministic IDs, hashes, provenance, and no-network safety. The example is intentionally invalid and must be rejected at type check."
DMLL-SAFETY_GATE-09829,EX-DMLL-09829,impure_effect,validation_certification,safety_gate,fail_as_expected,"This certification Logic Functional Language (DeepML) example teaches impure effect. It preserves the corpus-derived source → AST → typed/policy-verified semantic record → R12 → MCRT trace and uses deterministic IDs, hashes, provenance, and no-network safety. The example is intentionally invalid and must be rejected at safety gate."
DMLL-SEMANTIC_VALIDATION-09830,EX-DMLL-09830,unsound_proof,validation_certification,semantic_validation,fail_as_expected,"This certification Logic Functional Language (DeepML) example teaches unsound proof. It preserves the corpus-derived source → AST → typed/policy-verified semantic record → R12 → MCRT trace and uses deterministic IDs, hashes, provenance, and no-network safety. The example is intentionally invalid and must be rejected at semantic validation."
DMLL-SEMANTIC_VALIDATION-09831,EX-DMLL-09831,contradictory_facts,validation_certification,semantic_validation,fail_as_expected,"This certification Logic Functional Language (DeepML) example teaches contradictory facts. It preserves the corpus-derived source → AST → typed/policy-verified semantic record → R12 → MCRT trace and uses deterministic IDs, hashes, provenance, and no-network safety. The example is intentionally invalid and must be rejected at semantic validation."
DMLL-TYPE_CHECK-09832,EX-DMLL-09832,incomplete_match,validation_certification,type_check,fail_as_expected,"This certification Logic Functional Language (DeepML) example teaches incomplete match. It preserves the corpus-derived source → AST → typed/policy-verified semantic record → R12 → MCRT trace and uses deterministic IDs, hashes, provenance, and no-network safety. The example is intentionally invalid and must be rejected at type check."
DMLL-SEMANTIC_VALIDATION-09833,EX-DMLL-09833,inference_divergence,validation_certification,semantic_validation,fail_as_expected,"This certification Logic Functional Language (DeepML) example teaches inference divergence. It preserves the corpus-derived source → AST → typed/policy-verified semantic record → R12 → MCRT trace and uses deterministic IDs, hashes, provenance, and no-network safety. The example is intentionally invalid and must be rejected at semantic validation."
DMLL-SEMANTIC_VALIDATION-09834,EX-DMLL-09834,nontermination,validation_certification,semantic_validation,fail_as_expected,"This certification Logic Functional Language (DeepML) example teaches nontermination. It preserves the corpus-derived source → AST → typed/policy-verified semantic record → R12 → MCRT trace and uses deterministic IDs, hashes, provenance, and no-network safety. The example is intentionally invalid and must be rejected at semantic validation."
DMLL-SEMANTIC_VALIDATION-09835,EX-DMLL-09835,occurs_check,validation_certification,semantic_validation,fail_as_expected,"This certification Logic Functional Language (DeepML) example teaches occurs check. It preserves the corpus-derived source → AST → typed/policy-verified semantic record → R12 → MCRT trace and uses deterministic IDs, hashes, provenance, and no-network safety. The example is intentionally invalid and must be rejected at semantic validation."
DMLL-SAFETY_GATE-09837,EX-DMLL-09837,impure_effect,validation_certification,safety_gate,fail_as_expected,"This certification Logic Functional Language (DeepML) example teaches impure effect. It preserves the corpus-derived source → AST → typed/policy-verified semantic record → R12 → MCRT trace and uses deterministic IDs, hashes, provenance, and no-network safety. The example is intentionally invalid and must be rejected at safety gate."
DMLL-SEMANTIC_VALIDATION-09838,EX-DMLL-09838,unsound_proof,validation_certification,semantic_validation,fail_as_expected,"This certification Logic Functional Language (DeepML) example teaches unsound proof. It preserves the corpus-derived source → AST → typed/policy-verified semantic record → R12 → MCRT trace and uses deterministic IDs, hashes, provenance, and no-network safety. The example is intentionally invalid and must be rejected at semantic validation."
DMLL-SEMANTIC_VALIDATION-09839,EX-DMLL-09839,contradictory_facts,validation_certification,semantic_validation,fail_as_expected,"This certification Logic Functional Language (DeepML) example teaches contradictory facts. It preserves the corpus-derived source → AST → typed/policy-verified semantic record → R12 → MCRT trace and uses deterministic IDs, hashes, provenance, and no-network safety. The example is intentionally invalid and must be rejected at semantic validation."
DMLL-TYPE_CHECK-09840,EX-DMLL-09840,incomplete_match,validation_certification,type_check,fail_as_expected,"This certification Logic Functional Language (DeepML) example teaches incomplete match. It preserves the corpus-derived source → AST → typed/policy-verified semantic record → R12 → MCRT trace and uses deterministic IDs, hashes, provenance, and no-network safety. The example is intentionally invalid and must be rejected at type check."
DMLL-SEMANTIC_VALIDATION-09841,EX-DMLL-09841,inference_divergence,validation_certification,semantic_validation,fail_as_expected,"This certification Logic Functional Language (DeepML) example teaches inference divergence. It preserves the corpus-derived source → AST → typed/policy-verified semantic record → R12 → MCRT trace and uses deterministic IDs, hashes, provenance, and no-network safety. The example is intentionally invalid and must be rejected at semantic validation."
DMLL-SEMANTIC_VALIDATION-09842,EX-DMLL-09842,nontermination,validation_certification,semantic_validation,fail_as_expected,"This certification Logic Functional Language (DeepML) example teaches nontermination. It preserves the corpus-derived source → AST → typed/policy-verified semantic record → R12 → MCRT trace and uses deterministic IDs, hashes, provenance, and no-network safety. The example is intentionally invalid and must be rejected at semantic validation."
DMLL-SEMANTIC_VALIDATION-09843,EX-DMLL-09843,occurs_check,validation_certification,semantic_validation,fail_as_expected,"This certification Logic Functional Language (DeepML) example teaches occurs check. It preserves the corpus-derived source → AST → typed/policy-verified semantic record → R12 → MCRT trace and uses deterministic IDs, hashes, provenance, and no-network safety. The example is intentionally invalid and must be rejected at semantic validation."
DMLL-SAFETY_GATE-09845,EX-DMLL-09845,impure_effect,validation_certification,safety_gate,fail_as_expected,"This certification Logic Functional Language (DeepML) example teaches impure effect. It preserves the corpus-derived source → AST → typed/policy-verified semantic record → R12 → MCRT trace and uses deterministic IDs, hashes, provenance, and no-network safety. The example is intentionally invalid and must be rejected at safety gate."
DMLL-SEMANTIC_VALIDATION-09846,EX-DMLL-09846,unsound_proof,validation_certification,semantic_validation,fail_as_expected,"This certification Logic Functional Language (DeepML) example teaches unsound proof. It preserves the corpus-derived source → AST → typed/policy-verified semantic record → R12 → MCRT trace and uses deterministic IDs, hashes, provenance, and no-network safety. The example is intentionally invalid and must be rejected at semantic validation."
DMLL-SEMANTIC_VALIDATION-09847,EX-DMLL-09847,contradictory_facts,validation_certification,semantic_validation,fail_as_expected,"This certification Logic Functional Language (DeepML) example teaches contradictory facts. It preserves the corpus-derived source → AST → typed/policy-verified semantic record → R12 → MCRT trace and uses deterministic IDs, hashes, provenance, and no-network safety. The example is intentionally invalid and must be rejected at semantic validation."
DMLL-TYPE_CHECK-09848,EX-DMLL-09848,incomplete_match,validation_certification,type_check,fail_as_expected,"This certification Logic Functional Language (DeepML) example teaches incomplete match. It preserves the corpus-derived source → AST → typed/policy-verified semantic record → R12 → MCRT trace and uses deterministic IDs, hashes, provenance, and no-network safety. The example is intentionally invalid and must be rejected at type check."
DMLL-SEMANTIC_VALIDATION-09849,EX-DMLL-09849,inference_divergence,validation_certification,semantic_validation,fail_as_expected,"This certification Logic Functional Language (DeepML) example teaches inference divergence. It preserves the corpus-derived source → AST → typed/policy-verified semantic record → R12 → MCRT trace and uses deterministic IDs, hashes, provenance, and no-network safety. The example is intentionally invalid and must be rejected at semantic validation."
DMLL-SEMANTIC_VALIDATION-09850,EX-DMLL-09850,nontermination,validation_certification,semantic_validation,fail_as_expected,"This certification Logic Functional Language (DeepML) example teaches nontermination. It preserves the corpus-derived source → AST → typed/policy-verified semantic record → R12 → MCRT trace and uses deterministic IDs, hashes, provenance, and no-network safety. The example is intentionally invalid and must be rejected at semantic validation."
DMLL-SEMANTIC_VALIDATION-09851,EX-DMLL-09851,occurs_check,validation_certification,semantic_validation,fail_as_expected,"This certification Logic Functional Language (DeepML) example teaches occurs check. It preserves the corpus-derived source → AST → typed/policy-verified semantic record → R12 → MCRT trace and uses deterministic IDs, hashes, provenance, and no-network safety. The example is intentionally invalid and must be rejected at semantic validation."
DMLL-SAFETY_GATE-09853,EX-DMLL-09853,impure_effect,validation_certification,safety_gate,fail_as_expected,"This certification Logic Functional Language (DeepML) example teaches impure effect. It preserves the corpus-derived source → AST → typed/policy-verified semantic record → R12 → MCRT trace and uses deterministic IDs, hashes, provenance, and no-network safety. The example is intentionally invalid and must be rejected at safety gate."
DMLL-SEMANTIC_VALIDATION-09854,EX-DMLL-09854,unsound_proof,validation_certification,semantic_validation,fail_as_expected,"This certification Logic Functional Language (DeepML) example teaches unsound proof. It preserves the corpus-derived source → AST → typed/policy-verified semantic record → R12 → MCRT trace and uses deterministic IDs, hashes, provenance, and no-network safety. The example is intentionally invalid and must be rejected at semantic validation."
DMLL-SEMANTIC_VALIDATION-09855,EX-DMLL-09855,contradictory_facts,validation_certification,semantic_validation,fail_as_expected,"This certification Logic Functional Language (DeepML) example teaches contradictory facts. It preserves the corpus-derived source → AST → typed/policy-verified semantic record → R12 → MCRT trace and uses deterministic IDs, hashes, provenance, and no-network safety. The example is intentionally invalid and must be rejected at semantic validation."
DMLL-TYPE_CHECK-09856,EX-DMLL-09856,incomplete_match,validation_certification,type_check,fail_as_expected,"This certification Logic Functional Language (DeepML) example teaches incomplete match. It preserves the corpus-derived source → AST → typed/policy-verified semantic record → R12 → MCRT trace and uses deterministic IDs, hashes, provenance, and no-network safety. The example is intentionally invalid and must be rejected at type check."
DMLL-SEMANTIC_VALIDATION-09857,EX-DMLL-09857,inference_divergence,validation_certification,semantic_validation,fail_as_expected,"This certification Logic Functional Language (DeepML) example teaches inference divergence. It preserves the corpus-derived source → AST → typed/policy-verified semantic record → R12 → MCRT trace and uses deterministic IDs, hashes, provenance, and no-network safety. The example is intentionally invalid and must be rejected at semantic validation."
DMLL-SEMANTIC_VALIDATION-09858,EX-DMLL-09858,nontermination,validation_certification,semantic_validation,fail_as_expected,"This certification Logic Functional Language (DeepML) example teaches nontermination. It preserves the corpus-derived source → AST → typed/policy-verified semantic record → R12 → MCRT trace and uses deterministic IDs, hashes, provenance, and no-network safety. The example is intentionally invalid and must be rejected at semantic validation."
DMLL-SEMANTIC_VALIDATION-09859,EX-DMLL-09859,occurs_check,validation_certification,semantic_validation,fail_as_expected,"This certification Logic Functional Language (DeepML) example teaches occurs check. It preserves the corpus-derived source → AST → typed/policy-verified semantic record → R12 → MCRT trace and uses deterministic IDs, hashes, provenance, and no-network safety. The example is intentionally invalid and must be rejected at semantic validation."
DMLL-SAFETY_GATE-09861,EX-DMLL-09861,impure_effect,validation_certification,safety_gate,fail_as_expected,"This certification Logic Functional Language (DeepML) example teaches impure effect. It preserves the corpus-derived source → AST → typed/policy-verified semantic record → R12 → MCRT trace and uses deterministic IDs, hashes, provenance, and no-network safety. The example is intentionally invalid and must be rejected at safety gate."
DMLL-SEMANTIC_VALIDATION-09862,EX-DMLL-09862,unsound_proof,validation_certification,semantic_validation,fail_as_expected,"This certification Logic Functional Language (DeepML) example teaches unsound proof. It preserves the corpus-derived source → AST → typed/policy-verified semantic record → R12 → MCRT trace and uses deterministic IDs, hashes, provenance, and no-network safety. The example is intentionally invalid and must be rejected at semantic validation."
DMLL-SEMANTIC_VALIDATION-09863,EX-DMLL-09863,contradictory_facts,validation_certification,semantic_validation,fail_as_expected,"This certification Logic Functional Language (DeepML) example teaches contradictory facts. It preserves the corpus-derived source → AST → typed/policy-verified semantic record → R12 → MCRT trace and uses deterministic IDs, hashes, provenance, and no-network safety. The example is intentionally invalid and must be rejected at semantic validation."
DMLL-TYPE_CHECK-09864,EX-DMLL-09864,incomplete_match,validation_certification,type_check,fail_as_expected,"This certification Logic Functional Language (DeepML) example teaches incomplete match. It preserves the corpus-derived source → AST → typed/policy-verified semantic record → R12 → MCRT trace and uses deterministic IDs, hashes, provenance, and no-network safety. The example is intentionally invalid and must be rejected at type check."
DMLL-SEMANTIC_VALIDATION-09865,EX-DMLL-09865,inference_divergence,validation_certification,semantic_validation,fail_as_expected,"This certification Logic Functional Language (DeepML) example teaches inference divergence. It preserves the corpus-derived source → AST → typed/policy-verified semantic record → R12 → MCRT trace and uses deterministic IDs, hashes, provenance, and no-network safety. The example is intentionally invalid and must be rejected at semantic validation."
DMLL-SEMANTIC_VALIDATION-09866,EX-DMLL-09866,nontermination,validation_certification,semantic_validation,fail_as_expected,"This certification Logic Functional Language (DeepML) example teaches nontermination. It preserves the corpus-derived source → AST → typed/policy-verified semantic record → R12 → MCRT trace and uses deterministic IDs, hashes, provenance, and no-network safety. The example is intentionally invalid and must be rejected at semantic validation."
DMLL-SEMANTIC_VALIDATION-09867,EX-DMLL-09867,occurs_check,validation_certification,semantic_validation,fail_as_expected,"This certification Logic Functional Language (DeepML) example teaches occurs check. It preserves the corpus-derived source → AST → typed/policy-verified semantic record → R12 → MCRT trace and uses deterministic IDs, hashes, provenance, and no-network safety. The example is intentionally invalid and must be rejected at semantic validation."
DMLL-SAFETY_GATE-09869,EX-DMLL-09869,impure_effect,validation_certification,safety_gate,fail_as_expected,"This certification Logic Functional Language (DeepML) example teaches impure effect. It preserves the corpus-derived source → AST → typed/policy-verified semantic record → R12 → MCRT trace and uses deterministic IDs, hashes, provenance, and no-network safety. The example is intentionally invalid and must be rejected at safety gate."
DMLL-SEMANTIC_VALIDATION-09870,EX-DMLL-09870,unsound_proof,validation_certification,semantic_validation,fail_as_expected,"This certification Logic Functional Language (DeepML) example teaches unsound proof. It preserves the corpus-derived source → AST → typed/policy-verified semantic record → R12 → MCRT trace and uses deterministic IDs, hashes, provenance, and no-network safety. The example is intentionally invalid and must be rejected at semantic validation."
DMLL-SEMANTIC_VALIDATION-09871,EX-DMLL-09871,contradictory_facts,validation_certification,semantic_validation,fail_as_expected,"This certification Logic Functional Language (DeepML) example teaches contradictory facts. It preserves the corpus-derived source → AST → typed/policy-verified semantic record → R12 → MCRT trace and uses deterministic IDs, hashes, provenance, and no-network safety. The example is intentionally invalid and must be rejected at semantic validation."
DMLL-TYPE_CHECK-09872,EX-DMLL-09872,incomplete_match,validation_certification,type_check,fail_as_expected,"This certification Logic Functional Language (DeepML) example teaches incomplete match. It preserves the corpus-derived source → AST → typed/policy-verified semantic record → R12 → MCRT trace and uses deterministic IDs, hashes, provenance, and no-network safety. The example is intentionally invalid and must be rejected at type check."
DMLL-SEMANTIC_VALIDATION-09873,EX-DMLL-09873,inference_divergence,validation_certification,semantic_validation,fail_as_expected,"This certification Logic Functional Language (DeepML) example teaches inference divergence. It preserves the corpus-derived source → AST → typed/policy-verified semantic record → R12 → MCRT trace and uses deterministic IDs, hashes, provenance, and no-network safety. The example is intentionally invalid and must be rejected at semantic validation."
DMLL-SEMANTIC_VALIDATION-09874,EX-DMLL-09874,nontermination,validation_certification,semantic_validation,fail_as_expected,"This certification Logic Functional Language (DeepML) example teaches nontermination. It preserves the corpus-derived source → AST → typed/policy-verified semantic record → R12 → MCRT trace and uses deterministic IDs, hashes, provenance, and no-network safety. The example is intentionally invalid and must be rejected at semantic validation."
DMLL-SEMANTIC_VALIDATION-09875,EX-DMLL-09875,occurs_check,validation_certification,semantic_validation,fail_as_expected,"This certification Logic Functional Language (DeepML) example teaches occurs check. It preserves the corpus-derived source → AST → typed/policy-verified semantic record → R12 → MCRT trace and uses deterministic IDs, hashes, provenance, and no-network safety. The example is intentionally invalid and must be rejected at semantic validation."
DMLL-SAFETY_GATE-09877,EX-DMLL-09877,impure_effect,validation_certification,safety_gate,fail_as_expected,"This certification Logic Functional Language (DeepML) example teaches impure effect. It preserves the corpus-derived source → AST → typed/policy-verified semantic record → R12 → MCRT trace and uses deterministic IDs, hashes, provenance, and no-network safety. The example is intentionally invalid and must be rejected at safety gate."
DMLL-SEMANTIC_VALIDATION-09878,EX-DMLL-09878,unsound_proof,validation_certification,semantic_validation,fail_as_expected,"This certification Logic Functional Language (DeepML) example teaches unsound proof. It preserves the corpus-derived source → AST → typed/policy-verified semantic record → R12 → MCRT trace and uses deterministic IDs, hashes, provenance, and no-network safety. The example is intentionally invalid and must be rejected at semantic validation."
DMLL-SEMANTIC_VALIDATION-09879,EX-DMLL-09879,contradictory_facts,validation_certification,semantic_validation,fail_as_expected,"This certification Logic Functional Language (DeepML) example teaches contradictory facts. It preserves the corpus-derived source → AST → typed/policy-verified semantic record → R12 → MCRT trace and uses deterministic IDs, hashes, provenance, and no-network safety. The example is intentionally invalid and must be rejected at semantic validation."
DMLL-TYPE_CHECK-09880,EX-DMLL-09880,incomplete_match,validation_certification,type_check,fail_as_expected,"This certification Logic Functional Language (DeepML) example teaches incomplete match. It preserves the corpus-derived source → AST → typed/policy-verified semantic record → R12 → MCRT trace and uses deterministic IDs, hashes, provenance, and no-network safety. The example is intentionally invalid and must be rejected at type check."
DMLL-SEMANTIC_VALIDATION-09881,EX-DMLL-09881,inference_divergence,validation_certification,semantic_validation,fail_as_expected,"This certification Logic Functional Language (DeepML) example teaches inference divergence. It preserves the corpus-derived source → AST → typed/policy-verified semantic record → R12 → MCRT trace and uses deterministic IDs, hashes, provenance, and no-network safety. The example is intentionally invalid and must be rejected at semantic validation."
DMLL-SEMANTIC_VALIDATION-09882,EX-DMLL-09882,nontermination,validation_certification,semantic_validation,fail_as_expected,"This certification Logic Functional Language (DeepML) example teaches nontermination. It preserves the corpus-derived source → AST → typed/policy-verified semantic record → R12 → MCRT trace and uses deterministic IDs, hashes, provenance, and no-network safety. The example is intentionally invalid and must be rejected at semantic validation."
DMLL-SEMANTIC_VALIDATION-09883,EX-DMLL-09883,occurs_check,validation_certification,semantic_validation,fail_as_expected,"This certification Logic Functional Language (DeepML) example teaches occurs check. It preserves the corpus-derived source → AST → typed/policy-verified semantic record → R12 → MCRT trace and uses deterministic IDs, hashes, provenance, and no-network safety. The example is intentionally invalid and must be rejected at semantic validation."
DMLL-TYPE_CHECK-09884,EX-DMLL-09884,ambiguous_instance,validation_certification,type_check,fail_as_expected,"This certification Logic Functional Language (DeepML) example teaches ambiguous instance. It preserves the corpus-derived source → AST → typed/policy-verified semantic record → R12 → MCRT trace and uses deterministic IDs, hashes, provenance, and no-network safety. The example is intentionally invalid and must be rejected at type check."
DMLL-SAFETY_GATE-09885,EX-DMLL-09885,impure_effect,validation_certification,safety_gate,fail_as_expected,"This certification Logic Functional Language (DeepML) example teaches impure effect. It preserves the corpus-derived source → AST → typed/policy-verified semantic record → R12 → MCRT trace and uses deterministic IDs, hashes, provenance, and no-network safety. The example is intentionally invalid and must be rejected at safety gate."
DMLL-SEMANTIC_VALIDATION-09886,EX-DMLL-09886,unsound_proof,validation_certification,semantic_validation,fail_as_expected,"This certification Logic Functional Language (DeepML) example teaches unsound proof. It preserves the corpus-derived source → AST → typed/policy-verified semantic record → R12 → MCRT trace and uses deterministic IDs, hashes, provenance, and no-network safety. The example is intentionally invalid and must be rejected at semantic validation."
DMLL-SEMANTIC_VALIDATION-09887,EX-DMLL-09887,contradictory_facts,validation_certification,semantic_validation,fail_as_expected,"This certification Logic Functional Language (DeepML) example teaches contradictory facts. It preserves the corpus-derived source → AST → typed/policy-verified semantic record → R12 → MCRT trace and uses deterministic IDs, hashes, provenance, and no-network safety. The example is intentionally invalid and must be rejected at semantic validation."
DMLL-TYPE_CHECK-09888,EX-DMLL-09888,incomplete_match,validation_certification,type_check,fail_as_expected,"This certification Logic Functional Language (DeepML) example teaches incomplete match. It preserves the corpus-derived source → AST → typed/policy-verified semantic record → R12 → MCRT trace and uses deterministic IDs, hashes, provenance, and no-network safety. The example is intentionally invalid and must be rejected at type check."
DMLL-SEMANTIC_VALIDATION-09889,EX-DMLL-09889,inference_divergence,validation_certification,semantic_validation,fail_as_expected,"This certification Logic Functional Language (DeepML) example teaches inference divergence. It preserves the corpus-derived source → AST → typed/policy-verified semantic record → R12 → MCRT trace and uses deterministic IDs, hashes, provenance, and no-network safety. The example is intentionally invalid and must be rejected at semantic validation."
DMLL-SEMANTIC_VALIDATION-09890,EX-DMLL-09890,nontermination,validation_certification,semantic_validation,fail_as_expected,"This certification Logic Functional Language (DeepML) example teaches nontermination. It preserves the corpus-derived source → AST → typed/policy-verified semantic record → R12 → MCRT trace and uses deterministic IDs, hashes, provenance, and no-network safety. The example is intentionally invalid and must be rejected at semantic validation."
DMLL-SEMANTIC_VALIDATION-09891,EX-DMLL-09891,occurs_check,validation_certification,semantic_validation,fail_as_expected,"This certification Logic Functional Language (DeepML) example teaches occurs check. It preserves the corpus-derived source → AST → typed/policy-verified semantic record → R12 → MCRT trace and uses deterministic IDs, hashes, provenance, and no-network safety. The example is intentionally invalid and must be rejected at semantic validation."
DMLL-TYPE_CHECK-09892,EX-DMLL-09892,ambiguous_instance,validation_certification,type_check,fail_as_expected,"This certification Logic Functional Language (DeepML) example teaches ambiguous instance. It preserves the corpus-derived source → AST → typed/policy-verified semantic record → R12 → MCRT trace and uses deterministic IDs, hashes, provenance, and no-network safety. The example is intentionally invalid and must be rejected at type check."
DMLL-SAFETY_GATE-09893,EX-DMLL-09893,impure_effect,validation_certification,safety_gate,fail_as_expected,"This certification Logic Functional Language (DeepML) example teaches impure effect. It preserves the corpus-derived source → AST → typed/policy-verified semantic record → R12 → MCRT trace and uses deterministic IDs, hashes, provenance, and no-network safety. The example is intentionally invalid and must be rejected at safety gate."
DMLL-SEMANTIC_VALIDATION-09894,EX-DMLL-09894,unsound_proof,validation_certification,semantic_validation,fail_as_expected,"This certification Logic Functional Language (DeepML) example teaches unsound proof. It preserves the corpus-derived source → AST → typed/policy-verified semantic record → R12 → MCRT trace and uses deterministic IDs, hashes, provenance, and no-network safety. The example is intentionally invalid and must be rejected at semantic validation."
DMLL-SEMANTIC_VALIDATION-09895,EX-DMLL-09895,contradictory_facts,validation_certification,semantic_validation,fail_as_expected,"This certification Logic Functional Language (DeepML) example teaches contradictory facts. It preserves the corpus-derived source → AST → typed/policy-verified semantic record → R12 → MCRT trace and uses deterministic IDs, hashes, provenance, and no-network safety. The example is intentionally invalid and must be rejected at semantic validation."
DMLL-TYPE_CHECK-09896,EX-DMLL-09896,incomplete_match,validation_certification,type_check,fail_as_expected,"This certification Logic Functional Language (DeepML) example teaches incomplete match. It preserves the corpus-derived source → AST → typed/policy-verified semantic record → R12 → MCRT trace and uses deterministic IDs, hashes, provenance, and no-network safety. The example is intentionally invalid and must be rejected at type check."
DMLL-SEMANTIC_VALIDATION-09897,EX-DMLL-09897,inference_divergence,validation_certification,semantic_validation,fail_as_expected,"This certification Logic Functional Language (DeepML) example teaches inference divergence. It preserves the corpus-derived source → AST → typed/policy-verified semantic record → R12 → MCRT trace and uses deterministic IDs, hashes, provenance, and no-network safety. The example is intentionally invalid and must be rejected at semantic validation."
DMLL-SEMANTIC_VALIDATION-09898,EX-DMLL-09898,nontermination,validation_certification,semantic_validation,fail_as_expected,"This certification Logic Functional Language (DeepML) example teaches nontermination. It preserves the corpus-derived source → AST → typed/policy-verified semantic record → R12 → MCRT trace and uses deterministic IDs, hashes, provenance, and no-network safety. The example is intentionally invalid and must be rejected at semantic validation."
DMLL-SEMANTIC_VALIDATION-09899,EX-DMLL-09899,occurs_check,validation_certification,semantic_validation,fail_as_expected,"This certification Logic Functional Language (DeepML) example teaches occurs check. It preserves the corpus-derived source → AST → typed/policy-verified semantic record → R12 → MCRT trace and uses deterministic IDs, hashes, provenance, and no-network safety. The example is intentionally invalid and must be rejected at semantic validation."
DMLL-TYPE_CHECK-09900,EX-DMLL-09900,ambiguous_instance,validation_certification,type_check,fail_as_expected,"This certification Logic Functional Language (DeepML) example teaches ambiguous instance. It preserves the corpus-derived source → AST → typed/policy-verified semantic record → R12 → MCRT trace and uses deterministic IDs, hashes, provenance, and no-network safety. The example is intentionally invalid and must be rejected at type check."
DMLL-SAFETY_GATE-09901,EX-DMLL-09901,impure_effect,validation_certification,safety_gate,fail_as_expected,"This certification Logic Functional Language (DeepML) example teaches impure effect. It preserves the corpus-derived source → AST → typed/policy-verified semantic record → R12 → MCRT trace and uses deterministic IDs, hashes, provenance, and no-network safety. The example is intentionally invalid and must be rejected at safety gate."
DMLL-SEMANTIC_VALIDATION-09902,EX-DMLL-09902,unsound_proof,validation_certification,semantic_validation,fail_as_expected,"This certification Logic Functional Language (DeepML) example teaches unsound proof. It preserves the corpus-derived source → AST → typed/policy-verified semantic record → R12 → MCRT trace and uses deterministic IDs, hashes, provenance, and no-network safety. The example is intentionally invalid and must be rejected at semantic validation."
DMLL-SEMANTIC_VALIDATION-09903,EX-DMLL-09903,contradictory_facts,validation_certification,semantic_validation,fail_as_expected,"This certification Logic Functional Language (DeepML) example teaches contradictory facts. It preserves the corpus-derived source → AST → typed/policy-verified semantic record → R12 → MCRT trace and uses deterministic IDs, hashes, provenance, and no-network safety. The example is intentionally invalid and must be rejected at semantic validation."
DMLL-TYPE_CHECK-09904,EX-DMLL-09904,incomplete_match,validation_certification,type_check,fail_as_expected,"This certification Logic Functional Language (DeepML) example teaches incomplete match. It preserves the corpus-derived source → AST → typed/policy-verified semantic record → R12 → MCRT trace and uses deterministic IDs, hashes, provenance, and no-network safety. The example is intentionally invalid and must be rejected at type check."
DMLL-SEMANTIC_VALIDATION-09905,EX-DMLL-09905,inference_divergence,validation_certification,semantic_validation,fail_as_expected,"This certification Logic Functional Language (DeepML) example teaches inference divergence. It preserves the corpus-derived source → AST → typed/policy-verified semantic record → R12 → MCRT trace and uses deterministic IDs, hashes, provenance, and no-network safety. The example is intentionally invalid and must be rejected at semantic validation."
DMLL-SEMANTIC_VALIDATION-09906,EX-DMLL-09906,nontermination,validation_certification,semantic_validation,fail_as_expected,"This certification Logic Functional Language (DeepML) example teaches nontermination. It preserves the corpus-derived source → AST → typed/policy-verified semantic record → R12 → MCRT trace and uses deterministic IDs, hashes, provenance, and no-network safety. The example is intentionally invalid and must be rejected at semantic validation."
DMLL-SEMANTIC_VALIDATION-09907,EX-DMLL-09907,occurs_check,validation_certification,semantic_validation,fail_as_expected,"This certification Logic Functional Language (DeepML) example teaches occurs check. It preserves the corpus-derived source → AST → typed/policy-verified semantic record → R12 → MCRT trace and uses deterministic IDs, hashes, provenance, and no-network safety. The example is intentionally invalid and must be rejected at semantic validation."
DMLL-TYPE_CHECK-09908,EX-DMLL-09908,ambiguous_instance,validation_certification,type_check,fail_as_expected,"This certification Logic Functional Language (DeepML) example teaches ambiguous instance. It preserves the corpus-derived source → AST → typed/policy-verified semantic record → R12 → MCRT trace and uses deterministic IDs, hashes, provenance, and no-network safety. The example is intentionally invalid and must be rejected at type check."
DMLL-SEMANTIC_VALIDATION-09910,EX-DMLL-09910,unsound_proof,validation_certification,semantic_validation,fail_as_expected,"This certification Logic Functional Language (DeepML) example teaches unsound proof. It preserves the corpus-derived source → AST → typed/policy-verified semantic record → R12 → MCRT trace and uses deterministic IDs, hashes, provenance, and no-network safety. The example is intentionally invalid and must be rejected at semantic validation."
DMLL-SEMANTIC_VALIDATION-09911,EX-DMLL-09911,contradictory_facts,validation_certification,semantic_validation,fail_as_expected,"This certification Logic Functional Language (DeepML) example teaches contradictory facts. It preserves the corpus-derived source → AST → typed/policy-verified semantic record → R12 → MCRT trace and uses deterministic IDs, hashes, provenance, and no-network safety. The example is intentionally invalid and must be rejected at semantic validation."
DMLL-TYPE_CHECK-09912,EX-DMLL-09912,incomplete_match,validation_certification,type_check,fail_as_expected,"This certification Logic Functional Language (DeepML) example teaches incomplete match. It preserves the corpus-derived source → AST → typed/policy-verified semantic record → R12 → MCRT trace and uses deterministic IDs, hashes, provenance, and no-network safety. The example is intentionally invalid and must be rejected at type check."
DMLL-SEMANTIC_VALIDATION-09913,EX-DMLL-09913,inference_divergence,validation_certification,semantic_validation,fail_as_expected,"This certification Logic Functional Language (DeepML) example teaches inference divergence. It preserves the corpus-derived source → AST → typed/policy-verified semantic record → R12 → MCRT trace and uses deterministic IDs, hashes, provenance, and no-network safety. The example is intentionally invalid and must be rejected at semantic validation."
DMLL-SEMANTIC_VALIDATION-09914,EX-DMLL-09914,nontermination,validation_certification,semantic_validation,fail_as_expected,"This certification Logic Functional Language (DeepML) example teaches nontermination. It preserves the corpus-derived source → AST → typed/policy-verified semantic record → R12 → MCRT trace and uses deterministic IDs, hashes, provenance, and no-network safety. The example is intentionally invalid and must be rejected at semantic validation."
DMLL-SEMANTIC_VALIDATION-09915,EX-DMLL-09915,occurs_check,validation_certification,semantic_validation,fail_as_expected,"This certification Logic Functional Language (DeepML) example teaches occurs check. It preserves the corpus-derived source → AST → typed/policy-verified semantic record → R12 → MCRT trace and uses deterministic IDs, hashes, provenance, and no-network safety. The example is intentionally invalid and must be rejected at semantic validation."
DMLL-TYPE_CHECK-09916,EX-DMLL-09916,ambiguous_instance,validation_certification,type_check,fail_as_expected,"This certification Logic Functional Language (DeepML) example teaches ambiguous instance. It preserves the corpus-derived source → AST → typed/policy-verified semantic record → R12 → MCRT trace and uses deterministic IDs, hashes, provenance, and no-network safety. The example is intentionally invalid and must be rejected at type check."
DMLL-SEMANTIC_VALIDATION-09918,EX-DMLL-09918,unsound_proof,validation_certification,semantic_validation,fail_as_expected,"This certification Logic Functional Language (DeepML) example teaches unsound proof. It preserves the corpus-derived source → AST → typed/policy-verified semantic record → R12 → MCRT trace and uses deterministic IDs, hashes, provenance, and no-network safety. The example is intentionally invalid and must be rejected at semantic validation."
DMLL-SEMANTIC_VALIDATION-09919,EX-DMLL-09919,contradictory_facts,validation_certification,semantic_validation,fail_as_expected,"This certification Logic Functional Language (DeepML) example teaches contradictory facts. It preserves the corpus-derived source → AST → typed/policy-verified semantic record → R12 → MCRT trace and uses deterministic IDs, hashes, provenance, and no-network safety. The example is intentionally invalid and must be rejected at semantic validation."
DMLL-TYPE_CHECK-09920,EX-DMLL-09920,incomplete_match,validation_certification,type_check,fail_as_expected,"This certification Logic Functional Language (DeepML) example teaches incomplete match. It preserves the corpus-derived source → AST → typed/policy-verified semantic record → R12 → MCRT trace and uses deterministic IDs, hashes, provenance, and no-network safety. The example is intentionally invalid and must be rejected at type check."
DMLL-SEMANTIC_VALIDATION-09921,EX-DMLL-09921,inference_divergence,validation_certification,semantic_validation,fail_as_expected,"This certification Logic Functional Language (DeepML) example teaches inference divergence. It preserves the corpus-derived source → AST → typed/policy-verified semantic record → R12 → MCRT trace and uses deterministic IDs, hashes, provenance, and no-network safety. The example is intentionally invalid and must be rejected at semantic validation."
DMLL-SEMANTIC_VALIDATION-09922,EX-DMLL-09922,nontermination,validation_certification,semantic_validation,fail_as_expected,"This certification Logic Functional Language (DeepML) example teaches nontermination. It preserves the corpus-derived source → AST → typed/policy-verified semantic record → R12 → MCRT trace and uses deterministic IDs, hashes, provenance, and no-network safety. The example is intentionally invalid and must be rejected at semantic validation."
DMLL-SEMANTIC_VALIDATION-09923,EX-DMLL-09923,occurs_check,validation_certification,semantic_validation,fail_as_expected,"This certification Logic Functional Language (DeepML) example teaches occurs check. It preserves the corpus-derived source → AST → typed/policy-verified semantic record → R12 → MCRT trace and uses deterministic IDs, hashes, provenance, and no-network safety. The example is intentionally invalid and must be rejected at semantic validation."
DMLL-TYPE_CHECK-09924,EX-DMLL-09924,ambiguous_instance,validation_certification,type_check,fail_as_expected,"This certification Logic Functional Language (DeepML) example teaches ambiguous instance. It preserves the corpus-derived source → AST → typed/policy-verified semantic record → R12 → MCRT trace and uses deterministic IDs, hashes, provenance, and no-network safety. The example is intentionally invalid and must be rejected at type check."
DMLL-SEMANTIC_VALIDATION-09926,EX-DMLL-09926,unsound_proof,validation_certification,semantic_validation,fail_as_expected,"This certification Logic Functional Language (DeepML) example teaches unsound proof. It preserves the corpus-derived source → AST → typed/policy-verified semantic record → R12 → MCRT trace and uses deterministic IDs, hashes, provenance, and no-network safety. The example is intentionally invalid and must be rejected at semantic validation."
DMLL-SEMANTIC_VALIDATION-09927,EX-DMLL-09927,contradictory_facts,validation_certification,semantic_validation,fail_as_expected,"This certification Logic Functional Language (DeepML) example teaches contradictory facts. It preserves the corpus-derived source → AST → typed/policy-verified semantic record → R12 → MCRT trace and uses deterministic IDs, hashes, provenance, and no-network safety. The example is intentionally invalid and must be rejected at semantic validation."
DMLL-TYPE_CHECK-09928,EX-DMLL-09928,incomplete_match,validation_certification,type_check,fail_as_expected,"This certification Logic Functional Language (DeepML) example teaches incomplete match. It preserves the corpus-derived source → AST → typed/policy-verified semantic record → R12 → MCRT trace and uses deterministic IDs, hashes, provenance, and no-network safety. The example is intentionally invalid and must be rejected at type check."
DMLL-SEMANTIC_VALIDATION-09929,EX-DMLL-09929,inference_divergence,validation_certification,semantic_validation,fail_as_expected,"This certification Logic Functional Language (DeepML) example teaches inference divergence. It preserves the corpus-derived source → AST → typed/policy-verified semantic record → R12 → MCRT trace and uses deterministic IDs, hashes, provenance, and no-network safety. The example is intentionally invalid and must be rejected at semantic validation."
DMLL-SEMANTIC_VALIDATION-09930,EX-DMLL-09930,nontermination,validation_certification,semantic_validation,fail_as_expected,"This certification Logic Functional Language (DeepML) example teaches nontermination. It preserves the corpus-derived source → AST → typed/policy-verified semantic record → R12 → MCRT trace and uses deterministic IDs, hashes, provenance, and no-network safety. The example is intentionally invalid and must be rejected at semantic validation."
DMLL-SEMANTIC_VALIDATION-09931,EX-DMLL-09931,occurs_check,validation_certification,semantic_validation,fail_as_expected,"This certification Logic Functional Language (DeepML) example teaches occurs check. It preserves the corpus-derived source → AST → typed/policy-verified semantic record → R12 → MCRT trace and uses deterministic IDs, hashes, provenance, and no-network safety. The example is intentionally invalid and must be rejected at semantic validation."
DMLL-TYPE_CHECK-09932,EX-DMLL-09932,ambiguous_instance,validation_certification,type_check,fail_as_expected,"This certification Logic Functional Language (DeepML) example teaches ambiguous instance. It preserves the corpus-derived source → AST → typed/policy-verified semantic record → R12 → MCRT trace and uses deterministic IDs, hashes, provenance, and no-network safety. The example is intentionally invalid and must be rejected at type check."
DMLL-SEMANTIC_VALIDATION-09934,EX-DMLL-09934,unsound_proof,validation_certification,semantic_validation,fail_as_expected,"This certification Logic Functional Language (DeepML) example teaches unsound proof. It preserves the corpus-derived source → AST → typed/policy-verified semantic record → R12 → MCRT trace and uses deterministic IDs, hashes, provenance, and no-network safety. The example is intentionally invalid and must be rejected at semantic validation."
DMLL-SEMANTIC_VALIDATION-09935,EX-DMLL-09935,contradictory_facts,validation_certification,semantic_validation,fail_as_expected,"This certification Logic Functional Language (DeepML) example teaches contradictory facts. It preserves the corpus-derived source → AST → typed/policy-verified semantic record → R12 → MCRT trace and uses deterministic IDs, hashes, provenance, and no-network safety. The example is intentionally invalid and must be rejected at semantic validation."
DMLL-TYPE_CHECK-09936,EX-DMLL-09936,incomplete_match,validation_certification,type_check,fail_as_expected,"This certification Logic Functional Language (DeepML) example teaches incomplete match. It preserves the corpus-derived source → AST → typed/policy-verified semantic record → R12 → MCRT trace and uses deterministic IDs, hashes, provenance, and no-network safety. The example is intentionally invalid and must be rejected at type check."
DMLL-SEMANTIC_VALIDATION-09937,EX-DMLL-09937,inference_divergence,validation_certification,semantic_validation,fail_as_expected,"This certification Logic Functional Language (DeepML) example teaches inference divergence. It preserves the corpus-derived source → AST → typed/policy-verified semantic record → R12 → MCRT trace and uses deterministic IDs, hashes, provenance, and no-network safety. The example is intentionally invalid and must be rejected at semantic validation."
DMLL-SEMANTIC_VALIDATION-09938,EX-DMLL-09938,nontermination,validation_certification,semantic_validation,fail_as_expected,"This certification Logic Functional Language (DeepML) example teaches nontermination. It preserves the corpus-derived source → AST → typed/policy-verified semantic record → R12 → MCRT trace and uses deterministic IDs, hashes, provenance, and no-network safety. The example is intentionally invalid and must be rejected at semantic validation."
DMLL-SEMANTIC_VALIDATION-09939,EX-DMLL-09939,occurs_check,validation_certification,semantic_validation,fail_as_expected,"This certification Logic Functional Language (DeepML) example teaches occurs check. It preserves the corpus-derived source → AST → typed/policy-verified semantic record → R12 → MCRT trace and uses deterministic IDs, hashes, provenance, and no-network safety. The example is intentionally invalid and must be rejected at semantic validation."
DMLL-TYPE_CHECK-09940,EX-DMLL-09940,ambiguous_instance,validation_certification,type_check,fail_as_expected,"This certification Logic Functional Language (DeepML) example teaches ambiguous instance. It preserves the corpus-derived source → AST → typed/policy-verified semantic record → R12 → MCRT trace and uses deterministic IDs, hashes, provenance, and no-network safety. The example is intentionally invalid and must be rejected at type check."
DMLL-SEMANTIC_VALIDATION-09942,EX-DMLL-09942,unsound_proof,validation_certification,semantic_validation,fail_as_expected,"This certification Logic Functional Language (DeepML) example teaches unsound proof. It preserves the corpus-derived source → AST → typed/policy-verified semantic record → R12 → MCRT trace and uses deterministic IDs, hashes, provenance, and no-network safety. The example is intentionally invalid and must be rejected at semantic validation."
DMLL-SEMANTIC_VALIDATION-09943,EX-DMLL-09943,contradictory_facts,validation_certification,semantic_validation,fail_as_expected,"This certification Logic Functional Language (DeepML) example teaches contradictory facts. It preserves the corpus-derived source → AST → typed/policy-verified semantic record → R12 → MCRT trace and uses deterministic IDs, hashes, provenance, and no-network safety. The example is intentionally invalid and must be rejected at semantic validation."
DMLL-TYPE_CHECK-09944,EX-DMLL-09944,incomplete_match,validation_certification,type_check,fail_as_expected,"This certification Logic Functional Language (DeepML) example teaches incomplete match. It preserves the corpus-derived source → AST → typed/policy-verified semantic record → R12 → MCRT trace and uses deterministic IDs, hashes, provenance, and no-network safety. The example is intentionally invalid and must be rejected at type check."
DMLL-SEMANTIC_VALIDATION-09945,EX-DMLL-09945,inference_divergence,validation_certification,semantic_validation,fail_as_expected,"This certification Logic Functional Language (DeepML) example teaches inference divergence. It preserves the corpus-derived source → AST → typed/policy-verified semantic record → R12 → MCRT trace and uses deterministic IDs, hashes, provenance, and no-network safety. The example is intentionally invalid and must be rejected at semantic validation."
DMLL-SEMANTIC_VALIDATION-09946,EX-DMLL-09946,nontermination,validation_certification,semantic_validation,fail_as_expected,"This certification Logic Functional Language (DeepML) example teaches nontermination. It preserves the corpus-derived source → AST → typed/policy-verified semantic record → R12 → MCRT trace and uses deterministic IDs, hashes, provenance, and no-network safety. The example is intentionally invalid and must be rejected at semantic validation."
DMLL-SEMANTIC_VALIDATION-09947,EX-DMLL-09947,occurs_check,validation_certification,semantic_validation,fail_as_expected,"This certification Logic Functional Language (DeepML) example teaches occurs check. It preserves the corpus-derived source → AST → typed/policy-verified semantic record → R12 → MCRT trace and uses deterministic IDs, hashes, provenance, and no-network safety. The example is intentionally invalid and must be rejected at semantic validation."
DMLL-TYPE_CHECK-09948,EX-DMLL-09948,ambiguous_instance,validation_certification,type_check,fail_as_expected,"This certification Logic Functional Language (DeepML) example teaches ambiguous instance. It preserves the corpus-derived source → AST → typed/policy-verified semantic record → R12 → MCRT trace and uses deterministic IDs, hashes, provenance, and no-network safety. The example is intentionally invalid and must be rejected at type check."
DMLL-SEMANTIC_VALIDATION-09950,EX-DMLL-09950,unsound_proof,validation_certification,semantic_validation,fail_as_expected,"This certification Logic Functional Language (DeepML) example teaches unsound proof. It preserves the corpus-derived source → AST → typed/policy-verified semantic record → R12 → MCRT trace and uses deterministic IDs, hashes, provenance, and no-network safety. The example is intentionally invalid and must be rejected at semantic validation."
DMLL-SEMANTIC_VALIDATION-09951,EX-DMLL-09951,contradictory_facts,validation_certification,semantic_validation,fail_as_expected,"This certification Logic Functional Language (DeepML) example teaches contradictory facts. It preserves the corpus-derived source → AST → typed/policy-verified semantic record → R12 → MCRT trace and uses deterministic IDs, hashes, provenance, and no-network safety. The example is intentionally invalid and must be rejected at semantic validation."
DMLL-TYPE_CHECK-09952,EX-DMLL-09952,incomplete_match,validation_certification,type_check,fail_as_expected,"This certification Logic Functional Language (DeepML) example teaches incomplete match. It preserves the corpus-derived source → AST → typed/policy-verified semantic record → R12 → MCRT trace and uses deterministic IDs, hashes, provenance, and no-network safety. The example is intentionally invalid and must be rejected at type check."
DMLL-SEMANTIC_VALIDATION-09953,EX-DMLL-09953,inference_divergence,validation_certification,semantic_validation,fail_as_expected,"This certification Logic Functional Language (DeepML) example teaches inference divergence. It preserves the corpus-derived source → AST → typed/policy-verified semantic record → R12 → MCRT trace and uses deterministic IDs, hashes, provenance, and no-network safety. The example is intentionally invalid and must be rejected at semantic validation."
DMLL-SEMANTIC_VALIDATION-09954,EX-DMLL-09954,nontermination,validation_certification,semantic_validation,fail_as_expected,"This certification Logic Functional Language (DeepML) example teaches nontermination. It preserves the corpus-derived source → AST → typed/policy-verified semantic record → R12 → MCRT trace and uses deterministic IDs, hashes, provenance, and no-network safety. The example is intentionally invalid and must be rejected at semantic validation."
DMLL-SEMANTIC_VALIDATION-09955,EX-DMLL-09955,occurs_check,validation_certification,semantic_validation,fail_as_expected,"This certification Logic Functional Language (DeepML) example teaches occurs check. It preserves the corpus-derived source → AST → typed/policy-verified semantic record → R12 → MCRT trace and uses deterministic IDs, hashes, provenance, and no-network safety. The example is intentionally invalid and must be rejected at semantic validation."
DMLL-TYPE_CHECK-09956,EX-DMLL-09956,ambiguous_instance,validation_certification,type_check,fail_as_expected,"This certification Logic Functional Language (DeepML) example teaches ambiguous instance. It preserves the corpus-derived source → AST → typed/policy-verified semantic record → R12 → MCRT trace and uses deterministic IDs, hashes, provenance, and no-network safety. The example is intentionally invalid and must be rejected at type check."
DMLL-SEMANTIC_VALIDATION-09958,EX-DMLL-09958,unsound_proof,validation_certification,semantic_validation,fail_as_expected,"This certification Logic Functional Language (DeepML) example teaches unsound proof. It preserves the corpus-derived source → AST → typed/policy-verified semantic record → R12 → MCRT trace and uses deterministic IDs, hashes, provenance, and no-network safety. The example is intentionally invalid and must be rejected at semantic validation."
DMLL-SEMANTIC_VALIDATION-09959,EX-DMLL-09959,contradictory_facts,validation_certification,semantic_validation,fail_as_expected,"This certification Logic Functional Language (DeepML) example teaches contradictory facts. It preserves the corpus-derived source → AST → typed/policy-verified semantic record → R12 → MCRT trace and uses deterministic IDs, hashes, provenance, and no-network safety. The example is intentionally invalid and must be rejected at semantic validation."
DMLL-TYPE_CHECK-09960,EX-DMLL-09960,incomplete_match,validation_certification,type_check,fail_as_expected,"This certification Logic Functional Language (DeepML) example teaches incomplete match. It preserves the corpus-derived source → AST → typed/policy-verified semantic record → R12 → MCRT trace and uses deterministic IDs, hashes, provenance, and no-network safety. The example is intentionally invalid and must be rejected at type check."
DMLL-SEMANTIC_VALIDATION-09961,EX-DMLL-09961,inference_divergence,validation_certification,semantic_validation,fail_as_expected,"This certification Logic Functional Language (DeepML) example teaches inference divergence. It preserves the corpus-derived source → AST → typed/policy-verified semantic record → R12 → MCRT trace and uses deterministic IDs, hashes, provenance, and no-network safety. The example is intentionally invalid and must be rejected at semantic validation."
DMLL-SEMANTIC_VALIDATION-09962,EX-DMLL-09962,nontermination,validation_certification,semantic_validation,fail_as_expected,"This certification Logic Functional Language (DeepML) example teaches nontermination. It preserves the corpus-derived source → AST → typed/policy-verified semantic record → R12 → MCRT trace and uses deterministic IDs, hashes, provenance, and no-network safety. The example is intentionally invalid and must be rejected at semantic validation."
DMLL-SEMANTIC_VALIDATION-09963,EX-DMLL-09963,occurs_check,validation_certification,semantic_validation,fail_as_expected,"This certification Logic Functional Language (DeepML) example teaches occurs check. It preserves the corpus-derived source → AST → typed/policy-verified semantic record → R12 → MCRT trace and uses deterministic IDs, hashes, provenance, and no-network safety. The example is intentionally invalid and must be rejected at semantic validation."
DMLL-TYPE_CHECK-09964,EX-DMLL-09964,ambiguous_instance,validation_certification,type_check,fail_as_expected,"This certification Logic Functional Language (DeepML) example teaches ambiguous instance. It preserves the corpus-derived source → AST → typed/policy-verified semantic record → R12 → MCRT trace and uses deterministic IDs, hashes, provenance, and no-network safety. The example is intentionally invalid and must be rejected at type check."
DMLL-SAFETY_GATE-09965,EX-DMLL-09965,impure_effect,validation_certification,safety_gate,fail_as_expected,"This certification Logic Functional Language (DeepML) example teaches impure effect. It preserves the corpus-derived source → AST → typed/policy-verified semantic record → R12 → MCRT trace and uses deterministic IDs, hashes, provenance, and no-network safety. The example is intentionally invalid and must be rejected at safety gate."
DMLL-SEMANTIC_VALIDATION-09966,EX-DMLL-09966,unsound_proof,validation_certification,semantic_validation,fail_as_expected,"This certification Logic Functional Language (DeepML) example teaches unsound proof. It preserves the corpus-derived source → AST → typed/policy-verified semantic record → R12 → MCRT trace and uses deterministic IDs, hashes, provenance, and no-network safety. The example is intentionally invalid and must be rejected at semantic validation."
DMLL-SEMANTIC_VALIDATION-09967,EX-DMLL-09967,contradictory_facts,validation_certification,semantic_validation,fail_as_expected,"This certification Logic Functional Language (DeepML) example teaches contradictory facts. It preserves the corpus-derived source → AST → typed/policy-verified semantic record → R12 → MCRT trace and uses deterministic IDs, hashes, provenance, and no-network safety. The example is intentionally invalid and must be rejected at semantic validation."
DMLL-TYPE_CHECK-09968,EX-DMLL-09968,incomplete_match,validation_certification,type_check,fail_as_expected,"This certification Logic Functional Language (DeepML) example teaches incomplete match. It preserves the corpus-derived source → AST → typed/policy-verified semantic record → R12 → MCRT trace and uses deterministic IDs, hashes, provenance, and no-network safety. The example is intentionally invalid and must be rejected at type check."
DMLL-SEMANTIC_VALIDATION-09969,EX-DMLL-09969,inference_divergence,validation_certification,semantic_validation,fail_as_expected,"This certification Logic Functional Language (DeepML) example teaches inference divergence. It preserves the corpus-derived source → AST → typed/policy-verified semantic record → R12 → MCRT trace and uses deterministic IDs, hashes, provenance, and no-network safety. The example is intentionally invalid and must be rejected at semantic validation."
DMLL-SEMANTIC_VALIDATION-09970,EX-DMLL-09970,nontermination,validation_certification,semantic_validation,fail_as_expected,"This certification Logic Functional Language (DeepML) example teaches nontermination. It preserves the corpus-derived source → AST → typed/policy-verified semantic record → R12 → MCRT trace and uses deterministic IDs, hashes, provenance, and no-network safety. The example is intentionally invalid and must be rejected at semantic validation."
DMLL-SEMANTIC_VALIDATION-09971,EX-DMLL-09971,occurs_check,validation_certification,semantic_validation,fail_as_expected,"This certification Logic Functional Language (DeepML) example teaches occurs check. It preserves the corpus-derived source → AST → typed/policy-verified semantic record → R12 → MCRT trace and uses deterministic IDs, hashes, provenance, and no-network safety. The example is intentionally invalid and must be rejected at semantic validation."
DMLL-TYPE_CHECK-09972,EX-DMLL-09972,ambiguous_instance,validation_certification,type_check,fail_as_expected,"This certification Logic Functional Language (DeepML) example teaches ambiguous instance. It preserves the corpus-derived source → AST → typed/policy-verified semantic record → R12 → MCRT trace and uses deterministic IDs, hashes, provenance, and no-network safety. The example is intentionally invalid and must be rejected at type check."
DMLL-SAFETY_GATE-09973,EX-DMLL-09973,impure_effect,validation_certification,safety_gate,fail_as_expected,"This certification Logic Functional Language (DeepML) example teaches impure effect. It preserves the corpus-derived source → AST → typed/policy-verified semantic record → R12 → MCRT trace and uses deterministic IDs, hashes, provenance, and no-network safety. The example is intentionally invalid and must be rejected at safety gate."
DMLL-SEMANTIC_VALIDATION-09974,EX-DMLL-09974,unsound_proof,validation_certification,semantic_validation,fail_as_expected,"This certification Logic Functional Language (DeepML) example teaches unsound proof. It preserves the corpus-derived source → AST → typed/policy-verified semantic record → R12 → MCRT trace and uses deterministic IDs, hashes, provenance, and no-network safety. The example is intentionally invalid and must be rejected at semantic validation."
DMLL-SEMANTIC_VALIDATION-09975,EX-DMLL-09975,contradictory_facts,validation_certification,semantic_validation,fail_as_expected,"This certification Logic Functional Language (DeepML) example teaches contradictory facts. It preserves the corpus-derived source → AST → typed/policy-verified semantic record → R12 → MCRT trace and uses deterministic IDs, hashes, provenance, and no-network safety. The example is intentionally invalid and must be rejected at semantic validation."
DMLL-TYPE_CHECK-09976,EX-DMLL-09976,incomplete_match,validation_certification,type_check,fail_as_expected,"This certification Logic Functional Language (DeepML) example teaches incomplete match. It preserves the corpus-derived source → AST → typed/policy-verified semantic record → R12 → MCRT trace and uses deterministic IDs, hashes, provenance, and no-network safety. The example is intentionally invalid and must be rejected at type check."
DMLL-SEMANTIC_VALIDATION-09977,EX-DMLL-09977,inference_divergence,validation_certification,semantic_validation,fail_as_expected,"This certification Logic Functional Language (DeepML) example teaches inference divergence. It preserves the corpus-derived source → AST → typed/policy-verified semantic record → R12 → MCRT trace and uses deterministic IDs, hashes, provenance, and no-network safety. The example is intentionally invalid and must be rejected at semantic validation."
DMLL-SEMANTIC_VALIDATION-09978,EX-DMLL-09978,nontermination,validation_certification,semantic_validation,fail_as_expected,"This certification Logic Functional Language (DeepML) example teaches nontermination. It preserves the corpus-derived source → AST → typed/policy-verified semantic record → R12 → MCRT trace and uses deterministic IDs, hashes, provenance, and no-network safety. The example is intentionally invalid and must be rejected at semantic validation."
DMLL-SEMANTIC_VALIDATION-09979,EX-DMLL-09979,occurs_check,validation_certification,semantic_validation,fail_as_expected,"This certification Logic Functional Language (DeepML) example teaches occurs check. It preserves the corpus-derived source → AST → typed/policy-verified semantic record → R12 → MCRT trace and uses deterministic IDs, hashes, provenance, and no-network safety. The example is intentionally invalid and must be rejected at semantic validation."
DMLL-TYPE_CHECK-09980,EX-DMLL-09980,ambiguous_instance,validation_certification,type_check,fail_as_expected,"This certification Logic Functional Language (DeepML) example teaches ambiguous instance. It preserves the corpus-derived source → AST → typed/policy-verified semantic record → R12 → MCRT trace and uses deterministic IDs, hashes, provenance, and no-network safety. The example is intentionally invalid and must be rejected at type check."
DMLL-SAFETY_GATE-09981,EX-DMLL-09981,impure_effect,validation_certification,safety_gate,fail_as_expected,"This certification Logic Functional Language (DeepML) example teaches impure effect. It preserves the corpus-derived source → AST → typed/policy-verified semantic record → R12 → MCRT trace and uses deterministic IDs, hashes, provenance, and no-network safety. The example is intentionally invalid and must be rejected at safety gate."
DMLL-SEMANTIC_VALIDATION-09982,EX-DMLL-09982,unsound_proof,validation_certification,semantic_validation,fail_as_expected,"This certification Logic Functional Language (DeepML) example teaches unsound proof. It preserves the corpus-derived source → AST → typed/policy-verified semantic record → R12 → MCRT trace and uses deterministic IDs, hashes, provenance, and no-network safety. The example is intentionally invalid and must be rejected at semantic validation."
DMLL-SEMANTIC_VALIDATION-09983,EX-DMLL-09983,contradictory_facts,validation_certification,semantic_validation,fail_as_expected,"This certification Logic Functional Language (DeepML) example teaches contradictory facts. It preserves the corpus-derived source → AST → typed/policy-verified semantic record → R12 → MCRT trace and uses deterministic IDs, hashes, provenance, and no-network safety. The example is intentionally invalid and must be rejected at semantic validation."
DMLL-TYPE_CHECK-09984,EX-DMLL-09984,incomplete_match,validation_certification,type_check,fail_as_expected,"This certification Logic Functional Language (DeepML) example teaches incomplete match. It preserves the corpus-derived source → AST → typed/policy-verified semantic record → R12 → MCRT trace and uses deterministic IDs, hashes, provenance, and no-network safety. The example is intentionally invalid and must be rejected at type check."
DMLL-SEMANTIC_VALIDATION-09985,EX-DMLL-09985,inference_divergence,validation_certification,semantic_validation,fail_as_expected,"This certification Logic Functional Language (DeepML) example teaches inference divergence. It preserves the corpus-derived source → AST → typed/policy-verified semantic record → R12 → MCRT trace and uses deterministic IDs, hashes, provenance, and no-network safety. The example is intentionally invalid and must be rejected at semantic validation."
DMLL-SEMANTIC_VALIDATION-09986,EX-DMLL-09986,nontermination,validation_certification,semantic_validation,fail_as_expected,"This certification Logic Functional Language (DeepML) example teaches nontermination. It preserves the corpus-derived source → AST → typed/policy-verified semantic record → R12 → MCRT trace and uses deterministic IDs, hashes, provenance, and no-network safety. The example is intentionally invalid and must be rejected at semantic validation."
DMLL-SEMANTIC_VALIDATION-09987,EX-DMLL-09987,occurs_check,validation_certification,semantic_validation,fail_as_expected,"This certification Logic Functional Language (DeepML) example teaches occurs check. It preserves the corpus-derived source → AST → typed/policy-verified semantic record → R12 → MCRT trace and uses deterministic IDs, hashes, provenance, and no-network safety. The example is intentionally invalid and must be rejected at semantic validation."
DMLL-TYPE_CHECK-09988,EX-DMLL-09988,ambiguous_instance,validation_certification,type_check,fail_as_expected,"This certification Logic Functional Language (DeepML) example teaches ambiguous instance. It preserves the corpus-derived source → AST → typed/policy-verified semantic record → R12 → MCRT trace and uses deterministic IDs, hashes, provenance, and no-network safety. The example is intentionally invalid and must be rejected at type check."
DMLL-SAFETY_GATE-09989,EX-DMLL-09989,impure_effect,validation_certification,safety_gate,fail_as_expected,"This certification Logic Functional Language (DeepML) example teaches impure effect. It preserves the corpus-derived source → AST → typed/policy-verified semantic record → R12 → MCRT trace and uses deterministic IDs, hashes, provenance, and no-network safety. The example is intentionally invalid and must be rejected at safety gate."
DMLL-SEMANTIC_VALIDATION-09990,EX-DMLL-09990,unsound_proof,validation_certification,semantic_validation,fail_as_expected,"This certification Logic Functional Language (DeepML) example teaches unsound proof. It preserves the corpus-derived source → AST → typed/policy-verified semantic record → R12 → MCRT trace and uses deterministic IDs, hashes, provenance, and no-network safety. The example is intentionally invalid and must be rejected at semantic validation."
DMLL-SEMANTIC_VALIDATION-09991,EX-DMLL-09991,contradictory_facts,validation_certification,semantic_validation,fail_as_expected,"This certification Logic Functional Language (DeepML) example teaches contradictory facts. It preserves the corpus-derived source → AST → typed/policy-verified semantic record → R12 → MCRT trace and uses deterministic IDs, hashes, provenance, and no-network safety. The example is intentionally invalid and must be rejected at semantic validation."
DMLL-TYPE_CHECK-09992,EX-DMLL-09992,incomplete_match,validation_certification,type_check,fail_as_expected,"This certification Logic Functional Language (DeepML) example teaches incomplete match. It preserves the corpus-derived source → AST → typed/policy-verified semantic record → R12 → MCRT trace and uses deterministic IDs, hashes, provenance, and no-network safety. The example is intentionally invalid and must be rejected at type check."
DMLL-SEMANTIC_VALIDATION-09993,EX-DMLL-09993,inference_divergence,validation_certification,semantic_validation,fail_as_expected,"This certification Logic Functional Language (DeepML) example teaches inference divergence. It preserves the corpus-derived source → AST → typed/policy-verified semantic record → R12 → MCRT trace and uses deterministic IDs, hashes, provenance, and no-network safety. The example is intentionally invalid and must be rejected at semantic validation."
DMLL-SEMANTIC_VALIDATION-09994,EX-DMLL-09994,nontermination,validation_certification,semantic_validation,fail_as_expected,"This certification Logic Functional Language (DeepML) example teaches nontermination. It preserves the corpus-derived source → AST → typed/policy-verified semantic record → R12 → MCRT trace and uses deterministic IDs, hashes, provenance, and no-network safety. The example is intentionally invalid and must be rejected at semantic validation."
DMLL-SEMANTIC_VALIDATION-09995,EX-DMLL-09995,occurs_check,validation_certification,semantic_validation,fail_as_expected,"This certification Logic Functional Language (DeepML) example teaches occurs check. It preserves the corpus-derived source → AST → typed/policy-verified semantic record → R12 → MCRT trace and uses deterministic IDs, hashes, provenance, and no-network safety. The example is intentionally invalid and must be rejected at semantic validation."
DMLL-TYPE_CHECK-09996,EX-DMLL-09996,ambiguous_instance,validation_certification,type_check,fail_as_expected,"This certification Logic Functional Language (DeepML) example teaches ambiguous instance. It preserves the corpus-derived source → AST → typed/policy-verified semantic record → R12 → MCRT trace and uses deterministic IDs, hashes, provenance, and no-network safety. The example is intentionally invalid and must be rejected at type check."
DMLL-SAFETY_GATE-09997,EX-DMLL-09997,impure_effect,validation_certification,safety_gate,fail_as_expected,"This certification Logic Functional Language (DeepML) example teaches impure effect. It preserves the corpus-derived source → AST → typed/policy-verified semantic record → R12 → MCRT trace and uses deterministic IDs, hashes, provenance, and no-network safety. The example is intentionally invalid and must be rejected at safety gate."
DMLL-SEMANTIC_VALIDATION-09998,EX-DMLL-09998,unsound_proof,validation_certification,semantic_validation,fail_as_expected,"This certification Logic Functional Language (DeepML) example teaches unsound proof. It preserves the corpus-derived source → AST → typed/policy-verified semantic record → R12 → MCRT trace and uses deterministic IDs, hashes, provenance, and no-network safety. The example is intentionally invalid and must be rejected at semantic validation."
DMLL-SEMANTIC_VALIDATION-09999,EX-DMLL-09999,contradictory_facts,validation_certification,semantic_validation,fail_as_expected,"This certification Logic Functional Language (DeepML) example teaches contradictory facts. It preserves the corpus-derived source → AST → typed/policy-verified semantic record → R12 → MCRT trace and uses deterministic IDs, hashes, provenance, and no-network safety. The example is intentionally invalid and must be rejected at semantic validation."
DMLL-TYPE_CHECK-10000,EX-DMLL-10000,incomplete_match,validation_certification,type_check,fail_as_expected,"This certification Logic Functional Language (DeepML) example teaches incomplete match. It preserves the corpus-derived source → AST → typed/policy-verified semantic record → R12 → MCRT trace and uses deterministic IDs, hashes, provenance, and no-network safety. The example is intentionally invalid and must be rejected at type check."
